order,index,height,fact,proposer,first_submitter,sent_ns,fast_ns,received_ns,commit_ns,wallet_durable_ns,members_durable_ns,send_offset_ms,fast_ms,wallet_to_gateway_ms,gateway_collect_ms,response_transfer_ms,wallet_receive_verify_save_ms,gateway_persist_ms,gateway_queue_ms,install_fanout_ms,response_to_committee_ms,fast_to_committee_ms,delivery_ms,admission_ms,accepted_to_prepare_enter_ms,prepare_ms,prepare_done_to_finalize_ms,prior_transactions_ms,final_check_ms,execute_ms,remaining_block_ms,finalize_to_commit_start_ms,commit_ms,send_to_commit_ms,next_header_wait_fetch_ms,block_results_fetch_ms,wallet_block_verify_ms,wallet_update_queue_ms,wallet_block_apply_ms,wallet_update_flush_ms,wallet_observe_lag_ms,member_observe_lag_ms,member_apply_from_commit_ms,block_observed_ms,members_observed_ms
1,0,6,f3540b2b4b701e9cef3f589831d6385112ef329394b40a68aff881d00e57d6fb,committee2,org0-member3,1789786997344318000,1789786997562297000,1789786998651205000,1789786999464144000,1789786999797174000,1789786999839129000,0.094,217.979167,2.253,165.001,2.411,48.314,57.536,1056.094,43.704,1139.633,1088.908,0.052,2.131,404.959,24.852,275.204,9.652,0.638,0.88,3.967,54.73,35.925,2119.826,296.245,13.343,0.247,0.017,1.492,21.652,15.256,12.629,374.985,2468.115792,2507.44375
2,2,4,6f43926a62e4c5bfddd3c43c71c5bfb045b6de9fb58759bf1dc9a4d6f4eb724c,committee0,gateway0,1789786997344320000,1789786997562337000,1789786997822566000,1789786998557321000,1789786998939207000,1789786998955133000,0.096,218.0175,10.322,154.905,4.586,48.204,59.555,170.072,82.829,313.019,260.229,0.036,1.754,360.03,11.273,294.53,4.141,0.625,0.734,22.472,15.103,24.093,1213.001,330.08,2.375,0.134,0.008,2.773,46.509,0.235,-2.174,397.812,1595.124166,1608.64075
3,6,5,b7a5bc135ef1026c0eeb576a7016671e13840960fecc1d89ea2803bd0ef4fbc3,committee3,gateway0,1789786997344325000,1789786997562293000,1789786998216403000,1789786999036145000,1789786999400151000,1789786999454168000,0.101,217.968,12.696,152.919,3.43,48.923,59.177,587.105,59.561,706.463,654.11,0.062,0.777,367.781,8.949,328.248,0.012,0.698,0.877,17.009,24.413,70.977,1691.82,308.43,15.437,0.128,0.009,2.144,37.85,-12.835,0.799,418.023,2042.994,2110.644666
4,5,7,347ab7d0d3a992c452800f75a57f71df8540d9de5898c0e1325327a99f486944,committee1,gateway0,1789786997344341000,1789786997562397000,1789786999224508000,1789786999854190000,1789787000205144000,1789787000239113000,0.117,218.056458,6.759,158.835,4.096,48.366,59.183,1635.008,19.941,1714.573,1662.111,0.071,0.732,270.065,25.088,251.007,18.728,0.661,0.73,4.255,38.338,20.077,2509.849,301.219,3.078,0.122,0.01,2.282,44.235,7.28,-5.35,384.923,2868.086875,2889.426041
5,8,7,3092bd78741e6d8011a69196c2d4fa5ccd6e645549ca0051691b92327148da93,committee1,gateway0,1789786997344352000,1789786997562307000,1789786999256408000,1789786999854190000,1789787000205144000,1789787000239113000,0.128,217.955791,4.918,160.695,3.477,48.865,59.154,1635.012,51.85,1746.443,1694.101,0.05,1.487,237.41,25.088,251.007,21.394,0.552,0.878,1.55,38.338,20.077,2509.838,301.219,3.078,0.122,0.01,2.282,44.235,7.191,-0.849,384.923,2867.987375,2893.91575
6,9,3,5fa80149982bdc99085e68e89a3111bce155024b517d686ab196435da1fb30ed,committee1,gateway0,1789786997344352000,1789786997562240000,1789786997601729000,1789786998150219000,1789786998486171000,1789786998574156000,0.128,217.88875,1.51,164.02,4.242,48.116,59.25,0.014,31.891,91.847,39.489,0.303,1.942,226.866,3.855,224.824,3.122,0.644,0.824,2.898,61.458,22.056,805.867,310.228,0.967,0.28,0.009,0.742,23.718,1.108,13.87,423.937,1142.928375,1243.6755
7,11,7,24fa31c0ff4cb7e5cec76959bbe4904a85fe7846526fac7bfba221bde9f421c7,committee1,gateway0,1789786997344352000,1789786997562319000,1789786999186359000,1789786999854190000,1789787000205144000,1789787000239113000,0.128,217.967542,1.554,143.614,24.431,48.368,57.585,1549.039,67.758,1696.839,1624.04,0.045,2.134,306.812,25.088,251.007,17.186,0.673,0.856,5.659,38.338,20.077,2509.838,301.219,3.078,0.122,0.01,2.282,44.235,7.202,-5.622,384.923,2867.99775,2889.142709
8,1,6,e2864c2b7545116efaa0caa5247ae42b0768bca2826618ab371da22ca50fa4c7,committee2,org0-member2,1789786997344357000,1789786997562124000,1789786998548784000,1789786999464144000,1789786999797174000,1789786999839129000,0.133,217.767,1.274,165.232,2.381,48.88,58.259,885.055,119.818,1037.921,986.66,0.067,17.218,492.293,24.852,275.204,0.018,1.355,0.856,12.908,54.73,35.925,2119.787,296.245,13.343,0.247,0.017,1.492,21.652,15.044,12.618,374.985,2467.864,2507.393209
9,12,5,b9b90a683a997eb6a949603f6cf3bd03e6ceb78e0504ece9bab72c4519287eed,committee3,org0-member0,1789786997344357000,1789786997562282000,1789786998216604000,1789786999036145000,1789786999400151000,1789786999454168000,0.133,217.925583,11.699,154.122,0.356,51.748,58.957,587.132,89.635,706.426,654.322,0.048,1.271,367.086,8.949,328.248,1.595,0.672,0.9,15.429,24.413,70.977,1691.788,308.43,15.437,0.128,0.009,2.144,37.85,-12.81,0.858,418.023,2042.986541,2110.671375
10,10,4,a9a0c803a2eab5c0e39e323c21a864bd91d46ca98892c0fa2bf6703e95ea7759,committee0,gateway0,1789786997344358000,1789786997562257000,1789786998011461000,1789786998557321000,1789786998939207000,1789786998955133000,0.134,217.898917,4.863,160.348,4.379,48.309,59.526,378.088,57.772,501.892,449.204,0.131,1.608,171.281,11.273,294.53,18.361,0.626,0.714,8.27,15.103,24.093,1212.963,330.08,2.375,0.134,0.008,2.773,46.509,0.624,-3.497,397.812,1595.475125,1607.279792
11,13,4,a157ea5161e9c875872441262061b6c90173d981619f728581fb84675dce7a3f,committee0,gateway0,1789786997344608000,1789786997562281000,1789786997999425000,1789786998557321000,1789786998939207000,1789786998955133000,0.384,217.674042,1.23,163.726,5.102,47.615,59.55,378.065,51.804,489.861,437.144,0.06,0.803,184.122,11.273,294.53,15.736,0.565,0.717,10.953,15.103,24.093,1212.713,330.08,2.375,0.134,0.008,2.773,46.509,-10.663,-4.698,397.812,1583.93825,1605.829292
12,14,5,dac2466099c733f8b155594736be6fbe86856899472243d73ce60e3d3292e7e7,committee3,gateway0,1789786997344642000,1789786997464135000,1789786998423356000,1789786999036145000,1789786999400151000,1789786999454168000,0.418,119.493917,1.233,78.762,0.093,39.405,46.527,888.136,63.604,998.719,959.221,0.054,2.846,158.759,8.949,328.248,16.85,0.754,0.89,0.101,24.413,70.977,1691.503,308.43,15.437,0.128,0.009,2.144,37.85,-10.838,-7.729,418.023,2044.673792,2101.79975
13,7,6,f863e813bbb2e729c3a51ca690f68bf1dec6a60228792b86b09f18b87f209ae9,committee2,gateway0,1789786997344654000,1789786997562387000,1789786998725560000,1789786999464144000,1789786999797174000,1789786999839129000,0.43,217.733541,11.211,153.896,4.26,48.366,59.36,1122.0,34.044,1215.799,1163.173,0.034,0.747,331.988,24.852,275.204,12.498,0.551,0.712,1.376,54.73,35.925,2119.49,296.245,13.343,0.247,0.017,1.492,21.652,15.304,3.907,374.985,2467.827041,2498.385625
14,15,2,442ab802a34355fd8bc69d911fd9f02e1326334216a306ab7ebd5f06f4015faa,committee2,gateway0,1789786997344744000,1789786997441110000,1789786997511869000,1789786997818122000,1789786998105272000,1789786998114216000,0.52,96.365208,0.871,78.976,0.077,16.442,16.49,11.422,58.917,87.278,70.759,0.056,0.966,10.889,0.825,244.627,0.013,0.758,0.921,0.022,32.276,14.955,473.378,227.057,0.371,0.116,0.006,0.172,59.421,-39.008,-7.348,296.094,721.520416,762.124333
15,4,4,a2712446485d290e3658ecd7b421e4688835c48e11d765597112b7c87e18c444,committee0,gateway0,1789786997344746000,1789786997562416000,1789786998011404000,1789786998557321000,1789786998939207000,1789786998955133000,0.522,217.670125,2.74,162.331,3.931,48.668,59.298,378.085,57.732,501.587,448.988,0.049,0.928,172.018,11.273,294.53,17.028,0.564,0.762,9.617,15.103,24.093,1212.575,330.08,2.375,0.134,0.008,2.773,46.509,0.283,-4.516,397.812,1594.746459,1605.87275
16,3,4,8579212c2a04e52e456ddbc956c37fdd063357d549fc9bec687f928023047954,committee0,gateway0,1789786997344751000,1789786997562358000,1789786997921343000,1789786998557321000,1789786998939207000,1789786998955133000,0.527,217.607625,1.045,165.866,2.331,48.365,57.471,295.996,55.587,409.681,358.985,0.036,0.805,262.202,11.273,294.53,9.673,0.652,0.899,16.747,15.103,24.093,1212.57,330.08,2.375,0.134,0.008,2.773,46.509,-0.397,-4.426,397.812,1594.060542,1605.957584
17,17,5,bcb3acd19220fd855028063ea9f9270b10df5841780d95e8beffc18b24354dee,committee3,gateway0,1789786997344768000,1789786997562261000,1789786998246393000,1789786999036145000,1789786999400151000,1789786999454168000,0.544,217.493375,1.561,163.499,4.854,47.579,59.259,587.139,89.675,736.565,684.132,0.073,7.872,330.696,8.949,328.248,4.745,0.659,0.84,12.352,24.413,70.977,1691.377,308.43,15.437,0.128,0.009,2.144,37.85,-12.85,-25.341,418.023,2042.535208,2084.061541
18,18,3,5fe0354205e4af43da1c12704a5ca503c5a3572f35e4ba05bc425acd4d5210ba,committee1,gateway0,1789786997344839000,1789786997513435000,1789786997691367000,1789786998150219000,1789786998486171000,1789786998574156000,0.615,168.595458,1.014,108.194,2.186,57.202,34.169,152.906,49.812,237.32,177.932,0.043,0.823,138.347,3.855,224.824,6.128,0.599,0.724,0.038,61.458,22.056,805.38,310.228,0.967,0.28,0.009,0.742,23.718,2.526,15.386,423.937,1143.858792,1244.704542
19,16,5,ce37f8c2b773b5ab4ec4dcbc3b2d0e80a8b6fdd6caf829a39ead8510c8f024f7,committee3,org0-member0,1789786997344844000,1789786997530384000,1789786998313845000,1789786999036145000,1789786999400151000,1789786999454168000,0.62,185.540542,2.177,163.28,0.098,19.985,58.82,716.028,41.81,803.544,783.461,0.045,1.546,269.57,8.949,328.248,7.764,0.661,0.879,9.291,24.413,70.977,1691.301,308.43,15.437,0.128,0.009,2.144,37.85,-19.612,0.844,418.023,2035.697833,2110.17075
20,19,7,009ecd975279fd5942bbb6ce41bb4a93dd7609de1d1ab5e6e712d7b1aa45a118,committee1,gateway0,1789786997344906000,1789786997562380000,1789786998916509000,1789786999854190000,1789787000205144000,1789787000239113000,0.682,217.473959,6.225,160.505,2.34,48.404,57.477,1283.735,63.088,1404.873,1354.129,0.087,2.197,576.599,25.088,251.007,3.82,0.635,0.8,19.119,38.338,20.077,2509.284,301.219,3.078,0.122,0.01,2.282,44.235,7.258,0.598,384.923,2867.4995,2894.808917
21,27,7,25d5ae93121aeb5f6997ef7ec0a94c4169404a05730e2886c1d8a985bcf42c15,committee1,gateway0,1789786997345491000,1789786997562320000,1789786999186358000,1789786999854190000,1789787000205144000,1789787000239113000,1.267,216.828917,0.394,143.663,24.475,48.297,57.536,1549.04,67.743,1696.81,1624.038,0.05,1.445,307.502,25.088,251.007,15.546,0.733,0.899,7.196,38.338,20.077,2508.699,301.219,3.078,0.122,0.01,2.282,44.235,7.186,-5.668,384.923,2866.842584,2887.957875
22,25,7,2170809859310748d60385306bb21629381a9e5d0da82118964291465b278403,committee1,gateway0,1789786997345493000,1789786997530312000,1789786999049668000,1789786999854190000,1789787000205144000,1789787000239113000,1.269,184.81925,1.06,141.84,0.526,41.393,22.082,1450.733,78.776,1561.275,1519.356,8.63,1.984,443.653,25.088,251.007,9.332,0.559,0.732,13.751,38.338,20.077,2508.697,301.219,3.078,0.122,0.01,2.282,44.235,0.261,-5.637,384.923,2859.916417,2887.987625
23,60,6,ea4c0b4c0cbf5d4536c3467448c78b6b7e620754b706cc208d1ac81e449c1678,committee2,org0-member2,1789786997345496000,1789786997530340000,1789786998548788000,1789786999464144000,1789786999797174000,1789786999839129000,1.272,184.844125,1.038,133.041,30.621,20.144,59.647,885.057,119.848,1069.213,1018.448,0.08,17.912,491.595,24.852,275.204,2.238,0.681,0.88,11.338,54.73,35.925,2118.648,296.245,13.343,0.247,0.017,1.492,21.652,9.204,12.696,374.985,2460.884834,2506.332542
24,23,6,ec1962de3710b47a953472bfdf1f20c20cab18a51f054ba8b494351d22fe5b40,committee2,org0-member2,1789786997345533000,1789786997562270000,1789786998548824000,1789786999464144000,1789786999797174000,1789786999839129000,1.309,216.737708,13.103,151.598,0.252,51.784,58.892,885.077,119.761,1038.59,986.554,0.052,19.243,490.228,24.852,275.204,5.53,0.688,0.74,8.178,54.73,35.925,2118.611,296.245,13.343,0.247,0.017,1.492,21.652,15.123,3.853,374.985,2466.767667,2497.452292
25,26,6,f1df926c8f2e7e33e26e33e94ed06f903b3969af2f33eef935ded994c2db139c,committee2,org0-member3,1789786997345535000,1789786997562331000,1789786998651243000,1789786999464144000,1789786999797174000,1789786999839129000,1.311,216.795833,0.386,164.546,2.981,48.883,58.662,1056.107,43.708,1140.776,1088.912,0.043,2.822,404.23,24.852,275.204,11.179,0.601,0.711,2.646,54.73,35.925,2118.609,296.245,13.343,0.247,0.017,1.492,21.652,15.291,12.76,374.985,2466.932375,2506.35725
26,22,3,531fd6aaaa9682404c73bd627064e646b8d65afd353aa9f4b5380269410d3e09,committee1,gateway0,1789786997345548000,1789786997562308000,1789786997601456000,1789786998150219000,1789786998486171000,1789786998574156000,1.324,216.76025,0.429,164.005,4.12,48.206,59.108,0.042,31.868,91.474,39.148,0.05,0.825,228.256,3.855,224.824,0.008,0.779,0.856,5.845,61.458,22.056,804.671,310.228,0.967,0.28,0.009,0.742,23.718,1.163,14.306,423.937,1141.7875,1242.915875
27,58,4,b3a16bb126251d71ba5d19ea2f5c1d27be460d2840b395c1bc171fb9dbd7bd22,committee0,gateway0,1789786997345598000,1789786997562301000,1789786998094577000,1789786998557321000,1789786998939207000,1789786998955133000,1.374,216.704083,0.873,163.446,4.736,47.648,59.185,457.032,67.903,584.66,532.276,0.037,0.807,88.966,11.273,294.53,21.242,0.697,0.889,5.143,15.103,24.093,1211.723,330.08,2.375,0.134,0.008,2.773,46.509,0.391,-0.698,397.812,1594.002625,1608.84
28,29,4,8af02f4ef24a45161a0eed68ff51846d44be78f5d61e8e580e8ba88951502b74,committee0,gateway0,1789786997345617000,1789786997562229000,1789786997921371000,1789786998557321000,1789786998939207000,1789786998955133000,1.393,216.612625,3.647,160.777,3.266,48.922,59.051,296.016,55.561,411.33,359.142,0.039,1.466,261.513,11.273,294.53,11.232,0.641,0.858,15.24,15.103,24.093,1211.704,330.08,2.375,0.134,0.008,2.773,46.509,-10.634,-4.976,397.812,1582.958584,1604.542417
29,31,4,6297b680a607c941ae95eb61836355aa4b38fd5a70797046f8fbb0aac29c14e1,committee0,gateway0,1789786997345623000,1789786997562273000,1789786997697350000,1789786998557321000,1789786998939207000,1789786998955133000,1.399,216.650417,6.724,157.997,4.36,47.569,58.766,72.031,55.772,187.006,135.077,0.056,1.467,485.533,11.273,294.53,1.464,0.59,0.768,25.15,15.103,24.093,1211.698,330.08,2.375,0.134,0.008,2.773,46.509,0.376,-4.702,397.812,1593.96225,1604.810334
30,21,7,190d2790450b761f4e720d8ff599eec865f3863053c2efbdffad08cea39c7b0f,committee1,gateway0,1789786997345626000,1789786997562252000,1789786999049626000,1789786999854190000,1789787000205144000,1789787000239113000,1.402,216.626375,0.909,164.495,2.953,48.269,58.07,1392.07,65.333,1538.596,1487.374,0.109,1.386,444.293,25.088,251.007,8.036,0.553,0.736,15.049,38.338,20.077,2508.564,301.219,3.078,0.122,0.01,2.282,44.235,7.15,-5.653,384.923,2866.671708,2887.837875
31,55,5,ccbc6237d0395588e7470a021c9996214b70c13bc2070f98e2f3f46d98ed4ff8,committee3,gateway0,1789786997345633000,1789786997530331000,1789786998331416000,1789786999036145000,1789786999400151000,1789786999454168000,1.409,184.698792,1.786,141.481,0.277,41.154,80.189,716.019,45.816,842.516,801.085,0.08,0.823,252.722,8.949,328.248,9.313,0.666,0.868,7.749,24.413,70.977,1690.512,308.43,15.437,0.128,0.009,2.144,37.85,-19.637,0.841,418.023,2034.8835,2109.3785
32,28,6,f620a6077f63ee7d65bbb8d24c064f830687bfc803e35361b755b4124e122302,committee2,org0-member3,1789786997345635000,1789786997530326000,1789786998651204000,1789786999464144000,1789786999797174000,1789786999839129000,1.411,184.690875,1.832,140.91,0.696,41.253,44.698,1092.05,43.686,1162.827,1120.878,0.064,1.456,405.635,24.852,275.204,8.263,0.563,0.819,5.492,54.73,35.925,2118.509,296.245,13.343,0.247,0.017,1.492,21.652,9.159,12.635,374.985,2460.700667,2506.132084
33,59,3,4de2d5d57cdf4f076b54904ec8a1d7d3d0e2ec225bbccd53540a10c4680b3b1f,committee1,gateway0,1789786997345635000,1789786997562349000,1789786997623303000,1789786998150219000,1789786998486171000,1789786998574156000,1.411,216.715042,7.305,158.584,2.597,48.228,57.591,0.034,53.722,111.779,60.954,0.042,0.809,206.425,3.855,224.824,4.598,0.643,0.879,1.368,61.458,22.056,804.584,310.228,0.967,0.28,0.009,0.742,23.718,1.189,14.175,423.937,1141.727125,1242.698
34,57,7,03474b18d04f331bb9fe9b1e7a99ca176ed0f9bf7ce9e96a13425fd35b8712fd,committee1,gateway0,1789786997345639000,1789786997562225000,1789786998916500000,1789786999854190000,1789787000205144000,1789787000239113000,1.415,216.585792,1.791,163.633,2.252,48.91,57.94,1283.738,63.138,1405.437,1354.275,0.078,0.813,577.992,25.088,251.007,0.013,1.403,0.915,22.043,38.338,20.077,2508.551,301.219,3.078,0.122,0.01,2.282,44.235,7.171,0.675,384.923,2866.679333,2894.153042
35,34,5,cd3f94429ccd34d32edcd0064829727d7f35628a40301d0d8af5f5f618f6d146,committee3,org0-member0,1789786997345644000,1789786997530343000,1789786998313810000,1789786999036145000,1789786999400151000,1789786999454168000,1.42,184.699458,1.784,141.166,0.269,41.48,44.465,751.999,37.862,825.216,783.467,0.05,0.852,270.299,8.949,328.248,6.251,0.652,0.854,10.839,24.413,70.977,1690.501,308.43,15.437,0.128,0.009,2.144,37.85,-19.654,0.916,418.023,2034.855458,2109.442542
36,32,3,50aa8ea62b6ddd8e685defc605c07f32ed9e0db4254ec760444139132038788c,committee1,gateway0,1789786997345645000,1789786997530372000,1789786997601722000,1789786998150219000,1789786998486171000,1789786998574156000,1.421,184.727,5.721,137.082,0.467,41.457,44.65,36.008,31.872,113.274,71.35,0.297,1.259,227.556,3.855,224.824,1.651,0.643,0.821,4.373,61.458,22.056,804.574,310.228,0.967,0.28,0.009,0.742,23.718,-5.311,7.277,423.937,1135.216208,1235.789375
37,20,7,0904c702e936c517a5a7f8817cb05d22b95eeaf4008165733bf08f8ab23575b4,committee1,gateway0,1789786997345661000,1789786997562246000,1789786998916507000,1789786999854190000,1789787000205144000,1789787000239113000,1.437,216.585042,2.499,162.671,2.497,48.918,57.907,1283.722,63.148,1405.676,1354.261,0.086,1.509,577.289,25.088,251.007,2.34,0.642,0.83,20.562,38.338,20.077,2508.529,301.219,3.078,0.122,0.01,2.282,44.235,7.169,-5.439,384.923,2866.656083,2888.01725
38,33,5,d5a90e459be40b9d41b61e09f1ee35329d612b8f72eef6db9ee81c9e39e0b5ad,committee3,gateway0,1789786997345663000,1789786997530380000,1789786998423345000,1789786999036145000,1789786999400151000,1789786999454168000,1.439,184.716875,10.6,153.267,0.094,20.756,59.57,790.207,63.485,913.815,892.965,0.049,1.493,160.123,8.949,328.248,13.848,0.661,0.839,3.248,24.413,70.977,1690.482,308.43,15.437,0.128,0.009,2.144,37.85,-19.687,0.835,418.023,2034.803708,2109.342125
39,35,7,2d549dea7fbfdb47a291d03ac1592e5191a31a1b7776cb15e3eaeabb657ca52e,committee1,gateway0,1789786997345667000,1789786997562420000,1789786999256428000,1789786999854190000,1789787000205144000,1789787000239113000,1.443,216.753167,10.169,154.095,3.781,48.708,59.19,1635.005,51.872,1746.497,1694.008,0.046,2.178,236.699,25.088,251.007,22.859,0.684,0.733,0.098,38.338,20.077,2508.523,301.219,3.078,0.122,0.01,2.282,44.235,7.285,0.594,384.923,2866.765875,2894.044042
40,36,6,fcb31255d5e41ea8ca9adcc629971b0a3b736547cf1759c76c4a0445ff4ac456,committee2,gateway0,1789786997345671000,1789786997562302000,1789786998741421000,1789786999464144000,1789786999797174000,1789786999839129000,1.447,216.630709,2.341,161.896,4.294,48.1,59.209,1122.001,49.83,1231.513,1179.119,0.088,0.849,316.025,24.852,275.204,13.767,0.552,0.75,0.068,54.73,35.925,2118.473,296.245,13.343,0.247,0.017,1.492,21.652,15.354,3.861,374.985,2466.859792,2497.321542
41,38,4,876440d34889bdf81d90e4a891f20dcc14a7a35be6d9b5e77bc78dd3a402a4d7,committee0,gateway0,1789786997345673000,1789786997530334000,1789786997921377000,1789786998557321000,1789786998939207000,1789786998955133000,1.449,184.661458,7.499,156.346,0.286,20.53,59.574,296.065,55.787,411.859,391.043,0.033,2.138,260.835,11.273,294.53,12.739,0.688,0.91,13.633,15.103,24.093,1211.648,330.08,2.375,0.134,0.008,2.773,46.509,0.512,-2.206,397.812,1594.048375,1607.256417
42,24,7,22bbe09d4e8bc04636696be1c82b3274c17eddbb238dbc64215f6ffe44d1d711,committee1,gateway0,1789786997345675000,1789786997530301000,1789786999171370000,1789786999854190000,1789787000205144000,1789787000239113000,1.451,184.626209,3.146,139.698,0.499,41.283,44.607,1585.043,52.764,1682.851,1641.069,0.054,0.791,323.144,25.088,251.007,12.311,0.809,0.879,10.375,38.338,20.077,2508.515,301.219,3.078,0.122,0.01,2.282,44.235,0.292,0.525,384.923,2859.764792,2893.967334
43,39,7,0db1e4adfd15b7ebadbe5e35b6471a0b5d565f94d5a106b821530b2a7f8bfd1c,committee1,gateway0,1789786997345677000,1789786997530318000,1789786999049397000,1789786999854190000,1789787000205144000,1789787000239113000,1.453,184.640708,9.092,134.287,0.111,41.151,80.036,1392.113,78.698,1560.341,1519.079,8.391,0.912,444.996,25.088,251.007,6.719,0.581,0.73,16.344,38.338,20.077,2508.513,301.219,3.078,0.122,0.01,2.282,44.235,0.268,-5.648,384.923,2859.739166,2887.792
44,40,4,aa7b5bb939f0399e1e0bf04a4dc96b82a6d3f2cd239ffa90586696a324153ad3,committee0,org0-member1,1789786997345680000,1789786997530307000,1789786998105589000,1789786998557321000,1789786998939207000,1789786998955133000,1.456,184.627875,8.55,134.721,0.147,41.209,80.148,457.05,87.822,616.638,575.282,0.07,0.883,77.878,11.273,294.53,24.444,0.668,0.978,1.881,15.103,24.093,1211.641,330.08,2.375,0.134,0.008,2.773,46.509,0.563,-2.263,397.812,1594.092708,1607.192833
45,50,4,b3c978b99bf41265b7decc33219b93cbeebf61314336d46e390b424ffedca625,committee0,gateway0,1789786997345684000,1789786997562235000,1789786998125615000,1789786998557321000,1789786998939207000,1789786998955133000,1.46,216.55175,11.889,152.029,5.066,47.567,59.517,457.056,87.826,616.013,563.38,0.178,0.819,57.916,11.273,294.53,26.13,0.849,0.862,0.13,15.103,24.093,1211.637,330.08,2.375,0.134,0.008,2.773,46.509,0.334,-3.564,397.812,1593.860083,1605.88775
46,37,5,bf4cef2b25c980efddcf8006a7a8e04afc5ddcc059d75a0aa0d6f8e37fce30e3,committee3,gateway0,1789786997345686000,1789786997464239000,1789786998246386000,1789786999036145000,1789786999400151000,1789786999454168000,1.462,118.5535,4.543,77.312,0.092,36.606,43.642,685.039,89.39,818.845,782.147,0.077,6.792,331.783,8.949,328.248,3.175,0.695,0.867,13.859,24.413,70.977,1690.459,308.43,15.437,0.128,0.009,2.144,37.85,-10.855,0.848,418.023,2043.613042,2109.332292
47,44,4,77e8b564355df139be5cf251b96626294a145765bd983e2877deb7ec7476d4fc,committee0,gateway0,1789786997345686000,1789786997562268000,1789786997822418000,1789786998557321000,1789786998939207000,1789786998955133000,1.462,216.582208,3.118,161.699,4.227,47.538,57.936,170.026,82.852,311.915,260.15,0.03,3.231,358.701,11.273,294.53,6.965,0.641,0.751,19.614,15.103,24.093,1211.635,330.08,2.375,0.134,0.008,2.773,46.509,0.312,-2.182,397.812,1593.834792,1607.266458
48,51,8,412fbd42cb0aa5cb77bf19fb85215d18471c8a44c9294b743d986d56746dba93,committee0,gateway0,1789786997345689000,1789786997562340000,1789786999358301000,1789787000268116000,1789787000610219000,1789787000620131000,1.465,216.652125,4.529,161.155,2.595,48.372,57.75,1724.022,56.816,1846.928,1795.961,7.942,15.947,505.086,12.709,310.12,0.016,0.67,0.806,29.24,16.375,18.845,2922.427,301.489,1.013,0.166,0.009,2.809,36.613,2.161,-7.17,352.015,3266.695542,3267.276334
49,46,4,84d7f20badc22d1131eb5b6165c40c46efea905972cfd7fda709f76afb7e0741,committee0,gateway0,1789786997345692000,1789786997562409000,1789786997921440000,1789786998557321000,1789786998939207000,1789786998955133000,1.468,216.717542,7.509,158.128,2.86,48.22,57.792,296.021,55.611,410.111,359.031,0.053,2.747,260.163,11.273,294.53,14.346,0.618,0.765,12.242,15.103,24.093,1211.629,330.08,2.375,0.134,0.008,2.773,46.509,0.326,-1.363,397.812,1593.843584,1608.080959
50,52,5,dafc0139f66c0d32d33b89801681a2753ef98aa3469c079bc78c4097fdace6f5,committee3,gateway0,1789786997345692000,1789786997562257000,1789786998423352000,1789786999036145000,1789786999400151000,1789786999454168000,1.468,216.565792,2.245,162.897,3.808,47.615,58.137,790.143,63.664,912.518,861.095,0.043,2.179,159.43,8.949,328.248,15.358,0.649,0.835,1.754,24.413,70.977,1690.453,308.43,15.437,0.128,0.009,2.144,37.85,-12.84,-25.374,418.023,2041.621458,2083.105125
51,42,4,67006ea6e8179873a8d08708632878a4b14eee2ff4239b361c2b89a376bc75e4,committee0,gateway0,1789786997345695000,1789786997530377000,1789786997697361000,1789786998557321000,1789786998939207000,1789786998955133000,1.471,184.68275,11.945,151.789,0.771,20.177,59.677,72.016,55.779,187.932,166.984,0.054,2.125,484.864,11.273,294.53,2.828,0.562,0.744,23.837,15.103,24.093,1211.626,330.08,2.375,0.134,0.008,2.773,46.509,-8.589,-3.585,397.812,1584.925166,1605.855208
52,48,4,6a9959b3e793f9d191e528a96078641ac3e290fdc5e1f583a576e06534f4b701,committee0,gateway0,1789786997345697000,1789786997562365000,1789786997697340000,1789786998557321000,1789786998939207000,1789786998955133000,1.473,216.667417,12.409,151.731,4.281,48.247,59.218,72.012,55.806,187.503,134.975,0.048,0.8,486.21,11.273,294.53,0.009,0.69,0.757,26.514,15.103,24.093,1211.624,330.08,2.375,0.134,0.008,2.773,46.509,-0.423,-1.433,397.812,1593.089209,1608.005084
53,49,7,2666a407711cf7579f79e0b93946a1b7cb5d2c1e61c9744321449b40efef68e0,committee1,gateway0,1789786997345701000,1789786997530339000,1789786999186358000,1789786999854190000,1789787000205144000,1789787000239113000,1.477,184.638209,10.163,153.64,0.512,20.323,59.593,1549.056,67.77,1676.854,1656.019,0.048,0.743,308.204,25.088,251.007,14.007,0.666,0.864,8.837,38.338,20.077,2508.489,301.219,3.078,0.122,0.01,2.282,44.235,0.273,0.638,384.923,2859.719792,2894.053542
54,47,7,1d34d3b70977bbbc1769b93eaa9e9d714e0dcc5c2a26cf28a63778992e573a40,committee1,gateway0,1789786997345703000,1789786997530298000,1789786999072557000,1789786999854190000,1789787000205144000,1789787000239113000,1.479,184.596,4.611,138.583,0.284,41.117,80.217,1392.118,110.443,1583.66,1542.259,0.089,0.814,421.934,25.088,251.007,10.63,0.64,1.016,12.088,38.338,20.077,2508.487,301.219,3.078,0.122,0.01,2.282,44.235,0.26,-5.627,384.923,2859.705125,2887.787291
55,45,6,f55218cd62340afed23e9f0ef34388b85a39f6dac7f5bd9381848dc57cdd613d,committee2,org0-member3,1789786997345706000,1789786997530348000,1789786998651147000,1789786999464144000,1789786999797174000,1789786999839129000,1.482,184.642458,10.471,133.008,0.134,41.029,79.938,1056.098,43.703,1161.962,1120.799,0.041,0.842,406.306,24.852,275.204,6.966,0.58,0.711,6.88,54.73,35.925,2118.438,296.245,13.343,0.247,0.017,1.492,21.652,9.135,12.634,374.985,2460.606542,2506.060208
56,62,4,b4b6258508a032eb0fc63c4d2c066c02d851e2058330b81838b4787c9c874410,committee0,org0-member2,1789786997345711000,1789786997562311000,1789786998094814000,1789786998557321000,1789786998939207000,1789786998955133000,1.487,216.600208,10.397,154.009,0.444,51.75,59.004,457.048,98.853,584.697,532.503,0.043,1.252,88.284,11.273,294.53,22.836,0.687,0.913,3.535,15.103,24.093,1211.61,330.08,2.375,0.134,0.008,2.773,46.509,-10.661,-2.72,397.812,1582.837166,1606.704291
57,54,4,71530724f72802109d1eccbcd0addcabffef4a9c9885b856db2ea7c6d5d4dbb5,committee0,gateway0,1789786997345713000,1789786997530304000,1789786997822814000,1789786998557321000,1789786998939207000,1789786998955133000,1.489,184.591584,3.172,161.4,0.151,19.868,58.837,170.031,82.857,312.529,292.51,0.233,3.495,358.041,11.273,294.53,8.366,0.59,0.709,18.306,15.103,24.093,1211.608,330.08,2.375,0.134,0.008,2.773,46.509,-8.596,-4.497,397.812,1584.90025,1604.925709
58,61,6,eea99fd1ce64977ba35ba77c35491cf9d833feeca96900bb23fe3479d1a6086a,committee2,org0-member2,1789786997345716000,1789786997513507000,1789786998548791000,1789786999464144000,1789786999797174000,1789786999839129000,1.492,167.79075,3.048,105.304,0.133,59.306,34.143,965.93,119.861,1094.723,1035.284,0.054,18.609,490.895,24.852,275.204,3.807,0.815,0.899,9.616,54.73,35.925,2118.428,296.245,13.343,0.247,0.017,1.492,21.652,16.494,3.939,374.985,2467.955292,2497.354625
59,63,7,024f4b90b8c38986900c3d9fbbd621c697a756cfd28bba3bf738cc2a472d4694,committee1,gateway0,1789786997345738000,1789786997562295000,1789786998916635000,1789786999854190000,1789787000205144000,1789787000239113000,1.514,216.557334,4.472,160.643,2.51,48.932,58.269,1283.73,63.15,1405.782,1354.34,0.068,2.833,575.837,25.088,251.007,5.263,0.628,0.821,17.662,38.338,20.077,2508.452,301.219,3.078,0.122,0.01,2.282,44.235,7.201,0.591,384.923,2866.610625,2893.969792
60,56,5,da750d32a3db400446235887e8082f47baa3c0b6abc0f92f4a28ceaeaac0311a,committee3,gateway0,1789786997345742000,1789786997562306000,1789786998423342000,1789786999036145000,1789786999400151000,1789786999454168000,1.518,216.563791,3.084,161.135,3.466,48.879,59.156,790.166,63.606,913.381,861.036,0.059,0.807,160.812,8.949,328.248,12.348,0.663,0.828,4.757,24.413,70.977,1690.403,308.43,15.437,0.128,0.009,2.144,37.85,-12.817,-7.7,418.023,2041.594208,2100.728416
61,53,5,c0b5fae5701f7ccc12dd738ecd0baa2b1ee3f159305280ad2620cd0a99427b07,committee3,gateway0,1789786997345767000,1789786997530338000,1789786998331427000,1789786999036145000,1789786999400151000,1789786999454168000,1.543,184.571583,10.609,132.795,0.06,41.107,79.956,716.018,45.785,842.256,801.089,0.084,1.488,252.046,8.949,328.248,10.86,0.659,0.822,6.255,24.413,70.977,1690.378,308.43,15.437,0.128,0.009,2.144,37.85,-19.606,-7.799,418.023,2034.780875,2100.605291
62,30,4,910cd972c4c06752890cea01ad5761485a77d46e9d62b755f3611673025a8388,committee0,gateway0,1789786997345778000,1789786997562311000,1789786998011462000,1789786998557321000,1789786998939207000,1789786998955133000,1.554,216.533791,7.4,157.297,2.872,48.964,58.655,378.059,57.78,500.987,449.151,0.107,2.272,170.616,11.273,294.53,19.708,0.643,0.879,6.741,15.103,24.093,1211.543,330.08,2.375,0.134,0.008,2.773,46.509,0.328,-1.626,397.812,1593.759416,1607.731416
63,43,4,7ac15fa2452851cc0ba3c2f65252716dca590a3aa747a654974d0e58a707402f,committee0,gateway0,1789786997346120000,1789786997562233000,1789786997822569000,1789786998557321000,1789786998939207000,1789786998955133000,1.896,216.113625,10.063,154.043,0.315,51.692,58.9,170.029,82.81,312.343,260.336,0.051,2.407,359.374,11.273,294.53,5.509,0.579,0.869,21.014,15.103,24.093,1211.201,330.08,2.375,0.134,0.008,2.773,46.509,0.251,-3.535,397.812,1593.340375,1605.479959
64,41,7,28c3c3f1996dcd5f5fbe9ab57e702dc5e6a0e0ee186f2246eaf03bbb9aca3b5e,committee1,gateway0,1789786997346195000,1789786997562312000,1789786999256408000,1789786999854190000,1789787000205144000,1789787000239113000,1.971,216.117666,2.61,161.691,2.919,48.897,58.273,1634.996,51.858,1745.912,1694.096,0.053,0.756,238.141,25.088,251.007,20.129,0.552,0.707,2.986,38.338,20.077,2507.995,301.219,3.078,0.122,0.01,2.282,44.235,7.202,-0.855,384.923,2866.155458,2892.067041
65,64,8,418b791782e304567c9bf2477d1412892b6350c4744987e698e012aacae33409,committee0,gateway0,1789786998106870000,1789786998173140000,1789786999373491000,1789787000268116000,1789787000610219000,1789787000620131000,762.646,66.269875,0.048,43.633,0.094,22.495,29.613,1112.965,79.879,1222.94,1200.351,0.1,1.415,504.428,12.709,310.12,1.5,0.565,0.74,27.928,16.375,18.845,2161.246,301.489,1.013,0.166,0.009,2.809,36.613,-11.921,3.777,352.015,2491.431375,2517.041292
66,65,8,a3aaf2010505f3324004497c892ebd22cb8dfce63e61856e3b75b48937ba85cc,committee0,gateway0,1789786998581435000,1789786998650189000,1789786999698576000,1789787000268116000,1789787000610219000,1789787000620131000,1237.211,68.753625,0.058,50.923,0.217,17.556,20.7,992.002,53.016,1066.16,1048.387,0.05,1.497,179.261,12.709,310.12,21.514,0.655,0.821,7.742,16.375,18.845,1686.681,301.489,1.013,0.166,0.009,2.809,36.613,-9.926,5.846,352.015,2018.861,2044.544291
67,66,8,d46f5004d19c46e1e0f4acd233c0e5a303f055fc4d37f5a550d3ca8f50f83982,committee0,gateway0,1789786998588027000,1789786998676148000,1789786999794468000,1789787000268116000,1789787000610219000,1789787000620131000,1243.803,88.1205,0.074,44.638,0.211,43.198,39.349,1058.986,52.034,1161.729,1118.32,0.132,4.099,80.767,12.709,310.12,27.592,0.634,0.846,1.66,16.375,18.845,1680.089,301.489,1.013,0.166,0.009,2.809,36.613,0.005,-8.908,352.015,2022.198917,2023.198167
68,67,8,7684aab657202934291d91d7eae4c51ca056be22487c68c462f0703c59aaab6b,committee0,gateway0,1789786998588333000,1789786998676127000,1789786999616386000,1789787000268116000,1789787000610219000,1789787000620131000,1244.109,87.794958,0.097,44.14,0.181,43.376,39.592,891.965,51.829,983.816,940.259,0.055,0.823,262.125,12.709,310.12,13.866,0.648,0.839,15.379,16.375,18.845,1679.783,301.489,1.013,0.166,0.009,2.809,36.613,0.025,-8.715,352.015,2021.913875,2023.086583
69,68,8,4efa6e5f4737115ee30f9f4385a128cdbaab59863f051ec089bdb551f974040b,committee0,gateway0,1789786998588464000,1789786998676124000,1789786999520423000,1789787000268116000,1789787000610219000,1789787000620131000,1244.24,87.659958,0.048,44.063,0.145,43.404,39.598,750.015,97.785,887.848,844.299,0.076,0.851,358.06,12.709,310.12,7.714,0.695,0.857,21.466,16.375,18.845,1679.652,301.489,1.013,0.166,0.009,2.809,36.613,-9.03,-8.934,352.015,2012.728041,2022.735833
70,69,9,e0702f89d4a5854dbedf278bb575149b9c75f80556fc3a5550450a67608eabac,committee3,gateway0,1789786998589548000,1789786998691104000,1789786999879414000,1789787000633147000,1789787000902123000,1789787000887138000,1245.324,101.556875,0.073,60.946,0.093,40.444,21.621,1155.983,50.788,1228.847,1188.31,0.074,13.352,408.436,7.052,257.878,0.008,0.713,0.839,13.595,35.889,15.969,2043.599,212.13,0.643,0.119,0.009,1.433,54.639,14.044,29.664,253.991,2326.622042,2327.256917
71,70,9,f9e76c118190985594aebedab9404098b8e5f07c5fc6104e309648f1fc491f4b,committee3,org0-member2,1789786998950159000,1789786999055362000,1789787000051686000,1789787000633147000,1789787000902123000,1789787000887138000,1605.935,105.203125,0.124,59.371,0.078,45.63,39.664,978.962,37.749,1042.032,996.324,0.039,0.853,248.663,7.052,257.878,7.572,0.702,0.839,6.043,35.889,15.969,1682.988,212.13,0.643,0.119,0.009,1.433,54.639,3.873,19.524,253.991,1955.83975,1956.505125
72,71,8,3bddabcbfc9875bde66f5bab454ce7a71dff00d38f3e4c791243f67f37129bd9,committee0,gateway0,1789786998950433000,1789786999023133000,1789786999373630000,1789787000268116000,1789787000610219000,1789787000620131000,1606.209,72.699542,0.149,53.279,0.083,19.189,19.255,270.011,79.91,369.769,350.497,0.095,1.967,503.737,12.709,310.12,2.812,0.622,0.789,26.509,16.375,18.845,1317.683,301.489,1.013,0.166,0.009,2.809,36.613,-11.864,3.714,352.015,1647.924,1673.413917
73,72,8,d0b82b057080681097512b4d88afd37d659b42c3439ed47a036b3a2f2a45b54b,committee0,gateway0,1789786998950436000,1789786999055318000,1789786999783695000,1789787000268116000,1789787000610219000,1789787000620131000,1606.212,104.8825,0.212,58.808,0.137,45.725,39.852,681.84,52.036,774.239,728.377,0.094,13.544,82.095,12.709,310.12,24.482,0.655,0.983,4.612,16.375,18.845,1317.68,301.489,1.013,0.166,0.009,2.809,36.613,-4.797,-8.84,352.015,1654.987875,1660.857458
74,73,8,e0f66416eb544e7f9c3c9ea8ca9409d667dde6984c22182a939354c62abc8dfa,committee0,gateway0,1789786998950619000,1789786999055426000,1789786999873519000,1789787000268116000,1789787000610219000,1789787000620131000,1606.395,104.80725,0.212,58.935,0.058,45.602,39.569,778.798,44.913,863.753,818.093,0.059,0.789,5.026,12.709,310.12,29.079,0.643,0.882,0.128,16.375,18.845,1317.497,301.489,1.013,0.166,0.009,2.809,36.613,-4.784,-8.772,352.015,1654.819125,1660.743
75,74,10,1ce400e1cd0230fc99fc098e5e2dc4e03398eeacc3c2b1e8a2f2be89cacf58c7,committee2,gateway0,1789786998950639000,1789786999055295000,1789787000291451000,1789787000933093000,1789787001094207000,1789787001116089000,1606.415,104.656375,0.16,58.849,0.095,45.552,39.671,1203.349,38.333,1281.803,1236.156,0.052,0.787,380.125,5.41,165.413,0.008,0.657,0.805,8.339,60.103,19.994,1982.454,137.007,0.518,0.112,0.006,1.015,22.454,11.357,-9.791,182.996,2154.928167,2155.662292
76,75,9,fdb803149fc8f5e76449b273b4dfde47e4346d94c774b0ae09703d918b4c209c,committee3,gateway0,1789786998950708000,1789786999115135000,1789787000076426000,1789787000633147000,1789787000902123000,1789787000887138000,1606.484,164.427291,0.143,98.672,6.0,59.612,68.564,910.131,47.691,1026.903,961.291,0.075,0.821,223.955,7.052,257.878,9.122,0.639,0.877,4.518,35.889,15.969,1682.439,212.13,0.643,0.119,0.009,1.433,54.639,13.092,28.84,253.991,1964.509583,1965.272625
77,76,9,ffb8ac4f298e6a83f1837a9dd4c509f0c2aa2e182a50300d6eb844e7152a478a,committee3,gateway0,1789786998951550000,1789786999115126000,1789787000143335000,1789787000633147000,1789787000902123000,1789787000887138000,1607.326,163.577041,0.872,96.992,0.135,65.577,68.712,994.014,30.715,1093.921,1028.209,0.038,0.814,157.053,7.052,257.878,13.653,0.643,0.789,0.071,35.889,15.969,1681.597,212.13,0.643,0.119,0.009,1.433,54.639,13.075,28.814,253.991,1963.651208,1964.404541
78,77,9,f6b86cbfe14e2a06f0b1465999062334717a97f2bd153390bac238fefab483c7,committee3,gateway0,1789786998951571000,1789786999115142000,1789787000076433000,1789787000633147000,1789787000902123000,1789787000887138000,1607.347,163.571209,0.853,97.059,5.779,59.88,68.674,910.141,47.699,1026.95,961.291,0.071,2.284,222.485,7.052,257.878,12.121,0.641,0.883,1.511,35.889,15.969,1681.576,212.13,0.643,0.119,0.009,1.433,54.639,13.072,28.808,253.991,1963.626792,1964.377459
79,78,8,348b36a127b3044d39c6aca6be13616f2d5c8e5747f5a3a8e8e1c209c75fa6a3,committee0,gateway0,1789786998951607000,1789786999115139000,1789786999373541000,1789787000268116000,1789787000610219000,1789787000620131000,1607.383,163.532375,0.41,97.435,0.124,65.563,68.696,174.987,79.842,324.089,258.402,0.061,2.755,503.038,12.709,310.12,4.231,0.579,1.254,24.669,16.375,18.845,1316.509,301.489,1.013,0.166,0.009,2.809,36.613,-16.739,-4.265,352.015,1641.874459,1664.261042
80,79,8,7163fe27942b890f74e46c195588dfbb02cdbbd6ef360c0b83f4ad599298111b,committee0,gateway0,1789786998951637000,1789786999081218000,1789786999610329000,1789787000268116000,1789787000610219000,1789787000620131000,1607.413,129.581417,0.37,88.459,0.252,40.5,77.684,445.969,45.765,569.863,529.111,0.05,0.796,268.209,12.709,310.12,12.342,0.665,0.853,16.872,16.375,18.845,1316.479,301.489,1.013,0.166,0.009,2.809,36.613,-3.886,-8.849,352.015,1654.697625,1659.646583
81,80,9,d9b5fa880507e2e5d14d1461f7fc8b17d1ab857f4128f9e7b945ed42fdb1d17e,committee3,gateway0,1789786998952414000,1789786999081195000,1789786999879532000,1789787000633147000,1789787000902123000,1789787000887138000,1608.19,128.781417,0.124,87.881,0.288,40.488,77.661,710.042,50.945,839.113,798.337,0.041,14.606,407.064,7.052,257.878,3.049,0.64,0.887,10.58,35.889,15.969,1680.733,212.13,0.643,0.119,0.009,1.433,54.639,4.112,19.944,253.991,1953.823917,1954.670458
82,81,8,49f44c315cd161d2aa805658a1ce65848078e38eac1de50770e12f1df043654f,committee0,gateway0,1789786998952872000,1789786999115151000,1789786999520525000,1789787000268116000,1789787000610219000,1789787000620131000,1608.648,162.279208,0.051,96.558,6.03,59.64,68.659,304.07,97.876,471.044,405.374,0.041,2.111,356.698,12.709,310.12,10.83,0.647,0.853,18.402,16.375,18.845,1315.244,301.489,1.013,0.166,0.009,2.809,36.613,5.077,-4.236,352.015,1662.425958,1663.025083
83,82,8,4e89319d7150722d3f301280a72568abd7add9ce2369040c64ae409788d8df5f,committee0,gateway0,1789786998952928000,1789786999081192000,1789786999520453000,1789787000268116000,1789787000610219000,1789787000620131000,1608.704,128.263834,0.061,87.505,0.166,40.532,77.61,304.081,97.779,479.959,439.261,0.049,1.514,357.367,12.709,310.12,9.282,0.659,0.879,19.911,16.375,18.845,1315.188,301.489,1.013,0.166,0.009,2.809,36.613,0.295,-8.771,352.015,1657.5875,1658.433375
84,83,8,54c6c7b74760d3214cae690d6c1379dde3a3c2fc8434d466dba36b807da0459e,committee0,gateway0,1789786998952952000,1789786999115128000,1789786999616386000,1789787000268116000,1789787000610219000,1789787000620131000,1608.728,162.176958,0.05,96.344,0.159,65.623,68.799,445.978,51.817,567.04,501.258,0.064,1.513,261.435,12.709,310.12,15.36,0.671,0.829,13.872,16.375,18.845,1315.164,301.489,1.013,0.166,0.009,2.809,36.613,5.068,-4.227,352.015,1662.337333,1662.954375
85,84,8,9cf4a8a7f1b1e3c9f3926ef657c07c0e5c2291e5ee13454132fe95f946377b1e,committee0,gateway0,1789786998952960000,1789786999055567000,1789786999698558000,1789787000268116000,1789787000610219000,1789787000620131000,1608.736,102.607958,0.042,59.388,0.16,43.017,36.941,595.8,52.973,686.168,642.991,0.063,0.844,179.932,12.709,310.12,19.978,0.673,0.856,9.225,16.375,18.845,1315.156,301.489,1.013,0.166,0.009,2.809,36.613,0.029,-8.943,352.015,1657.290208,1658.230417
86,85,8,b660d9f6a4b05eecce9d0df95cfbb74f1e22a9faf1b707d1b50d745538de6d0b,committee0,gateway0,1789786998953508000,1789786999055408000,1789786999695436000,1789787000268116000,1789787000610219000,1789787000620131000,1609.284,101.89975,0.113,58.887,0.061,42.839,36.787,595.832,49.883,682.928,640.028,0.038,0.75,183.148,12.709,310.12,18.441,0.672,0.857,10.762,16.375,18.845,1314.608,301.489,1.013,0.166,0.009,2.809,36.613,-4.784,-8.85,352.015,1651.928584,1657.775125
87,86,8,491673ecef5d2d9f54413bb7922b01afc2b642cafe65f2186f1e5d047322f8fd,committee0,gateway0,1789786998953706000,1789786999081199000,1789786999489639000,1789787000268116000,1789787000610219000,1789787000620131000,1609.482,127.493834,0.16,86.602,0.198,40.533,40.642,340.992,66.814,449.171,408.44,0.078,0.933,388.762,12.709,310.12,6.071,0.746,0.889,23.026,16.375,18.845,1314.41,301.489,1.013,0.166,0.009,2.809,36.613,-16.735,-9.07,352.015,1639.779917,1657.357375
88,87,9,eb5d9ae48b224005cd776e4f5c319ff6ec70b202eabfee7b859ad7e07ad3252b,committee3,gateway0,1789786998953774000,1789786999115132000,1789786999955409000,1789787000633147000,1789787000902123000,1789787000887138000,1609.55,161.358333,0.044,95.612,5.828,59.874,68.708,796.012,40.796,905.979,840.277,0.075,0.738,345.055,7.052,257.878,4.585,0.656,0.832,9.083,35.889,15.969,1679.373,212.13,0.643,0.119,0.009,1.433,54.639,13.1,28.8,253.991,1961.45175,1962.166875
89,88,8,9ad8fe39537abbd0379df1d74899f2db2057d5bec5159e53bfa77aae7427ef92,committee0,gateway0,1789786998954439000,1789786999055407000,1789786999616385000,1789787000268116000,1789787000610219000,1789787000620131000,1610.215,100.968416,6.767,51.273,0.061,42.867,36.849,514.804,51.835,603.906,560.978,0.04,2.213,260.736,12.709,310.12,16.867,0.667,0.899,12.299,16.375,18.845,1313.677,301.489,1.013,0.166,0.009,2.809,36.613,-4.797,-9.033,352.015,1650.985666,1656.660833
90,89,10,a316392d45017a6ec7a44b59d200efd25e66a244f18d84579006a425e35a1249,committee2,gateway0,1789786999428797000,1789786999548313000,1789787000458991000,1789787000933093000,1789787001094207000,1789787001116089000,2084.573,119.516583,0.077,66.746,0.092,52.601,68.449,857.033,37.066,963.371,910.678,0.086,1.266,212.106,5.41,165.413,8.272,0.658,0.82,0.059,60.103,19.994,1504.296,137.007,0.518,0.112,0.006,1.015,22.454,4.148,8.422,182.996,1669.560833,1695.716542
91,90,10,929c05642f783467f7a6ea04c6d150fd53bf048a1e48b7e9709fb5c38f39067c,committee2,gateway0,1789786999428830000,1789786999548255000,1789787000458707000,1789787000933093000,1789787001094207000,1789787001116089000,2084.606,119.425958,0.073,66.594,0.076,52.682,68.605,857.07,37.025,963.21,910.452,0.11,0.852,212.804,5.41,165.413,6.806,0.633,0.826,1.544,60.103,19.994,1504.263,137.007,0.518,0.112,0.006,1.015,22.454,4.199,8.646,182.996,1669.578458,1695.908167
92,91,10,8bc9207cb25fbcbf5e9eea155517663e4e134d32f25b0523a6992d2032757836,committee2,gateway0,1789786999446371000,1789786999548308000,1789787000406560000,1789787000933093000,1789787001094207000,1789787001116089000,2102.147,101.936625,0.067,49.069,0.083,52.718,68.597,779.736,54.068,911.053,858.252,0.164,0.895,264.908,5.41,165.413,4.158,0.562,0.744,4.345,60.103,19.994,1486.722,137.007,0.518,0.112,0.006,1.015,22.454,4.19,8.535,182.996,1652.02775,1678.254708
93,92,9,f4841f8cb21d54ad931bb939ec9b11a5c7d342ab822a7d1066b839b267966828,committee3,gateway0,1789786999446441000,1789786999548140000,1789787000003364000,1789787000633147000,1789787000902123000,1789787000887138000,2102.217,101.699583,0.063,49.011,0.118,52.507,68.575,409.998,28.813,507.849,455.224,0.058,0.82,297.018,7.052,257.878,6.081,0.659,0.825,7.591,35.889,15.969,1186.706,212.13,0.643,0.119,0.009,1.433,54.639,-3.638,12.076,253.991,1452.046375,1452.775083
94,93,8,d75a110652774ea20215429f14b3305afbfb1a229b1c7637fc82f2f2bdcead01,committee0,gateway0,1789786999446470000,1789786999526151000,1789786999794322000,1789787000268116000,1789787000610219000,1789787000620131000,2102.246,79.680917,0.057,49.004,0.096,30.524,68.571,167.046,52.068,298.791,268.171,0.086,3.554,81.458,12.709,310.12,26.128,0.639,0.818,3.147,16.375,18.845,821.646,301.489,1.013,0.166,0.009,2.809,36.613,-9.013,6.524,352.015,1154.737208,1180.186917
95,94,9,f9c93dff48173279dbd73a1c8715245dcbabe3004bd0cbcfbfb5617670dacb15,committee3,gateway0,1789786999454969000,1789786999548317000,1789787000076426000,1789787000633147000,1789787000902123000,1789787000887138000,2110.745,93.348417,0.05,62.514,0.115,30.669,46.569,464.171,47.675,558.893,528.109,0.073,1.549,223.227,7.052,257.878,10.651,0.64,0.823,3.042,35.889,15.969,1178.178,212.13,0.643,0.119,0.009,1.433,54.639,-3.798,12.027,253.991,1443.358625,1444.197958
96,95,10,158f1b70399b3066fd61cd0ce3af8293fba9efd17286d59329baa7c6f678964c,committee2,gateway0,1789786999455005000,1789786999548283000,1789787000305370000,1789787000933093000,1789787001094207000,1789787001116089000,2110.781,93.278459,0.043,62.375,0.117,30.743,46.694,688.586,52.235,787.947,757.087,0.046,0.76,366.233,5.41,165.413,1.48,0.574,0.747,7.008,60.103,19.994,1478.088,137.007,0.518,0.112,0.006,1.015,22.454,4.212,8.747,182.996,1643.41625,1669.833542
97,96,10,72b5e1820b3e76d8ec139dc838c9c74a1faab49d252917711a29666c6e7defcb,committee2,gateway0,1789786999455010000,1789786999548280000,1789787000392403000,1789787000933093000,1789787001094207000,1789787001116089000,2110.786,93.269792,0.036,62.41,0.094,30.73,46.647,779.761,48.074,874.947,844.123,0.064,0.815,279.145,5.41,165.413,2.808,0.61,0.733,5.658,60.103,19.994,1478.083,137.007,0.518,0.112,0.006,1.015,22.454,4.117,-10.052,182.996,1643.315709,1651.028459
98,97,10,769bb3f89d550309e15be68f6214a09052dec304e9d1d6832949aeb210e7f894,committee2,gateway0,1789786999455014000,1789786999548186000,1789787000406621000,1789787000933093000,1789787001094207000,1789787001116089000,2110.79,93.172583,0.069,62.435,0.102,30.566,46.59,779.745,54.098,889.103,858.435,0.314,1.505,264.237,5.41,165.413,5.47,0.583,0.747,3.009,60.103,19.994,1478.079,137.007,0.518,0.112,0.006,1.015,22.454,4.211,8.223,182.996,1643.40625,1669.301
99,98,9,dc5509211aff50d180b97298478031a892b3fff5196cfb98b346f1d4913e1815,committee3,gateway0,1789786999455017000,1789786999548299000,1789786999879504000,1789787000633147000,1789787000902123000,1789787000887138000,2110.793,93.282166,0.051,62.458,0.093,30.68,46.556,264.028,50.856,361.978,331.205,0.04,13.942,407.756,7.052,257.878,1.57,0.635,0.835,12.116,35.889,15.969,1178.13,212.13,0.643,0.119,0.009,1.433,54.639,-3.803,11.996,253.991,1443.304666,1444.118291
100,99,8,d1951d283b140c05a03a414c2ba28083ad2c297239ca14b81797ea9cf05a0d54,committee0,gateway0,1789786999455027000,1789786999548325000,1789786999777901000,1789787000268116000,1789787000610219000,1789787000620131000,2110.803,93.297667,0.047,62.365,0.085,30.801,46.662,167.053,46.05,260.462,229.576,0.095,18.597,82.836,12.709,310.12,22.999,0.645,0.827,6.26,16.375,18.845,813.089,301.489,1.013,0.166,0.009,2.809,36.613,-11.874,3.884,352.015,1143.319292,1168.989208
