order,index,fact,height,proposer,sent_ns,fast_ns,durable_ns,persist_callback_ns,submitted_ns,received_ns,commit_ns,wallet_durable_ns,members_durable_ns,members_observed_ns,send_offset_ms,certificate_ready_to_submit_ms,fast_ms,wallet_to_gateway_ms,gateway_collect_ms,response_transfer_ms,wallet_receive_verify_save_ms,response_to_persist_start_ms,gateway_persist_ms,persist_to_callback_ms,persist_callback_to_durable_ms,gateway_queue_legacy_ms,durable_to_scheduled_ms,durable_to_submit_ms,submit_roundtrip_ms,delivery_ms,admission_ms,accepted_to_prepare_enter_ms,prepare_ms,prepare_done_to_finalize_ms,prior_transactions_ms,final_check_ms,execute_ms,remaining_block_ms,finalize_to_commit_start_ms,commit_ms,send_to_submit_ms,send_to_commit_ms,fast_to_commit_ms,committee_received_to_commit_ms,next_header_wait_fetch_ms,block_results_fetch_ms,wallet_block_verify_ms,wallet_update_queue_ms,wallet_block_apply_ms,wallet_update_flush_ms,wallet_observe_lag_ms,member_apply_from_commit_ms,member_observe_lag_ms,commit_to_wallet_observed_ms,block_observed_ms,members_observed_ms
1,63,7a6655efc8f6b67ffae0795bc29e433ac1bbab5b0db49703f37fbb8f0253e203,3,committee1,1789831905009115000,1789831905168981000,1789831905208946000,1789831905131255000,1789831905096541000,1789831905096675000,1789831905833047000,1789831906198227000,1789831906240347000,1789831906287262000,0.107,1.314,159.866,2.177,83.935,5.795,67.959,0.13,113.625,35.898,77.691,-112.441,-112.726,-112.405,2.524,0.034,2.334,276.111,0.214,311.655,0.562,0.004,0.048,3.884,40.462,101.098,87.426,823.932,664.066,736.372,259.254,4.123,0.234,0.008,9.154,92.398,-0.021,407.3,46.915,365.159,1189.091,1278.147
2,0,fd292b5abe9a8f03a4afd44474e89246e384763989add3ac890b669b59c813b6,2,committee2,1789831905009119000,1789831905078886000,1789831905081116000,1789831905066080000,1789831905066249000,1789831905075096000,1789831905380927000,1789831905709964000,1789831905741957000,1789831905746504000,0.111,0.541,69.767,1.936,54.653,0.086,13.092,0.155,15.262,0.217,15.036,-14.878,-15.235,-14.867,9.978,0.078,1.071,11.049,0.016,233.749,0.009,0.02,0.122,0.019,45.759,14.016,57.13,371.808,302.041,305.831,304.236,0.57,0.1,0.006,0.176,23.943,-4.05,361.03,4.547,324.987,696.795,737.385
3,39,7133ced03deff61cd39e09aaf8fed7e1fc67f8232d22e7b835024be6544e71eb,3,committee1,1789831905009122000,1789831905189957000,1789831905253944000,1789831905209068000,1789831905141975000,1789831905142123000,1789831905833047000,1789831906198227000,1789831906240347000,1789831906270348000,0.114,13.372,180.835,3.751,115.73,0.142,61.212,0.369,124.992,80.096,44.876,-111.99,-112.311,-111.969,7.07,0.033,2.143,230.854,0.214,311.655,2.024,0.003,0.044,2.426,40.462,101.098,132.853,823.925,643.09,690.924,259.254,4.123,0.234,0.008,9.154,92.398,-0.092,407.3,30.001,365.088,1189.013,1261.226
4,28,6f65e40ffade0bfe2cc475d8a405ef769f679e41c0428a8ceb39051860dd6400,3,committee1,1789831905009194000,1789831905190017000,1789831905253944000,1789831905209540000,1789831905149892000,1789831905150156000,1789831905833047000,1789831906198227000,1789831906240347000,1789831906270452000,0.186,21.354,180.823,6.815,112.529,0.215,61.264,0.619,124.838,80.383,44.404,-104.104,-104.833,-104.052,2.787,0.099,2.482,222.482,0.214,311.655,2.336,0.004,0.046,2.111,40.462,101.098,140.698,823.853,643.03,682.891,259.254,4.123,0.234,0.008,9.154,92.398,-0.083,407.3,30.105,365.097,1188.95,1261.258
5,1,fd1d560aab8c394dcb466cff23cb9fecd65c1b9cc9259491e0e0c25d22513a1a,3,committee1,1789831905009226000,1789831905212000000,1789831905253944000,1789831905209331000,1789831905172317000,1789831905172517000,1789831905833047000,1789831906198227000,1789831906240347000,1789831906237999000,0.218,42.783,202.774,1.768,118.54,40.244,42.222,0.2,124.232,79.597,44.613,-81.652,-82.042,-81.627,2.255,0.079,2.016,200.587,0.214,311.655,3.855,0.004,0.108,0.53,40.462,101.098,163.091,823.821,621.047,660.53,259.254,4.123,0.234,0.008,9.154,92.398,-11.179,407.3,-2.348,354.001,1177.822,1228.773
6,49,578b8821a5d58ec13cd3ed0a7744d8ac5cdcc366999b1ce3f7e16cabff936a28,3,committee1,1789831905009239000,1789831905211956000,1789831905253944000,1789831905208989000,1789831905138623000,1789831905138774000,1789831905833047000,1789831906198227000,1789831906240347000,1789831906246332000,0.231,10.185,202.717,4.789,114.41,0.471,83.047,0.124,125.404,80.427,44.955,-115.344,-115.647,-115.321,2.333,0.036,2.148,234.198,0.214,311.655,1.764,0.003,0.046,2.684,40.462,101.098,129.384,823.808,621.091,694.273,259.254,4.123,0.234,0.008,9.154,92.398,-11.222,407.3,5.985,353.958,1177.766,1237.093
7,40,18d84d8df16bee7ebc341ec93820a1ab0b2f8b35b72db186c69e841546214b9a,3,committee1,1789831905009249000,1789831905108929000,1789831905208946000,1789831905131138000,1789831905093436000,1789831905093807000,1789831905833047000,1789831906198227000,1789831906240347000,1789831906234871000,0.241,0.767,99.68,2.593,80.827,0.127,16.133,0.127,116.194,38.342,77.808,-115.556,-116.063,-115.51,1.274,0.13,0.836,280.477,0.214,311.655,0.007,0.007,0.094,4.389,40.462,101.098,84.187,823.798,724.118,739.24,259.254,4.123,0.234,0.008,9.154,92.398,10.834,407.3,-5.476,376.014,1199.812,1225.622
8,58,36e52dd70e041ee6b75c83eba0eede622f010ba2f2f1dbfd2277ee234f839b84,3,committee1,1789831905009253000,1789831905211997000,1789831905253944000,1789831905209410000,1789831905165789000,1789831905165950000,1789831905833047000,1789831906198227000,1789831906240347000,1789831906270320000,0.245,35.959,202.744,3.577,117.0,39.934,42.233,0.131,124.026,79.449,44.534,-88.199,-88.492,-88.155,2.535,0.047,2.335,206.835,0.214,311.655,2.798,0.003,0.046,1.65,40.462,101.098,156.536,823.794,621.05,667.097,259.254,4.123,0.234,0.008,9.154,92.398,-11.166,407.3,29.973,354.014,1177.808,1261.067
9,17,ab8702d845ddf2435be7a4100fe6b95ba46084ae785588635a4f7b5239213ca4,3,committee1,1789831905009266000,1789831905190031000,1789831905253944000,1789831905209043000,1789831905152551000,1789831905152707000,1789831905833047000,1789831906198227000,1789831906240347000,1789831906287244000,0.258,31.745,180.765,13.095,98.445,0.225,69.0,7.725,125.446,80.512,44.901,-101.427,-101.718,-101.393,2.167,0.053,1.973,220.44,0.214,311.655,2.493,0.002,0.055,1.947,40.462,101.098,143.285,823.781,643.016,680.34,259.254,4.123,0.234,0.008,9.154,92.398,0.315,407.3,46.897,365.495,1189.276,1277.978
10,50,4dd8914f3a32a30f8d64f4618c82cff94980cb3e528e4c49be09b134e001ffbc,3,committee1,1789831905009295000,1789831905212002000,1789831905253944000,1789831905209368000,1789831905167990000,1789831905168155000,1789831905833047000,1789831906198227000,1789831906240347000,1789831906246192000,0.287,38.855,202.707,9.486,110.354,40.642,42.225,1.693,123.165,78.54,44.576,-86.003,-86.269,-85.954,2.534,0.051,2.336,204.629,0.214,311.655,2.966,0.003,0.052,1.477,40.462,101.098,158.695,823.752,621.045,664.892,259.254,4.123,0.234,0.008,9.154,92.398,-11.186,407.3,5.845,353.994,1177.746,1236.897
11,52,05da0fb48b8cb5755872b076ff90c2773ee74541f7e8dde3c4627df72a14d51b,3,committee1,1789831905009316000,1789831905168965000,1789831905127931000,1789831905092864000,1789831905093849000,1789831905094261000,1789831905833047000,1789831906198227000,1789831906240347000,1789831906270322000,0.308,1.308,159.649,1.709,81.516,0.413,76.011,0.132,37.627,0.191,35.067,-36.452,-35.053,-34.082,2.367,0.181,1.916,278.943,0.214,311.655,0.266,0.007,0.073,4.151,40.462,101.098,84.533,823.731,664.082,738.786,259.254,4.123,0.234,0.008,9.154,92.398,0.779,407.3,29.975,365.959,1189.69,1261.006
12,4,ea5095c05fab31bb1ec4f53e404b866379a16cf34c99584abebaeb712d0f262b,3,committee1,1789831905009322000,1789831905190030000,1789831905253944000,1789831905209355000,1789831905136604000,1789831905136768000,1789831905833047000,1789831906198227000,1789831906240347000,1789831906288230000,0.314,15.746,180.708,9.772,101.764,0.146,69.026,9.932,123.191,78.565,44.589,-117.378,-117.669,-117.34,2.351,0.043,2.154,236.198,0.214,311.655,1.604,0.003,0.052,2.838,40.462,101.098,127.282,823.725,643.017,696.279,259.254,4.123,0.234,0.008,9.154,92.398,0.31,407.3,47.883,365.49,1189.215,1278.908
13,18,97f95994e338177b69f6d1a9d7c4bf6aae0179de6cccbdf5fd12fff08af594dd,3,committee1,1789831905009323000,1789831905189989000,1789831905253944000,1789831905209620000,1789831905154387000,1789831905154544000,1789831905833047000,1789831906198227000,1789831906240347000,1789831906270347000,0.315,23.149,180.666,5.191,116.724,18.045,40.706,0.173,122.587,78.209,44.324,-99.612,-99.885,-99.557,12.584,0.041,12.345,208.231,0.214,311.655,2.682,0.003,0.055,1.758,40.462,101.098,145.064,823.724,643.058,678.503,259.254,4.123,0.234,0.008,9.154,92.398,0.371,407.3,30.0,365.551,1189.275,1261.024
14,35,e8f2db3d5c92c9d18fa1c14e962fce4d627163e56b1173eedaeb193f3a925bad,3,committee1,1789831905009345000,1789831905189971000,1789831905253944000,1789831905209054000,1789831905167311000,1789831905167479000,1789831905833047000,1789831906198227000,1789831906240347000,1789831906288236000,0.337,38.529,180.626,2.093,117.344,0.157,61.032,0.12,125.075,80.152,44.89,-86.667,-86.97,-86.633,2.555,0.045,2.289,205.352,0.214,311.655,2.91,0.003,0.049,1.535,40.462,101.098,157.966,823.702,643.076,665.568,259.254,4.123,0.234,0.008,9.154,92.398,0.278,407.3,47.889,365.458,1189.16,1278.891
15,46,ead578dd32f2f9f54bd611121c11cbece736da72f142b1e363d5d07a91a8f9dc,3,committee1,1789831905009361000,1789831905211972000,1789831905253944000,1789831905209419000,1789831905140630000,1789831905140783000,1789831905833047000,1789831906198227000,1789831906240347000,1789831906287707000,0.353,10.997,202.611,1.105,119.167,39.834,42.505,0.23,124.129,79.556,44.525,-113.362,-113.64,-113.314,2.351,0.037,2.165,232.172,0.214,311.655,1.923,0.003,0.043,2.528,40.462,101.098,131.269,823.686,621.075,692.264,259.254,4.123,0.234,0.008,9.154,92.398,-0.095,407.3,47.36,365.085,1188.771,1278.346
16,5,7b1239af23a88f270e71560b2c604c9cfe5ce3dcab8765b6e31091fa40702dc0,3,committee1,1789831905009378000,1789831905168967000,1789831905208946000,1789831905131370000,1789831905120560000,1789831905130017000,1789831905833047000,1789831906198227000,1789831906240347000,1789831906287239000,0.37,24.866,159.589,3.64,82.676,5.454,67.819,0.153,113.167,35.523,77.576,-88.455,-106.473,-88.386,10.496,0.425,0.985,244.118,0.214,311.655,1.041,0.002,0.043,3.411,40.462,101.098,111.182,823.669,664.08,703.03,259.254,4.123,0.234,0.008,9.154,92.398,0.253,407.3,46.892,365.433,1189.102,1277.861
17,42,fb3e55baa4bc5e7bc52bb166c12a26707a903de23c890b93a13631ad6259da17,3,committee1,1789831905009381000,1789831905211948000,1789831905253944000,1789831905209319000,1789831905153701000,1789831905153880000,1789831905833047000,1789831906198227000,1789831906240347000,1789831906238508000,0.373,32.724,202.567,5.241,106.355,48.835,42.136,8.641,124.339,79.701,44.625,-100.257,-100.576,-100.243,12.544,0.052,12.328,208.912,0.214,311.655,2.625,0.003,0.049,1.82,40.462,101.098,144.32,823.666,621.099,679.167,259.254,4.123,0.234,0.008,9.154,92.398,-11.179,407.3,-1.839,354.001,1177.667,1229.127
18,41,6187f5f6936efdbf1d7852c20a4b6c2391271ba26fa307517b2169bc6726ae7a,3,committee1,1789831905009383000,1789831905190038000,1789831905253944000,1789831905209350000,1789831905152987000,1789831905153139000,1789831905833047000,1789831906198227000,1789831906240347000,1789831906270333000,0.375,24.451,180.655,3.069,116.084,0.372,61.13,0.522,124.919,80.292,44.594,-100.991,-101.257,-100.957,12.458,0.047,12.255,209.726,0.214,311.655,2.568,0.003,0.051,1.876,40.462,101.098,143.604,823.664,643.009,679.908,259.254,4.123,0.234,0.008,9.154,92.398,-0.036,407.3,29.986,365.144,1188.808,1260.95
19,33,89878118b6c8bc6bc88c561d701e752ec5c3f112c7065fbfa03e893ac2e3a4aa,3,committee1,1789831905009384000,1789831905211994000,1789831905253944000,1789831905209450000,1789831905139299000,1789831905139447000,1789831905833047000,1789831906198227000,1789831906240347000,1789831906252194000,0.376,8.372,202.61,4.991,116.552,18.427,62.64,0.131,122.934,78.392,44.494,-114.694,-114.987,-114.645,2.331,0.031,2.149,233.524,0.214,311.655,1.817,0.003,0.048,2.629,40.462,101.098,129.915,823.663,621.053,693.6,259.254,4.123,0.234,0.008,9.154,92.398,-0.021,407.3,11.847,365.159,1188.822,1242.81
20,47,42351fcae766e964d1e972413dfcaf26ff1ae9f93e957963da864d69e81c4ea0,3,committee1,1789831905009387000,1789831905190036000,1789831905253944000,1789831905209653000,1789831905143308000,1789831905143461000,1789831905833047000,1789831906198227000,1789831906240347000,1789831906270345000,0.379,13.231,180.649,1.0,119.69,19.257,40.702,1.38,122.539,78.196,44.291,-110.689,-110.96,-110.636,5.732,0.036,2.139,229.52,0.214,311.655,2.126,0.002,0.042,2.327,40.462,101.098,133.921,823.66,643.011,689.586,259.254,4.123,0.234,0.008,9.154,92.398,0.245,407.3,29.998,365.425,1189.085,1260.958
21,9,132e13216b90196bbae2464bb858b9d5a1819d4ac9cfe4e113f2619aea5cd7b6,3,committee1,1789831905009391000,1789831905212012000,1789831905253944000,1789831905209496000,1789831905149787000,1789831905150112000,1789831905833047000,1789831906198227000,1789831906240347000,1789831906238639000,0.383,20.599,202.621,6.203,113.594,40.555,42.269,1.889,122.907,78.419,44.448,-104.201,-104.794,-104.157,2.418,0.131,1.84,223.168,0.214,311.655,2.274,0.003,0.055,2.165,40.462,101.098,140.396,823.656,621.035,682.935,259.254,4.123,0.234,0.008,9.154,92.398,-11.196,407.3,-1.708,353.984,1177.64,1229.248
22,11,2b1e46387d76e4cc5e136d930a66138c876cef0f32466e553c21bf787047878e,3,committee1,1789831905009405000,1789831905168978000,1789831905208946000,1789831905131263000,1789831905100043000,1789831905100203000,1789831905833047000,1789831906198227000,1789831906240347000,1789831906287236000,0.397,4.768,159.573,1.42,84.45,5.939,67.764,0.13,113.587,35.858,77.683,-108.949,-109.219,-108.903,2.415,0.04,2.208,272.709,0.214,311.655,0.835,0.003,0.044,3.615,40.462,101.098,90.638,823.642,664.069,732.844,259.254,4.123,0.234,0.008,9.154,92.398,-0.139,407.3,46.889,365.041,1188.683,1277.831
23,59,690cb37dca1bc909edb7aa0a598c615c5c9fd6a52711cd3bf9b5fbeada639446,3,committee1,1789831905009434000,1789831905189982000,1789831905253944000,1789831905209077000,1789831905133875000,1789831905134032000,1789831905833047000,1789831906198227000,1789831906240347000,1789831906252416000,0.426,12.965,180.548,4.447,107.029,7.858,61.214,7.66,125.402,80.507,44.867,-120.098,-120.402,-120.069,2.384,0.037,2.192,238.896,0.214,311.655,1.393,0.003,0.042,3.059,40.462,101.098,124.441,823.613,643.065,699.015,259.254,4.123,0.234,0.008,9.154,92.398,-0.134,407.3,12.069,365.046,1188.659,1242.982
24,14,98b1f534b4dd16916fc45a78d077408b0fd73bc8c2bee6ab474d1ac02c988a6b,3,committee1,1789831905009745000,1789831905189962000,1789831905253944000,1789831905208993000,1789831905132019000,1789831905132396000,1789831905833047000,1789831906198227000,1789831906240347000,1789831906270349000,0.737,11.441,180.217,1.075,109.758,0.115,69.269,0.209,133.177,88.206,44.951,-121.948,-133.098,-121.925,1.504,0.084,1.083,241.641,0.214,311.655,1.19,0.003,0.043,3.261,40.462,101.098,122.274,823.302,643.085,700.651,259.254,4.123,0.234,0.008,9.154,92.398,0.264,407.3,30.002,365.444,1188.746,1260.604
25,8,8ceae6ab9c916644dffd6c0d620356b2ed95068fb24bbcb879214210e5c05e96,3,committee1,1789831905009749000,1789831905168963000,1789831905208946000,1789831905131223000,1789831905096141000,1789831905096302000,1789831905833047000,1789831906198227000,1789831906240347000,1789831906287259000,0.741,3.18,159.214,1.784,81.428,0.148,75.854,0.144,115.872,38.118,77.723,-112.837,-113.218,-112.805,2.234,0.043,2.029,276.789,0.214,311.655,0.502,0.003,0.051,3.941,40.462,101.098,86.392,823.298,664.084,736.745,259.254,4.123,0.234,0.008,9.154,92.398,-0.119,407.3,46.912,365.061,1188.359,1277.51
26,53,12d9392df12d6532f4e368e0a3162658aa03a4bff3799abd7fe00d7c3bd700a5,3,committee1,1789831905009753000,1789831905211974000,1789831905253944000,1789831905209344000,1789831905171546000,1789831905171697000,1789831905833047000,1789831906198227000,1789831906240347000,1789831906270318000,0.745,41.944,202.221,4.2,115.649,39.994,42.378,0.275,124.096,79.467,44.6,-82.428,-82.733,-82.398,2.345,0.035,2.161,201.262,0.214,311.655,3.777,0.004,0.068,0.649,40.462,101.098,161.793,823.294,621.073,661.35,259.254,4.123,0.234,0.008,9.154,92.398,-0.265,407.3,29.971,364.915,1188.209,1260.565
27,23,06e0167968fb2976a4b14b8de852b8cb86325d2fc9427312dbd57a52bac242e8,3,committee1,1789831905009757000,1789831905211977000,1789831905253944000,1789831905209519000,1789831905135921000,1789831905136079000,1789831905833047000,1789831906198227000,1789831906240347000,1789831906238424000,0.749,6.78,202.22,1.109,118.275,40.375,42.461,1.86,122.987,78.518,44.425,-118.068,-118.358,-118.023,2.363,0.04,2.169,236.872,0.214,311.655,1.553,0.003,0.044,2.897,40.462,101.098,126.164,823.29,621.07,696.968,259.254,4.123,0.234,0.008,9.154,92.398,-0.222,407.3,-1.923,364.958,1188.248,1228.667
28,48,aeb4ddb3fff9ac3483975e249f582afdad07ada26919d4de46295909258a4c6d,3,committee1,1789831905009794000,1789831905190011000,1789831905253944000,1789831905209385000,1789831905155103000,1789831905155283000,1789831905833047000,1789831906198227000,1789831906240347000,1789831906270328000,0.786,34.526,180.217,0.983,109.8,0.329,69.105,9.137,124.277,79.671,44.559,-98.889,-99.205,-98.841,12.552,0.058,12.331,207.506,0.214,311.655,2.744,0.003,0.047,1.704,40.462,101.098,145.309,823.253,643.036,677.764,259.254,4.123,0.234,0.008,9.154,92.398,0.272,407.3,29.981,365.452,1188.705,1260.534
29,22,cbf709c786a467b9a71b5d34e740928664132d6d49186ea748a97d85ba97ae8d,3,committee1,1789831905009799000,1789831905211982000,1789831905253944000,1789831905209638000,1789831905166593000,1789831905166756000,1789831905833047000,1789831906198227000,1789831906240347000,1789831906287237000,0.791,35.257,202.183,1.237,120.3,18.152,62.494,0.182,122.478,78.12,44.306,-87.404,-87.679,-87.351,2.433,0.047,2.207,206.157,0.214,311.655,2.852,0.004,0.049,1.593,40.462,101.098,156.794,823.248,621.065,666.291,259.254,4.123,0.234,0.008,9.154,92.398,-11.155,407.3,46.89,354.025,1177.273,1277.438
30,21,25eeb127ea21aa73e85d77572d75d2b42fdfe79397d306d6dcaff3381fcc5766,3,committee1,1789831905009817000,1789831905189989000,1789831905253944000,1789831905209396000,1789831905133193000,1789831905133345000,1789831905833047000,1789831906198227000,1789831906240347000,1789831906288060000,0.809,12.554,180.172,1.257,109.565,0.125,69.225,8.483,124.862,80.274,44.548,-120.793,-121.116,-120.751,2.39,0.039,2.205,239.57,0.214,311.655,1.343,0.003,0.043,3.108,40.462,101.098,123.376,823.23,643.058,699.702,259.254,4.123,0.234,0.008,9.154,92.398,-0.067,407.3,47.713,365.113,1188.343,1278.243
31,32,d88acb2587c3fe6c1e507ac125898c709c5e3ecce0054486a47118ad592ffa7e,3,committee1,1789831905009862000,1789831905168964000,1789831905208946000,1789831905127955000,1789831905093929000,1789831905094309000,1789831905833047000,1789831906198227000,1789831906240347000,1789831906288038000,0.854,1.35,159.102,2.035,80.682,0.343,76.042,0.15,116.26,35.226,80.991,-115.061,-116.066,-115.017,2.985,0.26,2.567,278.244,0.214,311.655,0.351,0.004,0.057,4.085,40.462,101.098,84.067,823.185,664.083,738.738,259.254,4.123,0.234,0.008,9.154,92.398,-0.137,407.3,47.691,365.043,1188.228,1278.176
32,25,811e83260a6db2383ab4db5106c0d27c27478fee45ba8d5a649f56074e953508,3,committee1,1789831905009878000,1789831905211994000,1789831905253944000,1789831905209630000,1789831905175571000,1789831905175746000,1789831905833047000,1789831906198227000,1789831906240347000,1789831906246354000,0.87,44.409,202.116,3.081,118.203,18.184,62.648,0.361,122.477,78.107,44.314,-78.429,-78.689,-78.373,2.307,0.059,2.098,197.276,0.214,311.655,4.265,0.004,0.053,0.175,40.462,101.098,165.693,823.169,621.053,657.301,259.254,4.123,0.234,0.008,9.154,92.398,0.862,407.3,6.007,366.042,1189.211,1236.476
33,12,103714d39c0cd0001cd3de57b1b92542e483e8e930288f8ce06e8fbe052f403f,3,committee1,1789831905009880000,1789831905168992000,1789831905208946000,1789831905131352000,1789831905100720000,1789831905100900000,1789831905833047000,1789831906198227000,1789831906240347000,1789831906287337000,0.872,5.187,159.112,9.362,76.291,5.75,67.709,0.15,113.317,35.669,77.594,-108.281,-108.557,-108.226,19.297,0.058,2.195,272.025,0.214,311.655,0.886,0.002,0.044,3.565,40.462,101.098,90.84,823.167,664.055,732.147,259.254,4.123,0.234,0.008,9.154,92.398,0.26,407.3,46.99,365.44,1188.607,1277.457
34,30,cef57fca3b1de71a6ed9862f0e1f9c82adaee1567c9b63eed33807706e3a3b6f,3,committee1,1789831905009886000,1789831905168966000,1789831905208946000,1789831905131298000,1789831905101716000,1789831905101869000,1789831905833047000,1789831906198227000,1789831906240347000,1789831906270335000,0.878,6.279,159.08,8.629,76.922,5.702,67.827,0.132,113.398,35.729,77.648,-107.252,-107.765,-107.23,19.184,0.036,1.888,271.363,0.214,311.655,0.937,0.003,0.044,3.513,40.462,101.098,91.83,823.161,664.081,731.178,259.254,4.123,0.234,0.008,9.154,92.398,0.309,407.3,29.988,365.489,1188.65,1260.449
35,6,e3e778ee1644c92dbc83e7682012a2c318d56c2e44ef2df3be2f8a589507bbbb,3,committee1,1789831905009892000,1789831905168969000,1789831905208946000,1789831905131303000,1789831905099383000,1789831905099544000,1789831905833047000,1789831906198227000,1789831906240347000,1789831906287231000,0.884,3.845,159.077,7.262,78.384,5.616,67.815,0.126,113.334,35.639,77.643,-109.615,-109.878,-109.563,2.411,0.045,2.2,273.376,0.214,311.655,0.784,0.003,0.044,3.666,40.462,101.098,89.491,823.155,664.078,733.503,259.254,4.123,0.234,0.008,9.154,92.398,0.257,407.3,46.884,365.437,1188.592,1277.339
36,26,59577b68196fcd32716b0532bc2083f0b88709e693d60f6677ef62105f4f3c9c,3,committee1,1789831905009898000,1789831905190011000,1789831905253944000,1789831905208999000,1789831905134549000,1789831905134712000,1789831905833047000,1789831906198227000,1789831906240347000,1789831906287328000,0.89,6.012,180.113,3.838,114.801,0.36,61.114,0.136,125.281,80.326,44.945,-119.406,-119.73,-119.395,2.391,0.043,2.194,238.214,0.214,311.655,1.442,0.003,0.044,3.008,40.462,101.098,124.651,823.149,643.036,698.335,259.254,4.123,0.234,0.008,9.154,92.398,-0.139,407.3,46.981,365.041,1188.19,1277.43
37,15,110aaed2b488ff02276c4be98134bbaa3145bccb759de3f4b325955286e24382,3,committee1,1789831905009908000,1789831905168973000,1789831905208946000,1789831905131268000,1789831905098710000,1789831905098879000,1789831905833047000,1789831906198227000,1789831906240347000,1789831906287264000,0.9,3.318,159.065,3.871,81.613,5.621,67.96,0.124,113.471,35.752,77.678,-110.278,-110.559,-110.236,2.429,0.053,2.162,274.079,0.214,311.655,0.725,0.003,0.049,3.72,40.462,101.098,88.802,823.139,664.074,734.168,259.254,4.123,0.234,0.008,9.154,92.398,0.723,407.3,46.917,365.903,1189.042,1277.356
38,62,11430634704e191881972fa60061396a3c543ea2deba951f95b00dbb97b31fa9,3,committee1,1789831905009913000,1789831905190043000,1789831905253944000,1789831905209534000,1789831905137936000,1789831905138091000,1789831905833047000,1789831906198227000,1789831906240347000,1789831906270354000,0.905,7.841,180.13,7.082,113.1,19.583,40.365,1.189,122.707,78.25,44.41,-116.056,-116.328,-116.008,2.365,0.039,2.176,234.853,0.214,311.655,1.713,0.003,0.044,2.737,40.462,101.098,128.023,823.134,643.004,694.956,259.254,4.123,0.234,0.008,9.154,92.398,0.288,407.3,30.007,365.468,1188.602,1260.441
39,2,82b7abbbb29fe2c66664e8b44e585bd45443be085818f5433bd1cfed6978f563,3,committee1,1789831905009917000,1789831905211987000,1789831905253944000,1789831905209491000,1789831905149709000,1789831905150059000,1789831905833047000,1789831906198227000,1789831906240347000,1789831906246232000,0.909,18.817,202.07,1.526,119.449,19.085,62.01,0.126,122.966,78.473,44.453,-104.276,-110.297,-104.235,1.63,0.069,1.237,223.824,0.214,311.655,2.224,0.003,0.043,2.227,40.462,101.098,139.792,823.13,621.06,682.988,259.254,4.123,0.234,0.008,9.154,92.398,-11.226,407.3,5.885,353.954,1177.084,1236.315
40,45,783e970643515db9468382117f730e594be1eef88c978006095a78b4972ee2d1,3,committee1,1789831905009917000,1789831905211948000,1789831905253944000,1789831905209363000,1789831905168654000,1789831905168824000,1789831905833047000,1789831906198227000,1789831906240347000,1789831906238643000,0.909,38.938,202.031,8.717,111.082,39.575,42.657,0.137,124.133,79.51,44.581,-85.333,-85.615,-85.29,2.55,0.055,2.346,203.95,0.214,311.655,3.024,0.003,0.141,1.329,40.462,101.098,158.737,823.13,621.099,664.223,259.254,4.123,0.234,0.008,9.154,92.398,-11.195,407.3,-1.704,353.985,1177.115,1228.726
41,57,a003d903aa9d8b4e37fe6cfba2c91f94b168f397045e31cf25825329c3a2f4f5,3,committee1,1789831905009918000,1789831905168967000,1789831905208946000,1789831905131208000,1789831905095077000,1789831905095314000,1789831905833047000,1789831906198227000,1789831906240347000,1789831906287281000,0.91,2.103,159.049,1.901,81.155,0.142,75.851,0.144,115.876,38.09,77.738,-113.919,-114.221,-113.869,2.622,0.118,2.337,277.469,0.214,311.655,0.418,0.004,0.059,4.016,40.462,101.098,85.159,823.129,664.08,737.733,259.254,4.123,0.234,0.008,9.154,92.398,0.774,407.3,46.934,365.954,1189.083,1277.363
42,24,79e52d9126df81c156bc67d2e0e1a7d8b5acbd3a775fea7daf2ce573cc5f46e3,3,committee1,1789831905009919000,1789831905211992000,1789831905253944000,1789831905209445000,1789831905174248000,1789831905174398000,1789831905833047000,1789831906198227000,1789831906240347000,1789831906238246000,0.911,43.46,202.073,1.657,119.212,38.718,42.486,0.136,123.067,78.521,44.499,-79.744,-80.038,-79.696,2.405,0.03,2.118,198.604,0.214,311.655,4.137,0.003,0.056,0.301,40.462,101.098,164.329,823.128,621.055,658.649,259.254,4.123,0.234,0.008,9.154,92.398,0.315,407.3,-2.101,365.495,1188.623,1228.327
43,36,9a5f9715ee4099dd75c285a208d5eabc312f2154f1189a5098920ab891526424,3,committee1,1789831905009921000,1789831905190026000,1789831905253944000,1789831905209059000,1789831905170208000,1789831905170361000,1789831905833047000,1789831906198227000,1789831906240347000,1789831906287243000,0.913,41.721,180.105,1.926,116.64,0.273,61.266,0.131,125.363,80.441,44.885,-83.773,-84.071,-83.736,2.342,0.037,2.147,202.612,0.214,311.655,3.397,0.008,0.276,0.816,40.462,101.098,160.287,823.126,643.021,662.686,259.254,4.123,0.234,0.008,9.154,92.398,-0.005,407.3,46.896,365.175,1188.301,1277.322
44,13,d9b1cc81eef0389b8e27b779a5750066ad5536928af3af8bab205ec4c593a5b7,3,committee1,1789831905009925000,1789831905168979000,1789831905208946000,1789831905131214000,1789831905098025000,1789831905098189000,1789831905833047000,1789831906198227000,1789831906240347000,1789831906287258000,0.917,5.082,159.054,1.623,81.395,8.281,67.755,0.128,115.911,38.143,77.732,-110.958,-111.243,-110.921,2.36,0.042,2.156,274.775,0.214,311.655,0.672,0.003,0.046,3.776,40.462,101.098,88.1,823.122,664.068,734.858,259.254,4.123,0.234,0.008,9.154,92.398,-0.237,407.3,46.911,364.943,1188.065,1277.333
45,16,59acfdab27d5d2f57ed372d9c0d516af1ba688e27e9025b244f450fe30c61d84,3,committee1,1789831905009936000,1789831905211997000,1789831905253944000,1789831905209326000,1789831905142660000,1789831905142813000,1789831905833047000,1789831906198227000,1789831906240347000,1789831906238350000,0.928,13.447,202.061,1.594,117.683,20.704,62.08,0.352,124.398,79.761,44.618,-111.304,-111.603,-111.284,6.405,0.037,2.116,230.191,0.214,311.655,2.075,0.004,0.043,2.376,40.462,101.098,132.724,823.111,621.05,690.234,259.254,4.123,0.234,0.008,9.154,92.398,-11.165,407.3,-1.997,354.015,1177.126,1228.414
46,27,a3be00d16b1b5ff7f84091dee2f55fcb2a4546f63b5b8317d881e25054057d53,3,committee1,1789831905009950000,1789831905211986000,1789831905253944000,1789831905209299000,1789831905132441000,1789831905132829000,1789831905833047000,1789831906198227000,1789831906240347000,1789831906270328000,0.942,3.301,202.036,1.886,117.304,40.362,42.484,0.329,124.509,79.83,44.645,-121.538,-122.374,-121.503,1.77,0.05,1.346,240.945,0.214,311.655,1.24,0.003,0.044,3.21,40.462,101.098,122.491,823.097,621.061,700.218,259.254,4.123,0.234,0.008,9.154,92.398,-0.195,407.3,29.981,364.985,1188.082,1260.378
47,31,770507953d8dd9ee4916c623cb8c62074949110b77c00336cecec2c0027d812e,3,committee1,1789831905009969000,1789831905189965000,1789831905253944000,1789831905209028000,1789831905170867000,1789831905171022000,1789831905833047000,1789831906198227000,1789831906240347000,1789831906287268000,0.961,42.431,179.996,6.616,111.851,0.435,61.094,0.318,125.219,80.274,44.916,-83.106,-83.399,-83.077,2.369,0.04,2.165,201.933,0.214,311.655,3.69,0.006,0.074,0.727,40.462,101.098,160.898,823.078,643.082,662.025,259.254,4.123,0.234,0.008,9.154,92.398,0.804,407.3,46.921,365.984,1189.062,1277.299
48,20,cc128525ed31f40f43d162fbab2b8a9de819c7414acc245198dfcca2b0eeb935,3,committee1,1789831905009980000,1789831905190032000,1789831905253944000,1789831905209006000,1789831905130888000,1789831905131063000,1789831905833047000,1789831906198227000,1789831906240347000,1789831906270389000,0.972,2.279,180.052,5.751,112.878,0.126,61.297,0.138,125.22,80.259,44.938,-123.08,-124.85,-123.056,1.177,0.051,0.788,243.269,0.214,311.655,1.091,0.003,0.042,3.361,40.462,101.098,120.908,823.067,643.015,701.984,259.254,4.123,0.234,0.008,9.154,92.398,0.691,407.3,30.042,365.871,1188.938,1260.409
49,19,f469255c6f14b24f9dd64d867ffbbe20f230893ac0f50a946a90a3d3edfd2064,3,committee1,1789831905009981000,1789831905212001000,1789831905253944000,1789831905208983000,1789831905151694000,1789831905152122000,1789831905833047000,1789831906198227000,1789831906240347000,1789831906287245000,0.973,23.261,202.02,3.751,114.701,0.464,83.104,0.129,125.411,80.421,44.961,-102.28,-102.6,-102.25,2.362,0.311,1.893,221.105,0.214,311.655,2.443,0.003,0.043,2.008,40.462,101.098,141.713,823.066,621.046,680.925,259.254,4.123,0.234,0.008,9.154,92.398,-0.086,407.3,46.898,365.094,1188.16,1277.264
50,37,e7c007e15958ab6afb7dd755c9b647563f8152d5e5d7a90b27fed0407b98e986,3,committee1,1789831905009982000,1789831905189996000,1789831905253944000,1789831905209063000,1789831905132889000,1789831905133046000,1789831905833047000,1789831906198227000,1789831906240347000,1789831906270317000,0.974,4.457,180.014,5.871,112.579,0.362,61.202,0.138,125.391,80.493,44.881,-121.073,-121.724,-121.055,2.016,0.038,1.824,240.25,0.214,311.655,1.291,0.003,0.042,3.161,40.462,101.098,122.907,823.065,643.051,700.001,259.254,4.123,0.234,0.008,9.154,92.398,0.236,407.3,29.97,365.416,1188.481,1260.335
51,29,99eef5dfe977683de9b58173e775038e9c473b357628a0015f962544a6cbfe96,3,committee1,1789831905009983000,1789831905212005000,1789831905253944000,1789831905209338000,1789831905173082000,1789831905173244000,1789831905833047000,1789831906198227000,1789831906240347000,1789831906246213000,0.975,43.456,202.022,2.847,116.796,40.176,42.203,0.156,124.187,79.556,44.606,-80.888,-81.352,-80.862,2.158,0.042,1.964,199.912,0.214,311.655,3.975,0.006,0.07,0.446,40.462,101.098,163.099,823.064,621.042,659.803,259.254,4.123,0.234,0.008,9.154,92.398,0.79,407.3,5.866,365.97,1189.034,1236.23
52,54,53aa8e878c6b1d411a9f0307d8b71fcd510b44350aec88367312b40acc215a28,3,committee1,1789831905009989000,1789831905189960000,1789831905253944000,1789831905209049000,1789831905169388000,1789831905169636000,1789831905833047000,1789831906198227000,1789831906240347000,1789831906270323000,0.981,49.066,179.971,2.492,107.841,0.215,69.423,0.642,133.018,88.085,44.895,-84.595,-84.904,-84.556,2.496,0.135,2.214,203.27,0.214,311.655,3.194,0.008,0.183,1.112,40.462,101.098,159.399,823.058,643.087,663.411,259.254,4.123,0.234,0.008,9.154,92.398,0.824,407.3,29.976,366.004,1189.062,1260.334
53,44,4e0310bce6fff73b3b86be16087668c6a00947403f1190e2ac4ade250da114d1,3,committee1,1789831905010018000,1789831905168967000,1789831905208946000,1789831905131341000,1789831905102115000,1789831905102280000,1789831905833047000,1789831906198227000,1789831906240347000,1789831906246975000,1.01,6.579,158.949,7.131,78.387,5.601,67.83,0.148,113.312,35.657,77.605,-106.881,-107.147,-106.831,18.777,0.048,2.17,270.67,0.214,311.655,0.989,0.003,0.045,3.461,40.462,101.098,92.097,823.029,664.08,730.767,259.254,4.123,0.234,0.008,9.154,92.398,0.213,407.3,6.628,365.393,1188.422,1236.957
54,10,9d9570c78a32d0c5c3d6b518669ee0785ae43b8e338f9632953a226cf31c10b7,3,committee1,1789831905010034000,1789831905190005000,1789831905253944000,1789831905209667000,1789831905151009000,1789831905151161000,1789831905833047000,1789831906198227000,1789831906240347000,1789831906252437000,1.026,20.036,179.971,2.859,118.08,18.327,40.705,0.121,122.864,78.573,44.277,-102.95,-103.257,-102.935,2.338,0.048,2.147,221.812,0.214,311.655,2.391,0.003,0.045,2.058,40.462,101.098,140.975,823.013,643.042,681.886,259.254,4.123,0.234,0.008,9.154,92.398,0.659,407.3,12.09,365.839,1188.852,1242.403
55,3,8581f419b467cf2058f13d4985949a28a30226b6c3c55700453d1920979b40f6,3,committee1,1789831905010047000,1789831905212013000,1789831905253944000,1789831905209279000,1789831905137269000,1789831905137426000,1789831905833047000,1789831906198227000,1789831906240347000,1789831906270345000,1.039,8.28,201.966,2.443,116.499,40.764,42.26,0.147,124.839,80.143,44.665,-116.707,-116.999,-116.675,2.361,0.038,2.173,235.521,0.214,311.655,1.664,0.003,0.043,2.788,40.462,101.098,127.222,823.0,621.034,695.621,259.254,4.123,0.234,0.008,9.154,92.398,-11.17,407.3,29.998,354.01,1177.01,1260.298
56,7,51814efa4242ab03957759480c7315a29b24bdab454045e763e252e6bb20f044,3,committee1,1789831905010068000,1789831905211963000,1789831905253944000,1789831905209645000,1789831905139966000,1789831905140127000,1789831905833047000,1789831906198227000,1789831906240347000,1789831906288148000,1.06,9.963,201.895,2.366,117.569,19.693,62.267,1.423,122.572,78.219,44.299,-114.032,-114.302,-113.978,2.356,0.031,2.161,232.832,0.214,311.655,1.873,0.003,0.043,2.579,40.462,101.098,129.898,822.979,621.084,692.92,259.254,4.123,0.234,0.008,9.154,92.398,-11.144,407.3,47.801,354.036,1177.015,1278.08
57,56,00e5a8f49ce213bd202e32e2a2dcac76578674fd54d7bab599883f250f798ebb,3,committee1,1789831905010328000,1789831905168970000,1789831905208946000,1789831905131244000,1789831905097259000,1789831905097495000,1789831905833047000,1789831906198227000,1789831906240347000,1789831906270320000,1.32,4.178,158.642,2.566,80.187,7.973,67.916,0.14,115.742,38.023,77.702,-111.705,-112.016,-111.687,2.458,0.105,2.183,275.442,0.214,311.655,0.618,0.004,0.046,3.829,40.462,101.098,86.931,822.719,664.077,735.552,259.254,4.123,0.234,0.008,9.154,92.398,0.681,407.3,29.973,365.861,1188.58,1259.992
58,55,2ba29fedec05bafc7e81d08b34bc3220f9f4bb17770efe9cea47d4bf926b3fa3,3,committee1,1789831905010330000,1789831905168967000,1789831905208946000,1789831905131218000,1789831905093811000,1789831905094189000,1789831905833047000,1789831906198227000,1789831906240347000,1789831906270342000,1.322,0.861,158.637,5.083,77.537,0.209,75.808,0.254,115.769,38.014,77.728,-115.163,-115.518,-115.135,1.767,0.257,1.266,279.665,0.214,311.655,0.114,0.004,0.141,4.238,40.462,101.098,83.481,822.717,664.08,738.858,259.254,4.123,0.234,0.008,9.154,92.398,0.237,407.3,29.995,365.417,1188.134,1260.012
59,34,64d2536856f03e6d9284b228279bdaf20082f26e6b7cb6111f537c2f72acbd51,3,committee1,1789831905010338000,1789831905190023000,1789831905253944000,1789831905209663000,1789831905173578000,1789831905173728000,1789831905833047000,1789831906198227000,1789831906240347000,1789831906270325000,1.33,42.322,179.685,4.499,116.419,18.019,40.748,0.261,122.483,78.146,44.281,-80.423,-80.687,-80.366,2.328,0.047,2.145,199.247,0.214,311.655,4.058,0.003,0.07,0.366,40.462,101.098,163.24,822.709,643.024,659.319,259.254,4.123,0.234,0.008,9.154,92.398,0.24,407.3,29.978,365.42,1188.129,1259.987
60,51,7088ecd038054eb102ad3ef99f81d3483e996c91d495c2d71dc8d0b912603587,3,committee1,1789831905010352000,1789831905189959000,1789831905253944000,1789831905208968000,1789831905131566000,1789831905131939000,1789831905833047000,1789831906198227000,1789831906240347000,1789831906288031000,1.344,11.369,179.607,5.295,104.55,0.165,69.597,0.296,133.467,88.475,44.976,-122.395,-125.292,-122.378,1.257,0.059,0.844,242.337,0.214,311.655,1.141,0.003,0.042,3.311,40.462,101.098,121.214,822.695,643.088,701.108,259.254,4.123,0.234,0.008,9.154,92.398,0.311,407.3,47.684,365.491,1188.186,1277.679
61,38,25a1f93c78afcf8f0680af73c9fccd2d058334f0efaf90c21736fb7599c356c2,3,committee1,1789831905010382000,1789831905211951000,1789831905253944000,1789831905209423000,1789831905149616000,1789831905149828000,1789831905833047000,1789831906198227000,1789831906240347000,1789831906252633000,1.374,19.514,201.569,8.313,111.407,19.596,62.253,0.834,123.053,78.487,44.521,-104.375,-104.887,-104.328,1.054,0.08,0.81,224.482,0.214,311.655,2.174,0.003,0.043,2.277,40.462,101.098,139.234,822.665,621.096,683.219,259.254,4.123,0.234,0.008,9.154,92.398,-11.211,407.3,12.286,353.969,1176.634,1242.251
62,61,d874c3ca59a9e7e65bc002a47787715308670c61493407e80d6645d73b11a968,3,committee1,1789831905010405000,1789831905189961000,1789831905253944000,1789831905209314000,1789831905141290000,1789831905141439000,1789831905833047000,1789831906198227000,1789831906240347000,1789831906249447000,1.397,20.715,179.556,2.518,107.652,0.109,69.277,8.939,124.467,79.8,44.63,-112.692,-112.972,-112.654,2.342,0.032,2.164,231.517,0.214,311.655,1.973,0.003,0.045,2.477,40.462,101.098,130.885,822.642,643.086,691.608,259.254,4.123,0.234,0.008,9.154,92.398,0.247,407.3,9.1,365.427,1188.069,1239.042
63,43,75d22995fbb0953854c119363d8a31008e2275124c7c651e56c2a6d180774abe,3,committee1,1789831905010420000,1789831905211960000,1789831905253944000,1789831905209373000,1789831905174922000,1789831905175078000,1789831905833047000,1789831906198227000,1789831906240347000,1789831906270327000,1.412,44.964,201.54,2.746,116.792,39.495,42.507,0.878,123.151,78.537,44.571,-79.065,-79.351,-79.022,2.299,0.04,2.101,197.941,0.214,311.655,4.201,0.004,0.055,0.238,40.462,101.098,164.502,822.627,621.087,657.969,259.254,4.123,0.234,0.008,9.154,92.398,0.778,407.3,29.98,365.958,1188.585,1259.907
64,60,0878df76af746ac70a3c5c9638642e9c876f1753d547cff9835af70ad6fd35bf,3,committee1,1789831905010462000,1789831905212006000,1789831905253944000,1789831905209073000,1789831905135250000,1789831905135401000,1789831905833047000,1789831906198227000,1789831906240347000,1789831906252503000,1.454,6.344,201.544,11.909,106.535,20.886,62.214,0.132,124.931,80.035,44.871,-118.719,-119.023,-118.694,2.352,0.034,2.167,237.552,0.214,311.655,1.494,0.003,0.052,2.948,40.462,101.098,124.788,822.585,621.041,697.646,259.254,4.123,0.234,0.008,9.154,92.398,-11.136,407.3,12.156,354.044,1176.629,1242.041
65,64,52e7f67509fc26d51e217c41cf873b7d3e788ef6653b9840d2ae1b9e57340451,4,committee0,1789831905746507000,1789831905828953000,1789831905815950000,1789831905789516000,1789831905789655000,1789831905789808000,1789831906158953000,1789831906504981000,1789831906543970000,1789831906544614000,737.499,0.463,82.446,0.106,42.579,0.066,39.695,0.134,26.629,0.19,26.434,-26.301,-26.612,-26.295,44.309,0.036,44.102,6.461,0.006,267.551,0.01,0.017,0.107,0.017,29.911,20.962,43.148,412.446,330.0,369.145,317.342,0.653,0.233,0.011,0.211,27.57,-0.436,385.017,0.644,345.592,758.038,798.107
66,65,cb0d742bd38f6ae285aaf673ee9a6eaebeb38adc2c65741c9e2e1154a47325cb,6,committee2,1789831906234873000,1789831906286905000,1789831906295895000,1789831906260506000,1789831906260956000,1789831906261124000,1789831906950937000,1789831907228941000,1789831907256974000,1789831907262737000,1225.865,0.783,52.032,0.059,25.241,0.073,26.659,0.136,35.765,0.197,35.389,-35.12,-35.535,-34.939,1.046,0.047,0.83,295.052,0.125,346.967,0.01,0.009,0.119,2.168,17.572,26.96,26.083,716.064,664.032,689.813,248.233,2.546,0.172,0.01,4.988,22.052,8.659,306.037,5.763,286.663,1002.727,1027.864
67,66,3886e9d4661fc0d381518e0cd9217cbfa82b3e539c41abb2e3f61c71db92f515,6,committee2,1789831906238001000,1789831906350931000,1789831906370888000,1789831906319925000,1789831906311157000,1789831906311376000,1789831906950937000,1789831907228941000,1789831907256974000,1789831907253430000,1228.993,13.549,112.93,0.101,59.506,0.537,52.786,0.13,74.33,22.187,50.963,-60.926,-73.034,-59.731,1.854,0.06,1.585,244.045,0.125,346.967,0.222,0.003,0.06,2.021,17.572,26.96,73.156,712.936,600.006,639.561,248.233,2.546,0.172,0.01,4.988,22.052,-2.317,306.037,-3.544,275.687,988.623,1015.429
68,67,88cf12f567447b764fcc40e21297fc456eae1f2ccd08922e19ff39de3f948189,6,committee2,1789831906238247000,1789831906350953000,1789831906319916000,1789831906297853000,1789831906311260000,1789831906311493000,1789831906950937000,1789831907228941000,1789831907256974000,1789831907253318000,1229.239,13.736,112.706,0.047,59.23,0.135,53.294,0.129,22.313,0.2,22.063,-8.708,-22.073,-8.656,2.487,0.111,2.207,243.306,0.125,346.967,0.289,0.004,0.055,1.958,17.572,26.96,73.013,712.69,599.984,639.444,248.233,2.546,0.172,0.01,4.988,22.052,-2.362,306.037,-3.656,275.642,988.332,1015.071
69,68,b0fd37c2bce12005c3bf3794ec4d7dd3ce2dbcd9dfe9079b27dc8f817da3d241,6,committee2,1789831906238353000,1789831906350934000,1789831906370888000,1789831906319965000,1789831906312628000,1789831906312808000,1789831906950937000,1789831907228941000,1789831907256974000,1789831907253454000,1229.345,14.896,112.581,0.083,59.296,0.702,52.5,0.134,74.21,22.099,50.923,-59.449,-58.648,-58.26,2.605,0.049,2.38,241.818,0.125,346.967,0.422,0.003,0.056,1.825,17.572,26.96,74.275,712.584,600.003,638.129,248.233,2.546,0.172,0.01,4.988,22.052,-2.346,306.037,-3.52,275.658,988.242,1015.101
70,69,f4e723ed447a4f2404e55c02dac30fd9b9ca728349cfea029aa199b7056c1ede,6,committee2,1789831906238426000,1789831906325960000,1789831906370888000,1789831906319973000,1789831906314125000,1789831906314370000,1789831906950937000,1789831907228941000,1789831907256974000,1789831907253468000,1229.418,16.351,87.534,0.05,59.298,0.352,27.834,0.134,74.173,22.065,50.915,-57.957,-57.11,-56.763,2.472,0.059,2.177,240.459,0.125,346.967,0.56,0.004,0.053,1.689,17.572,26.96,75.699,712.511,624.977,636.567,248.233,2.546,0.172,0.01,4.988,22.052,-2.321,306.037,-3.506,275.683,988.194,1015.042
71,70,5118a3eaf9b5ca381a01f72ccf536611efbe8f724707adb34212c6a98bf62ef2,6,committee2,1789831906238511000,1789831906350938000,1789831906370888000,1789831906319948000,1789831906311360000,1789831906311574000,1789831906950937000,1789831907228941000,1789831907256974000,1789831907253424000,1229.503,13.654,112.427,0.05,59.145,0.671,52.561,0.126,73.225,22.116,50.94,-59.701,-73.032,-59.528,3.184,0.079,2.932,242.5,0.125,346.967,0.354,0.003,0.058,1.891,17.572,26.96,72.849,712.426,599.999,639.363,248.233,2.546,0.172,0.01,4.988,22.052,-2.321,306.037,-3.55,275.683,988.109,1014.913
72,71,32e6cacb22111be48a69435bb039c3ce6d78053cd6620b9437f74c660b156b7e,6,committee2,1789831906238640000,1789831906350932000,1789831906370888000,1789831906319957000,1789831906313374000,1789831906313557000,1789831906950937000,1789831907228941000,1789831907256974000,1789831907253393000,1229.632,15.658,112.292,0.037,59.039,0.596,52.62,0.131,73.22,22.11,50.931,-57.694,-57.869,-57.514,2.55,0.053,2.319,241.13,0.125,346.967,0.486,0.003,0.066,1.751,17.572,26.96,74.734,712.297,600.005,637.38,248.233,2.546,0.172,0.01,4.988,22.052,-2.348,306.037,-3.581,275.656,987.953,1014.753
73,72,cc5ef9d470368ebffa01b2e32d7a34cb0626d87e66354d86a0ed16fac61c6708,6,committee2,1789831906238652000,1789831906350929000,1789831906370888000,1789831906319938000,1789831906311077000,1789831906311270000,1789831906950937000,1789831907228941000,1789831907256974000,1789831907253440000,1229.644,13.446,112.277,0.065,58.914,0.708,52.59,0.129,73.138,22.178,50.95,-59.823,-73.038,-59.811,1.122,0.058,0.875,244.861,0.125,346.967,0.149,0.004,0.062,2.091,17.572,26.96,72.425,712.285,600.008,639.667,248.233,2.546,0.172,0.01,4.988,22.052,-2.337,306.037,-3.534,275.667,987.952,1014.788
74,73,2201c310062f3ea6f104ef46393b265cc6b9121a5175e19f147c8f6624add7e6,6,committee2,1789831906246194000,1789831906367985000,1789831906404063000,1789831906372102000,1789831906327156000,1789831906327309000,1789831906950937000,1789831907228941000,1789831907256974000,1789831907243835000,1237.186,0.655,121.791,0.147,80.16,16.642,24.842,0.128,77.459,45.473,31.961,-76.933,-77.398,-76.907,2.734,0.035,2.548,227.149,0.125,346.967,0.902,0.003,0.05,1.351,17.572,26.96,80.962,704.743,582.952,623.628,248.233,2.546,0.172,0.01,4.988,22.052,14.187,306.037,-13.139,292.191,996.934,997.641
75,74,a30daeeb4035bf16f42cd8769278314808330d66569c1fa4da172782d7752b65,6,committee2,1789831906246216000,1789831906350942000,1789831906404063000,1789831906370905000,1789831906320656000,1789831906320824000,1789831906950937000,1789831907228941000,1789831907256974000,1789831907253318000,1237.208,6.322,104.726,0.101,68.017,0.069,36.539,0.166,89.596,56.405,33.158,-83.441,-89.5,-83.407,1.002,0.038,0.792,235.39,0.125,346.967,0.622,0.003,0.046,1.635,17.572,26.96,74.44,704.721,599.995,630.113,248.233,2.546,0.172,0.01,4.988,22.052,-2.34,306.037,-3.656,275.664,980.385,1007.102
76,75,93b6b0d0aac245ec1c07e8f3dd56fa4136cffa40d66d3031a597871509e4d721,6,committee2,1789831906246234000,1789831906367988000,1789831906404063000,1789831906372107000,1789831906326996000,1789831906327159000,1789831906950937000,1789831907228941000,1789831907256974000,1789831907244151000,1237.226,0.469,121.754,0.117,80.176,16.54,24.921,0.134,77.432,45.446,31.956,-77.098,-77.391,-77.067,2.213,0.047,2.002,227.845,0.125,346.967,0.848,0.004,0.046,1.409,17.572,26.96,80.762,704.703,582.949,623.778,248.233,2.546,0.172,0.01,4.988,22.052,14.211,306.037,-12.823,292.215,996.918,997.917
77,76,5b2fc33cce35728071aaf35939130090e487b51d2171c328a1bd12442b86653c,6,committee2,1789831906246334000,1789831906368014000,1789831906404063000,1789831906372150000,1789831906361994000,1789831906362705000,1789831906950937000,1789831907228941000,1789831907256974000,1789831907244048000,1237.326,24.63,121.68,0.085,90.945,5.774,24.876,0.125,66.62,34.661,31.913,-42.117,-66.569,-42.069,9.149,0.252,2.757,191.544,0.125,346.967,1.248,0.003,0.05,1.005,17.572,26.96,115.66,704.603,582.923,588.232,248.233,2.546,0.172,0.01,4.988,22.052,14.217,306.037,-12.926,292.221,996.824,997.714
78,77,3711235b0067c9796bcb58252fe428e5c6d9b52f3f956a621e58d21b27e5a391,6,committee2,1789831906246355000,1789831906368019000,1789831906404063000,1789831906372115000,1789831906327001000,1789831906327154000,1789831906950937000,1789831907228941000,1789831907256974000,1789831907243768000,1237.347,0.469,121.664,0.056,80.121,16.61,24.877,0.133,77.414,45.45,31.948,-77.079,-77.389,-77.062,1.458,0.034,1.268,228.584,0.125,346.967,0.791,0.003,0.049,1.463,17.572,26.96,80.646,704.582,582.918,623.783,248.233,2.546,0.172,0.01,4.988,22.052,14.189,306.037,-13.206,292.193,996.775,997.413
79,78,cda378b3962dfde695c0ec511b4a04da8ade8dc4e0e789cb3692faa8ccc83c4e,6,committee2,1789831906246977000,1789831906368012000,1789831906404063000,1789831906372128000,1789831906328124000,1789831906328274000,1789831906950937000,1789831907228941000,1789831907256974000,1789831907244054000,1237.969,1.674,121.035,0.216,79.257,16.697,24.865,0.258,77.385,45.42,31.935,-75.97,-76.258,-75.939,2.54,0.035,2.252,226.48,0.125,346.967,0.96,0.003,0.047,1.296,17.572,26.96,81.147,703.96,582.925,622.663,248.233,2.546,0.172,0.01,4.988,22.052,14.158,306.037,-12.92,292.162,996.122,997.077
80,79,7b592abc9d2e817d4b01ae2b3a06d4988d6f9335d092076341b7e45cff4766fa,6,committee2,1789831906249450000,1789831906367995000,1789831906404063000,1789831906372096000,1789831906326808000,1789831906326966000,1789831906950937000,1789831907228941000,1789831907256974000,1789831907243782000,1240.442,0.505,118.545,0.054,76.799,16.724,24.968,0.128,77.657,45.665,31.967,-77.281,-77.591,-77.255,0.973,0.041,0.78,229.26,0.125,346.967,0.736,0.003,0.047,1.52,17.572,26.96,77.358,701.487,582.942,623.971,248.233,2.546,0.172,0.01,4.988,22.052,14.145,306.037,-13.192,292.149,993.636,994.332
81,80,85cadff6db97b4d1483c988ccd08652fcd03ee1062c3020216feca1314c9ec6b,6,committee2,1789831906252196000,1789831906368037000,1789831906404063000,1789831906372145000,1789831906362025000,1789831906362719000,1789831906950937000,1789831907228941000,1789831907256974000,1789831907244027000,1243.188,24.683,115.841,0.109,85.037,5.827,24.868,0.134,66.625,34.669,31.918,-42.078,-66.578,-42.038,9.119,0.57,2.096,192.191,0.125,346.967,1.192,0.002,0.046,1.066,17.572,26.96,109.829,698.741,582.9,588.218,248.233,2.546,0.172,0.01,4.988,22.052,14.127,306.037,-12.947,292.131,990.872,991.831
82,81,a2b07a883d233bc6625d45868a248d72d3a029519d1981eaf64dc997306a6fb3,6,committee2,1789831906252417000,1789831906368013000,1789831906404063000,1789831906372135000,1789831906337799000,1789831906362229000,1789831906950937000,1789831907228941000,1789831907256974000,1789831907244169000,1243.409,0.476,115.596,0.064,84.842,5.838,24.852,0.128,66.632,34.684,31.928,-66.285,-66.594,-66.264,33.332,0.161,1.245,193.532,0.125,346.967,1.084,0.003,0.049,1.17,17.572,26.96,85.382,698.52,582.924,588.708,248.233,2.546,0.172,0.01,4.988,22.052,14.186,306.037,-12.805,292.19,990.71,991.752
83,82,ea3de4ccb9ac45b5cfce86b9ccddb8798dc829601645179da9940e69a564ab94,6,committee2,1789831906252438000,1789831906350947000,1789831906404063000,1789831906372086000,1789831906321073000,1789831906321213000,1789831906950937000,1789831907228941000,1789831907256974000,1789831907253391000,1243.43,0.473,98.509,0.059,68.103,0.106,30.241,0.131,83.364,51.355,31.977,-83.023,-83.307,-82.99,1.282,0.039,1.062,234.731,0.125,346.967,0.676,0.004,0.049,1.577,17.572,26.96,68.635,698.499,599.99,629.724,248.233,2.546,0.172,0.01,4.988,22.052,-2.314,306.037,-3.583,275.69,974.189,1000.953
84,83,5fad0432568b8730c39f5cdda633ecca7f34202ab90ae6a7b2860f027345ae18,6,committee2,1789831906252504000,1789831906367991000,1789831906404063000,1789831906372121000,1789831906328780000,1789831906329000000,1789831906950937000,1789831907228941000,1789831907256974000,1789831907244052000,1243.496,2.225,115.487,0.153,73.898,16.501,24.935,0.124,77.409,45.442,31.942,-75.309,-75.599,-75.283,2.45,0.082,2.183,225.823,0.125,346.967,1.024,0.003,0.05,1.23,17.572,26.96,76.276,698.433,582.946,621.937,248.233,2.546,0.172,0.01,4.988,22.052,14.174,306.037,-12.922,292.178,990.611,991.548
85,84,204ef406c7a1a3cc92de36726c7f49e21cf33007e2dc5e678382b4b8b26ee86e,6,committee2,1789831906252634000,1789831906368002000,1789831906404063000,1789831906372141000,1789831906362186000,1789831906362718000,1789831906950937000,1789831907228941000,1789831907256974000,1789831907244040000,1243.626,24.835,115.368,0.242,84.475,5.721,24.93,0.122,66.624,34.668,31.922,-41.912,-66.58,-41.877,8.951,0.409,1.426,192.862,0.125,346.967,1.14,0.003,0.044,1.119,17.572,26.96,109.552,698.303,582.935,588.219,248.233,2.546,0.172,0.01,4.988,22.052,14.211,306.037,-12.934,292.215,990.518,991.406
86,85,d8d51669f453748850d703c2a8feba2e7cee63c6cb4276bf93068692eb869001,6,committee2,1789831906270319000,1789831906416028000,1789831906423953000,1789831906404134000,1789831906379488000,1789831906379652000,1789831906950937000,1789831907228941000,1789831907256974000,1789831907267457000,1261.311,7.942,145.709,25.773,75.454,0.057,44.425,0.124,52.311,32.464,19.819,-44.494,-44.818,-44.465,2.347,0.043,2.148,175.206,0.125,346.967,2.07,0.005,0.055,0.176,17.572,26.96,109.169,680.618,534.909,571.285,248.233,2.546,0.172,0.01,4.988,22.052,12.186,306.037,10.483,290.19,970.808,997.138
87,93,31b08c21fd3619972d23f2f49960f2d3e279bf63598809178034c735b5f87dec,6,committee2,1789831906270331000,1789831906416040000,1789831906423953000,1789831906404117000,1789831906374452000,1789831906374642000,1789831906950937000,1789831907228941000,1789831907256974000,1789831907267438000,1261.323,3.104,145.709,0.096,100.921,0.102,44.59,0.123,52.493,32.646,19.836,-49.513,-49.881,-49.501,2.567,0.047,2.315,180.049,0.125,346.967,1.66,0.003,0.06,0.583,17.572,26.96,104.121,680.606,534.897,576.295,248.233,2.546,0.172,0.01,4.988,22.052,12.171,306.037,10.464,290.175,970.781,997.107
88,86,b9eaf7b6b7cb3dee5cae4838c6b511fa68971bc99b3807e0fc4b09cb84b7d288,6,committee2,1789831906270333000,1789831906416049000,1789831906423953000,1789831906404157000,1789831906377364000,1789831906377519000,1789831906950937000,1789831907228941000,1789831907256974000,1789831907267410000,1261.325,5.549,145.716,0.097,101.385,0.098,44.136,0.118,52.049,32.224,19.796,-46.619,-46.931,-46.589,2.448,0.033,2.262,177.225,0.125,346.967,1.905,0.004,0.046,0.352,17.572,26.96,107.031,680.604,534.888,573.418,248.233,2.546,0.172,0.01,4.988,22.052,12.191,306.037,10.436,290.195,970.799,997.077
89,94,94eb9e30c3efdcb1d6522dd81be0812d03f3bbed2c027411551cb66f47d92f8f,6,committee2,1789831906270335000,1789831906416042000,1789831906423953000,1789831906404102000,1789831906373062000,1789831906373244000,1789831906950937000,1789831907228941000,1789831907256974000,1789831907267186000,1261.327,1.735,145.707,0.092,100.9,0.056,44.659,0.127,52.526,32.648,19.851,-50.919,-51.311,-50.891,2.511,0.05,2.28,181.482,0.125,346.967,1.534,0.004,0.051,0.717,17.572,26.96,102.727,680.602,534.895,577.693,248.233,2.546,0.172,0.01,4.988,22.052,12.133,306.037,10.212,290.137,970.739,996.851
90,87,8c542ee897165bfc67ffaa3d8d5f907a260c8a5bfee69fd4fb9b7e910c0ca173,6,committee2,1789831906270347000,1789831906416010000,1789831906423953000,1789831906404123000,1789831906378073000,1789831906378234000,1789831906950937000,1789831907228941000,1789831907256974000,1789831907267464000,1261.339,6.675,145.663,10.759,90.292,0.147,44.465,0.129,52.446,32.596,19.83,-45.9,-46.217,-45.88,2.405,0.038,2.212,176.56,0.125,346.967,1.958,0.003,0.052,0.293,17.572,26.96,107.726,680.59,534.927,572.703,248.233,2.546,0.172,0.01,4.988,22.052,12.175,306.037,10.49,290.179,970.769,997.117
91,91,8cdb96f19e34efe9505f96a49dcb002ed5fa001143ffad942d2ce937676896c3,6,committee2,1789831906270349000,1789831906416023000,1789831906423953000,1789831906404095000,1789831906375220000,1789831906375392000,1789831906950937000,1789831907228941000,1789831907256974000,1789831907267572000,1261.341,3.906,145.674,0.136,100.829,0.399,44.31,0.13,52.533,32.651,19.858,-48.759,-49.086,-48.733,2.466,0.047,2.259,179.355,0.125,346.967,1.728,0.004,0.051,0.523,17.572,26.96,104.871,680.588,534.914,575.545,248.233,2.546,0.172,0.01,4.988,22.052,12.159,306.037,10.598,290.163,970.751,997.223
92,88,0ec8f8aed157adf32332f3e8e596284d72a78447c119cbedf9c310d2774e1a66,6,committee2,1789831906270351000,1789831906416036000,1789831906423953000,1789831906404145000,1789831906375924000,1789831906376087000,1789831906950937000,1789831907228941000,1789831907256974000,1789831907267261000,1261.343,4.137,145.685,0.133,101.303,0.221,44.028,0.12,52.062,32.238,19.808,-48.046,-48.371,-48.029,2.478,0.039,2.278,178.641,0.125,346.967,1.788,0.004,0.053,0.461,17.572,26.96,105.573,680.586,534.901,574.85,248.233,2.546,0.172,0.01,4.988,22.052,12.153,306.037,10.287,290.157,970.743,996.91
93,90,3e1b14cab82b9c324dc7c2c9cb385132674e80143e04ccc0ae6f0dc310aec2e7,6,committee2,1789831906270351000,1789831906416030000,1789831906423953000,1789831906404128000,1789831906371991000,1789831906372160000,1789831906950937000,1789831907228941000,1789831907256974000,1789831907267193000,1261.343,0.569,145.679,0.101,100.97,0.089,44.519,0.124,52.432,32.582,19.825,-51.988,-52.319,-51.962,2.82,0.051,2.613,182.233,0.125,346.967,1.471,0.003,0.055,0.777,17.572,26.96,101.64,680.586,534.907,578.777,248.233,2.546,0.172,0.01,4.988,22.052,12.177,306.037,10.219,290.181,970.767,996.842
94,89,ce86c57b3b3caa6b8f26ee3b34583f70db807bc5ef664ff632f396f1f3380b4d,6,committee2,1789831906270352000,1789831906416005000,1789831906423953000,1789831906404110000,1789831906371977000,1789831906372138000,1789831906950937000,1789831907228941000,1789831907256974000,1789831907267549000,1261.344,0.641,145.653,0.129,100.855,0.129,44.54,0.124,52.52,32.65,19.843,-52.004,-52.316,-51.976,1.277,0.042,1.09,183.778,0.125,346.967,1.36,0.003,0.045,0.898,17.572,26.96,101.625,680.585,534.932,578.799,248.233,2.546,0.172,0.01,4.988,22.052,12.167,306.037,10.575,290.171,970.756,997.197
95,95,ec44e7fa315565cd6e7b2bfc70d74ed326ab3c31b52907bf18938ade7cf37c7d,6,committee2,1789831906270353000,1789831906388946000,1789831906423953000,1789831906404076000,1789831906371546000,1789831906371774000,1789831906950937000,1789831907228941000,1789831907256974000,1789831907264765000,1261.345,8.865,118.593,0.102,92.226,0.182,26.083,0.163,61.125,41.232,19.877,-52.424,-52.797,-52.407,1.072,0.109,0.786,184.446,0.125,346.967,1.306,0.003,0.045,0.952,17.572,26.96,101.193,680.584,561.991,579.163,248.233,2.546,0.172,0.01,4.988,22.052,10.116,306.037,7.791,288.12,968.704,994.412
96,92,3d5fb2bdd13cffe89a5222f7c94fc9512aa85f0dcf5b57e012a543337d144404,6,committee2,1789831906270355000,1789831906416033000,1789831906423953000,1789831906404166000,1789831906378742000,1789831906378899000,1789831906950937000,1789831907228941000,1789831907256974000,1789831907267181000,1261.347,6.747,145.678,0.129,101.511,0.142,43.896,0.175,51.793,31.996,19.787,-45.222,-45.545,-45.211,2.415,0.036,2.226,175.881,0.125,346.967,2.018,0.003,0.045,0.24,17.572,26.96,108.387,680.582,534.904,572.038,248.233,2.546,0.172,0.01,4.988,22.052,12.185,306.037,10.207,290.189,970.771,996.826
97,96,b24ab2f82ec9bea4aff967dec1fc2d9aee771ba67afdfb5e602e1e5611c87242,6,committee2,1789831906270357000,1789831906416050000,1789831906423953000,1789831906404150000,1789831906389381000,1789831906389538000,1789831906950937000,1789831907228941000,1789831907256974000,1789831907267048000,1261.349,17.577,145.693,0.1,101.347,0.128,44.118,0.119,52.045,32.227,19.803,-34.588,-44.133,-34.572,0.987,0.039,0.791,166.677,0.125,346.967,2.135,0.004,0.053,0.115,17.572,26.96,119.024,680.58,534.887,561.399,248.233,2.546,0.172,0.01,4.988,22.052,12.165,306.037,10.074,290.169,970.749,996.691
98,98,c3d1e6f2d9609f418a8e683383162401f34b9c64b08fd3b787ab0621602e3a0b,6,committee2,1789831906270357000,1789831906388955000,1789831906423953000,1789831906404141000,1789831906373680000,1789831906373852000,1789831906950937000,1789831907228941000,1789831907256974000,1789831907264757000,1261.349,10.761,118.598,10.842,81.72,0.132,25.904,8.813,52.252,32.409,19.812,-50.305,-50.625,-50.273,2.586,0.041,2.375,180.779,0.125,346.967,1.594,0.003,0.058,0.651,17.572,26.96,103.323,680.58,561.982,577.085,248.233,2.546,0.172,0.01,4.988,22.052,10.176,306.037,7.783,288.18,968.76,994.4
99,97,4343c76667f1419bd7c2b07378d58d7f0c3a3d53c50d6d2fb26f79569736fb78,6,committee2,1789831906270360000,1789831906416003000,1789831906423953000,1789831906404162000,1789831906376665000,1789831906376822000,1789831906950937000,1789831907228941000,1789831907256974000,1789831907267093000,1261.352,4.744,145.643,0.107,101.454,0.093,43.989,0.119,51.935,32.122,19.791,-47.311,-47.632,-47.288,2.406,0.041,2.211,177.973,0.125,346.967,1.85,0.003,0.047,0.406,17.572,26.96,106.305,680.577,534.934,574.115,248.233,2.546,0.172,0.01,4.988,22.052,12.205,306.037,10.119,290.209,970.786,996.733
100,99,15349fd0f23b32840a3910fd893eaf28077c8284de41bc4fcc288da4ebd5a67e,6,committee2,1789831906270362000,1789831906388974000,1789831906423953000,1789831906404087000,1789831906371995000,1789831906372157000,1789831906950937000,1789831907228941000,1789831907256974000,1789831907264741000,1261.354,8.954,118.612,0.09,92.589,0.079,25.854,8.154,52.778,32.892,19.866,-51.979,-52.716,-51.958,2.07,0.042,1.86,182.989,0.125,346.967,1.413,0.002,0.052,0.839,17.572,26.96,101.633,680.575,561.963,578.78,248.233,2.546,0.172,0.01,4.988,22.052,10.165,306.037,7.767,288.169,968.744,994.379
