case,mode,length,hop,build_ms,fast_ms,ready_offset_ms,final_offset_ms,member_offset_ms,respending_gap_ms,attempts,progress_errors,certificate_input,parent_uncommitted_at_send,request_bytes,certificate_bytes,commit_offset_ms
v3-diagnostic10,fast,10,1,1.358125,2.132667,2.132667,402.26375,448.971542,,1,0,False,,1891,941,68.665
v3-diagnostic10,fast,10,2,0.27275,1.611916,4.019375,729.084875,749.861042,0.2747919999999997,1,0,True,True,2840,941,391.777
v3-diagnostic10,fast,10,3,2.586917,3.914833,10.522542,730.619084,749.862417,2.5883339999999997,1,0,True,True,2840,941,391.777
v3-diagnostic10,fast,10,4,0.265333,4.71475,15.508834,730.599334,749.862625,0.27154200000000017,1,0,True,True,2840,941,391.777
v3-diagnostic10,fast,10,5,0.227542,3.761792,19.500292,729.606834,749.862167,0.22966599999999993,1,0,True,True,2840,941,391.777
v3-diagnostic10,fast,10,6,0.345292,1.261042,21.110292,726.165709,769.258375,0.34895799999999966,1,0,True,True,2840,941,391.777
v3-diagnostic10,fast,10,7,0.211208,1.347958,22.671,727.7815,769.257375,0.21274999999999977,1,0,True,True,2840,941,391.777
v3-diagnostic10,fast,10,8,1.862375,1.658125,26.192834,726.267459,769.256334,1.863709,1,0,True,True,2840,941,391.777
v3-diagnostic10,fast,10,9,2.329917,3.143625,31.668959,726.825084,769.257667,2.3324999999999996,1,0,True,True,2840,941,391.777
v3-diagnostic10,fast,10,10,3.956209,8.152709,43.782084,728.956917,749.861959,3.960416000000002,1,0,True,True,2840,941,391.777
v3-fast-1-r1,fast,1,1,0.433709,1.748667,1.748667,426.958542,480.775709,,1,0,False,,1891,941,96.789
v3-fast-1-r2,fast,1,1,0.554791,2.017334,2.017334,427.356417,445.948292,,1,0,False,,1891,941,92.903
v3-fast-1-r3,fast,1,1,0.406042,2.273625,2.273625,427.325375,445.093708,,1,0,False,,1891,941,83.701
v3-fast-10-r1,fast,10,1,0.4105,2.083166,2.083166,752.268791,769.842208,,1,0,False,,1891,941,410.585
v3-fast-10-r1,fast,10,2,0.689,1.179416,3.954916,754.012958,769.831416,0.6923340000000002,1,0,True,True,2840,941,410.585
v3-fast-10-r1,fast,10,3,0.235375,1.818042,6.010458,756.380416,774.779958,0.23749999999999982,1,0,True,True,2840,941,410.585
v3-fast-10-r1,fast,10,4,0.252,1.611875,7.8765,752.982666,769.832916,0.2541669999999998,1,0,True,True,2840,941,410.585
v3-fast-10-r1,fast,10,5,0.2305,1.208125,9.319083,754.408125,769.83175,0.23445800000000006,1,0,True,True,2840,941,410.585
v3-fast-10-r1,fast,10,6,0.223708,1.108875,10.653208,430.721375,764.865791,0.22525000000000084,1,0,True,True,2840,941,81.69
v3-fast-10-r1,fast,10,7,0.34975,1.415292,12.419458,752.503416,769.834333,0.3509580000000003,1,0,True,True,2840,941,410.585
v3-fast-10-r1,fast,10,8,3.162541,1.120208,16.703916,751.755125,769.829916,3.164249999999999,1,0,True,True,2840,941,410.585
v3-fast-10-r1,fast,10,9,2.916542,3.940375,23.5625,753.675041,769.830875,2.918209000000001,1,0,True,True,2840,941,410.585
v3-fast-10-r1,fast,10,10,0.240292,2.75425,26.559041,756.643708,774.780541,0.2422910000000016,1,0,True,True,2840,941,410.585
v3-fast-10-r2,fast,10,1,0.476792,2.032208,2.032208,402.330083,464.734166,,1,0,False,,1891,941,81.79
v3-fast-10-r2,fast,10,2,0.264875,1.449209,3.748,753.80675,769.766833,0.26658300000000024,1,0,True,True,2840,941,403.088
v3-fast-10-r2,fast,10,3,0.247333,1.946792,5.9435,756.010291,774.753583,0.2487079999999997,1,0,True,True,2840,941,403.088
v3-fast-10-r2,fast,10,4,0.250833,1.46675,7.668625,752.786833,769.767625,0.258375,1,0,True,True,2840,941,403.088
v3-fast-10-r2,fast,10,5,0.215709,1.204,9.089583,754.188083,769.767458,0.21695799999999998,1,0,True,True,2840,941,403.088
v3-fast-10-r2,fast,10,6,0.753542,1.0405,10.885416,755.935666,774.754458,0.7553330000000003,1,0,True,True,2840,941,403.088
v3-fast-10-r2,fast,10,7,0.225834,1.307375,12.420625,402.531833,779.683583,0.22783400000000142,1,0,True,True,2840,941,81.79
v3-fast-10-r2,fast,10,8,0.24025,1.140583,13.803708,753.870291,769.767083,0.2425000000000015,1,0,True,True,2840,941,403.088
v3-fast-10-r2,fast,10,9,0.28,1.528958,15.615666,755.894666,774.75425,0.2829999999999995,1,0,True,True,2840,941,403.088
v3-fast-10-r2,fast,10,10,0.249667,1.6565,17.523916,752.796375,769.766125,0.25175000000000125,1,0,True,True,2840,941,403.088
v3-fast-10-r3,fast,10,1,0.414958,1.842833,1.842833,757.04075,774.818583,,1,0,False,,1891,941,409.968
v3-fast-10-r3,fast,10,2,0.795917,1.526875,4.167333,754.256875,769.887875,0.7976250000000003,1,0,True,True,2840,941,409.968
v3-fast-10-r3,fast,10,3,0.235209,1.252292,5.656375,755.909667,774.817375,0.2367499999999998,1,0,True,True,2840,941,409.968
v3-fast-10-r3,fast,10,4,0.255875,1.805458,7.719958,427.779708,795.897208,0.2581250000000006,1,0,True,True,2840,941,72.765
v3-fast-10-r3,fast,10,5,0.219334,3.720375,11.662458,751.689375,769.886208,0.22212500000000013,1,0,True,True,2840,941,409.968
v3-fast-10-r3,fast,10,6,0.314583,1.14025,13.119625,753.268083,769.887375,0.31691699999999834,1,0,True,True,2840,941,409.968
v3-fast-10-r3,fast,10,7,0.225166,1.484458,14.830958,754.880583,774.818083,0.2268750000000015,1,0,True,True,2840,941,409.968
v3-fast-10-r3,fast,10,8,0.227417,1.14675,16.206292,756.306417,774.818875,0.22858399999999968,1,0,True,True,2840,941,409.968
v3-fast-10-r3,fast,10,9,0.227708,2.164208,18.599583,753.668875,769.887625,0.22908299999999926,1,0,True,True,2840,941,409.968
v3-fast-10-r3,fast,10,10,0.220667,1.055833,19.87775,754.91625,774.818375,0.22233400000000003,1,0,True,True,2840,941,409.968
v3-fast-100-r1,fast,100,1,0.399958,1.806041,1.806041,766.880875,785.49275,,1,0,False,,1891,941,422.306
v3-fast-100-r1,fast,100,2,0.265875,1.543958,3.617583,428.703791,764.797916,0.2675839999999998,1,0,True,True,2840,941,86.2
v3-fast-100-r1,fast,100,3,0.235042,4.688,8.542166,768.642208,785.49675,0.236583,1,0,True,True,2840,941,422.306
v3-fast-100-r1,fast,100,4,0.255042,3.730417,12.531458,767.555291,785.476,0.25887499999999974,1,0,True,True,2840,941,422.306
v3-fast-100-r1,fast,100,5,0.224,3.722,16.479083,766.546791,785.477791,0.22562499999999908,1,0,True,True,2840,941,422.306
v3-fast-100-r1,fast,100,6,0.501875,1.04275,18.0285,768.088708,785.492625,0.5066670000000002,1,0,True,True,2840,941,422.306
v3-fast-100-r1,fast,100,7,0.217875,1.202125,19.449958,764.518333,779.827791,0.2193329999999989,1,0,True,True,2840,941,422.306
v3-fast-100-r1,fast,100,8,0.238875,1.170667,20.861083,765.90475,785.480583,0.24045800000000028,1,0,True,True,2840,941,422.306
v3-fast-100-r1,fast,100,9,0.240542,1.20675,22.309958,767.348583,785.497125,0.24212499999999793,1,0,True,True,2840,941,422.306
v3-fast-100-r1,fast,100,10,0.23,1.636,24.177041,769.246208,785.485,0.23108299999999815,1,0,True,True,2840,941,422.306
v3-fast-100-r1,fast,100,11,0.47225,1.182,25.834708,765.858,785.47425,0.4756670000000014,1,0,True,True,2840,941,422.306
v3-fast-100-r1,fast,100,12,0.249,1.984084,28.07,768.092541,785.472625,0.2512080000000019,1,0,True,True,2840,941,422.306
v3-fast-100-r1,fast,100,13,0.252208,1.126333,29.451833,764.546416,779.826416,0.2555000000000014,1,0,True,True,2840,941,422.306
v3-fast-100-r1,fast,100,14,0.311792,1.370916,31.136166,766.189791,785.489,0.31341700000000117,1,0,True,True,2840,941,422.306
v3-fast-100-r1,fast,100,15,0.2195,1.163708,32.521333,767.565875,785.503125,0.2214589999999994,1,0,True,True,2840,941,422.306
v3-fast-100-r1,fast,100,16,2.23075,1.015792,35.769083,765.799166,785.494083,2.2319579999999988,1,0,True,True,2840,941,422.306
v3-fast-100-r1,fast,100,17,0.209458,1.248083,37.228041,767.287541,785.476333,0.21087500000000148,1,0,True,True,2840,941,422.306
v3-fast-100-r1,fast,100,18,1.3585,1.055833,39.644791,764.672,785.468291,1.3609170000000006,1,0,True,True,2840,941,422.306
v3-fast-100-r1,fast,100,19,3.09825,1.468708,44.213291,769.267625,785.486291,3.0997920000000008,1,0,True,True,2840,941,422.306
v3-fast-100-r1,fast,100,20,2.423375,1.0285,47.66775,767.731583,785.489458,2.425958999999999,1,0,True,True,2840,941,422.306
v3-fast-100-r1,fast,100,21,0.202833,1.213916,49.085541,769.152291,785.496333,0.20387500000000358,1,0,True,True,2840,941,422.306
v3-fast-100-r1,fast,100,22,0.208167,1.219791,50.515041,765.585208,785.48975,0.2097090000000037,1,0,True,True,2840,941,422.306
v3-fast-100-r1,fast,100,23,0.295166,1.260667,52.0725,767.131583,785.48425,0.2967920000000035,1,0,True,True,2840,941,422.306
v3-fast-100-r1,fast,100,24,1.531875,1.001917,54.608625,764.681958,785.493,1.5342079999999996,1,0,True,True,2840,941,422.306
v3-fast-100-r1,fast,100,25,0.206792,1.321458,56.139166,766.207791,785.483,0.20908299999999969,1,0,True,True,2840,941,422.306
v3-fast-100-r1,fast,100,26,0.207958,1.5325,57.88175,767.933041,785.490666,0.21008399999999483,1,0,True,True,2840,941,422.306
v3-fast-100-r1,fast,100,27,0.562583,1.513416,59.960041,765.000875,785.480041,0.5648750000000007,1,0,True,True,2840,941,422.306
v3-fast-100-r1,fast,100,28,2.711625,1.066459,63.74025,768.809958,785.478416,2.7137500000000045,1,0,True,True,2840,941,422.306
v3-fast-100-r1,fast,100,29,2.7695,0.996375,67.508541,767.539916,785.473041,2.7719159999999903,1,0,True,True,2840,941,422.306
v3-fast-100-r1,fast,100,30,0.300917,1.461167,69.27275,769.319791,785.476958,0.3030420000000049,1,0,True,True,2840,941,422.306
v3-fast-100-r1,fast,100,31,0.208166,1.284125,70.766583,765.831208,785.4825,0.209707999999992,1,0,True,True,2840,941,422.306
v3-fast-100-r1,fast,100,32,0.223458,1.514625,72.506625,767.535166,785.48725,0.2254170000000073,1,0,True,True,2840,941,422.306
v3-fast-100-r1,fast,100,33,0.214375,1.774208,74.496666,764.80525,785.474458,0.2158330000000035,1,0,True,True,2840,941,422.306
v3-fast-100-r1,fast,100,34,0.473834,1.108375,76.080291,766.123916,785.4815,0.4752499999999884,1,0,True,True,2840,941,422.306
v3-fast-100-r1,fast,100,35,0.199667,1.396292,77.677833,767.749125,785.514458,0.2012500000000017,1,0,True,True,2840,941,422.306
v3-fast-100-r1,fast,100,36,0.212084,1.462209,79.353375,764.4015,779.8275,0.21333299999999156,1,0,True,True,2840,941,422.306
v3-fast-100-r1,fast,100,37,0.205375,1.287833,80.847791,765.9,785.494791,0.20658299999999485,1,0,True,True,2840,941,422.306
v3-fast-100-r1,fast,100,38,0.222,1.280417,82.351875,767.512166,785.494333,0.22366700000000606,1,0,True,True,2840,941,422.306
v3-fast-100-r1,fast,100,39,0.396375,1.349875,84.0995,769.143583,785.497916,0.39774999999998784,1,0,True,True,2840,941,422.306
v3-fast-100-r1,fast,100,40,0.237709,1.498,85.837083,765.906708,785.4875,0.2395829999999961,1,0,True,True,2840,941,422.306
v3-fast-100-r1,fast,100,41,3.85925,1.039792,90.737875,765.795208,785.48325,3.86099999999999,1,0,True,True,2840,941,422.306
v3-fast-100-r1,fast,100,42,2.920708,3.842416,97.504791,767.541875,785.473208,2.9244999999999948,1,0,True,True,2840,941,422.306
v3-fast-100-r1,fast,100,43,0.248209,1.035417,98.790958,768.836458,785.497625,0.2507499999999965,1,0,True,True,2840,941,422.306
v3-fast-100-r1,fast,100,44,0.229916,1.999792,101.022,766.076875,785.493541,0.23125000000000284,1,0,True,True,2840,941,422.306
v3-fast-100-r1,fast,100,45,0.288208,1.237625,102.5515,767.596625,785.497291,0.29187499999999034,1,0,True,True,2840,941,422.306
v3-fast-100-r1,fast,100,46,0.222167,1.320416,104.095916,769.146791,785.496625,0.22399999999998954,1,0,True,True,2840,941,422.306
v3-fast-100-r1,fast,100,47,0.458709,1.256625,105.828041,765.853,785.473666,0.4754999999999967,1,0,True,True,2840,941,422.306
v3-fast-100-r1,fast,100,48,0.215875,1.24675,107.292333,767.355,785.478833,0.21754199999999457,1,0,True,True,2840,941,422.306
v3-fast-100-r1,fast,100,49,0.212292,1.30475,108.810875,768.917625,785.475291,0.21379199999999798,1,0,True,True,2840,941,422.306
v3-fast-100-r1,fast,100,50,0.450833,1.56275,110.831458,765.956458,785.487041,0.45783300000000793,1,0,True,True,2840,941,422.306
v3-fast-100-r1,fast,100,51,0.259125,1.38825,112.481583,767.531416,785.472,0.2618750000000034,1,0,True,True,2840,941,422.306
v3-fast-100-r1,fast,100,52,0.21925,1.383791,114.085791,769.1485,785.480875,0.22041699999999764,1,0,True,True,2840,941,422.306
v3-fast-100-r1,fast,100,53,0.589791,1.26,115.937333,765.988708,785.485958,0.591542000000004,1,0,True,True,2840,941,422.306
v3-fast-100-r1,fast,100,54,0.213041,1.710708,117.866791,767.929,785.496333,0.21875,1,0,True,True,2840,941,422.306
v3-fast-100-r1,fast,100,55,0.21725,1.275083,119.360416,764.386708,779.827041,0.21854199999999935,1,0,True,True,2840,941,422.306
v3-fast-100-r1,fast,100,56,0.241625,1.710833,121.314166,766.439875,785.471791,0.2429170000000056,1,0,True,True,2840,941,422.306
v3-fast-100-r1,fast,100,57,0.559125,1.209625,123.151625,768.199875,785.477083,0.6278339999999929,1,0,True,True,2840,941,422.306
v3-fast-100-r1,fast,100,58,0.209208,1.227583,124.590458,764.643125,779.826625,0.21125000000000682,1,0,True,True,2840,941,422.306
v3-fast-100-r1,fast,100,59,0.39975,1.172625,126.164375,766.210208,785.491125,0.401291999999998,1,0,True,True,2840,941,422.306
v3-fast-100-r1,fast,100,60,0.223042,1.4635,127.85275,767.9215,785.491041,0.22487499999999727,1,0,True,True,2840,941,422.306
v3-fast-100-r1,fast,100,61,0.233167,1.374209,129.4625,764.538583,779.825458,0.23554099999999778,1,0,True,True,2840,941,422.306
v3-fast-100-r1,fast,100,62,0.225,1.665583,131.354833,766.422125,785.473833,0.22674999999998136,1,0,True,True,2840,941,422.306
v3-fast-100-r1,fast,100,63,0.480166,1.295875,133.132708,768.204416,785.517708,0.4819999999999993,1,0,True,True,2840,941,422.306
v3-fast-100-r1,fast,100,64,0.247292,1.515542,134.898333,764.966916,785.474916,0.2500829999999894,1,0,True,True,2840,941,422.306
v3-fast-100-r1,fast,100,65,0.207917,1.314,136.422125,766.489916,785.49375,0.2097919999999931,1,0,True,True,2840,941,422.306
v3-fast-100-r1,fast,100,66,0.221375,1.571709,138.217375,768.277458,785.498166,0.22354100000001154,1,0,True,True,2840,941,422.306
v3-fast-100-r1,fast,100,67,0.218666,1.218792,139.656875,764.682958,785.472416,0.2207080000000019,1,0,True,True,2840,941,422.306
v3-fast-100-r1,fast,100,68,0.276375,1.207541,141.142041,766.204833,785.495083,0.27762500000000045,1,0,True,True,2840,941,422.306
v3-fast-100-r1,fast,100,69,0.224583,1.151916,142.520666,767.563291,785.47575,0.2267089999999996,1,0,True,True,2840,941,422.306
v3-fast-100-r1,fast,100,70,0.970084,1.286958,144.780208,764.847416,785.499166,0.9725839999999835,1,0,True,True,2840,941,422.306
v3-fast-100-r1,fast,100,71,0.230292,1.280542,146.293333,766.352791,785.49575,0.2325830000000053,1,0,True,True,2840,941,422.306
v3-fast-100-r1,fast,100,72,0.267125,1.291083,147.853208,767.934958,785.519166,0.268792000000019,1,0,True,True,2840,941,422.306
v3-fast-100-r1,fast,100,73,0.533667,1.22125,149.6105,764.687916,785.478666,0.536042000000009,1,0,True,True,2840,941,422.306
v3-fast-100-r1,fast,100,74,0.229041,1.122167,150.963625,766.060916,785.484541,0.2309579999999869,1,0,True,True,2840,941,422.306
v3-fast-100-r1,fast,100,75,0.239834,1.453834,152.659,767.751541,785.469125,0.2415409999999838,1,0,True,True,2840,941,422.306
v3-fast-100-r1,fast,100,76,0.655833,1.295916,154.613291,764.684958,785.471291,0.6583750000000066,1,0,True,True,2840,941,422.306
v3-fast-100-r1,fast,100,77,0.236667,1.188166,156.039666,766.143458,785.477541,0.23820899999998346,1,0,True,True,2840,941,422.306
v3-fast-100-r1,fast,100,78,0.25075,1.432125,157.724208,767.843625,785.481958,0.2524169999999799,1,0,True,True,2840,941,422.306
v3-fast-100-r1,fast,100,79,0.216208,1.420875,159.363333,764.391166,779.827208,0.2182499999999834,1,0,True,True,2840,941,422.306
v3-fast-100-r1,fast,100,80,0.248959,1.534542,161.148833,766.251791,785.484041,0.25095799999999713,1,0,True,True,2840,941,422.306
v3-fast-100-r1,fast,100,81,0.326041,1.357333,162.857791,767.927416,785.491583,0.35162500000001273,1,0,True,True,2840,941,422.306
v3-fast-100-r1,fast,100,82,0.235959,1.398417,164.494208,764.544083,779.826166,0.23799999999999955,1,0,True,True,2840,941,422.306
v3-fast-100-r1,fast,100,83,0.2325,1.057291,165.785416,765.899333,785.476541,0.23391700000001947,1,0,True,True,2840,941,422.306
v3-fast-100-r1,fast,100,84,0.216042,1.500417,167.503833,767.547,785.469666,0.2179999999999893,1,0,True,True,2840,941,422.306
v3-fast-100-r1,fast,100,85,0.207333,1.236292,168.949375,769.016291,785.491916,0.2092500000000257,1,0,True,True,2840,941,422.306
v3-fast-100-r1,fast,100,86,0.246541,1.46,170.657833,765.723833,785.511666,0.2484579999999994,1,0,True,True,2840,941,422.306
v3-fast-100-r1,fast,100,87,0.384375,1.054666,172.100541,767.15075,785.475583,0.38804199999998445,1,0,True,True,2840,941,422.306
v3-fast-100-r1,fast,100,88,0.213959,1.444334,173.761,768.833708,785.4795,0.21612500000000523,1,0,True,True,2840,941,422.306
v3-fast-100-r1,fast,100,89,0.231958,1.282834,175.277875,765.408041,785.47025,0.23404099999999062,1,0,True,True,2840,941,422.306
v3-fast-100-r1,fast,100,90,0.5265,1.292333,177.099041,767.151583,785.473541,0.5288329999999917,1,0,True,True,2840,941,422.306
v3-fast-100-r1,fast,100,91,0.214209,1.43975,178.755166,768.806041,785.493333,0.21637499999999932,1,0,True,True,2840,941,422.306
v3-fast-100-r1,fast,100,92,0.271583,1.610375,180.638833,765.706958,785.47475,0.27329199999999787,1,0,True,True,2840,941,422.306
v3-fast-100-r1,fast,100,93,0.513208,1.410625,182.568125,767.594541,785.483583,0.5186669999999935,1,0,True,True,2840,941,422.306
v3-fast-100-r1,fast,100,94,0.233791,1.5455,184.349458,764.679958,785.470583,0.2358329999999853,1,0,True,True,2840,941,422.306
v3-fast-100-r1,fast,100,95,0.31275,1.320958,186.023291,766.081875,785.490041,0.3528750000000116,1,0,True,True,2840,941,422.306
v3-fast-100-r1,fast,100,96,0.21975,1.2455,187.490333,767.532958,785.498458,0.22154199999999946,1,0,True,True,2840,941,422.306
v3-fast-100-r1,fast,100,97,0.224416,1.380708,189.098166,769.153541,785.485541,0.2271250000000009,1,0,True,True,2840,941,422.306
v3-fast-100-r1,fast,100,98,0.358833,1.064208,190.524916,765.60225,785.470833,0.362542000000019,1,0,True,True,2840,941,422.306
v3-fast-100-r1,fast,100,99,0.223375,1.194208,191.944291,767.010166,785.506958,0.225166999999999,1,0,True,True,2840,941,422.306
v3-fast-100-r1,fast,100,100,0.213792,1.132292,193.291708,768.331583,785.492458,0.21512500000000045,1,0,True,True,2840,941,422.306
v3-fast-100-r2,fast,100,1,0.415083,2.103667,2.103667,427.223458,479.781667,,1,0,False,,1891,941,68.656
v3-fast-100-r2,fast,100,2,0.270667,1.560834,3.937042,763.983333,815.085292,0.2725409999999999,1,0,True,True,2840,941,423.448
v3-fast-100-r2,fast,100,3,1.652916,2.996333,8.587333,763.639458,815.083875,1.6539580000000003,1,0,True,True,2840,941,423.448
v3-fast-100-r2,fast,100,4,0.223792,9.360208,18.174375,763.214042,815.083792,0.2268340000000002,1,0,True,True,2840,941,423.448
v3-fast-100-r2,fast,100,5,0.248583,4.119083,22.546833,767.641833,790.126625,0.25337499999999835,1,0,True,True,2840,941,423.448
v3-fast-100-r2,fast,100,6,0.483625,1.349958,24.399375,764.512458,815.0845,0.5025839999999988,1,0,True,True,2840,941,423.448
v3-fast-100-r2,fast,100,7,0.2145,1.211625,25.826792,765.872458,790.138792,0.21579200000000043,1,0,True,True,2840,941,423.448
v3-fast-100-r2,fast,100,8,0.72625,1.068958,27.623875,767.647833,790.1265,0.7281249999999986,1,0,True,True,2840,941,423.448
v3-fast-100-r2,fast,100,9,1.931917,3.270375,32.829083,767.905583,790.130708,1.9348329999999976,1,0,True,True,2840,941,423.448
v3-fast-100-r2,fast,100,10,0.226208,3.423791,36.482083,766.538792,790.139167,0.22920900000000444,1,0,True,True,2840,941,423.448
v3-fast-100-r2,fast,100,11,0.300709,3.999834,40.785167,765.806333,790.125125,0.30324999999999847,1,0,True,True,2840,941,423.448
v3-fast-100-r2,fast,100,12,0.256625,1.07975,42.125125,767.211417,790.1355,0.26020799999999866,1,0,True,True,2840,941,423.448
v3-fast-100-r2,fast,100,13,0.708291,1.074125,43.909125,763.976833,815.082,0.7098750000000038,1,0,True,True,2840,941,423.448
v3-fast-100-r2,fast,100,14,0.2115,1.276792,45.398792,765.434542,790.131125,0.21287499999999682,1,0,True,True,2840,941,423.448
v3-fast-100-r2,fast,100,15,0.205708,2.856416,48.462083,763.562542,815.0865,0.2068749999999966,1,0,True,True,2840,941,423.448
v3-fast-100-r2,fast,100,16,4.286666,1.064125,53.814375,763.885542,815.078375,4.288167000000001,1,0,True,True,2840,941,423.448
v3-fast-100-r2,fast,100,17,1.741167,1.182084,56.739292,766.814375,790.126042,1.7428330000000045,1,0,True,True,2840,941,423.448
v3-fast-100-r2,fast,100,18,0.216375,1.448291,58.405333,763.572167,815.084292,0.21775000000000233,1,0,True,True,2840,941,423.448
v3-fast-100-r2,fast,100,19,0.221083,1.285334,59.913792,765.062292,790.129458,0.22312500000000313,1,0,True,True,2840,941,423.448
v3-fast-100-r2,fast,100,20,3.547166,1.054542,64.584292,764.620958,815.085958,3.615957999999999,1,0,True,True,2840,941,423.448
v3-fast-100-r2,fast,100,21,0.2065,1.321041,66.113708,766.188875,790.127583,0.20837499999998954,1,0,True,True,2840,941,423.448
v3-fast-100-r2,fast,100,22,0.223208,1.141959,67.480292,767.546542,790.137583,0.22462500000000318,1,0,True,True,2840,941,423.448
v3-fast-100-r2,fast,100,23,0.201,1.257125,68.939625,763.987292,815.079917,0.20220799999999883,1,0,True,True,2840,941,423.448
v3-fast-100-r2,fast,100,24,2.581541,1.054167,72.577292,767.631208,790.131,2.5834999999999866,1,0,True,True,2840,941,423.448
v3-fast-100-r2,fast,100,25,0.395625,1.175333,74.150208,764.226833,815.08775,0.39758299999999736,1,0,True,True,2840,941,423.448
v3-fast-100-r2,fast,100,26,0.215292,1.290209,75.657792,765.764333,790.1305,0.21737499999998988,1,0,True,True,2840,941,423.448
v3-fast-100-r2,fast,100,27,0.251166,2.016792,77.927292,768.055,790.134333,0.2527079999999984,1,0,True,True,2840,941,423.448
v3-fast-100-r2,fast,100,28,0.571291,1.154458,79.65525,764.731708,790.121875,0.5735000000000099,1,0,True,True,2840,941,423.448
v3-fast-100-r2,fast,100,29,1.849458,1.011458,82.519958,767.557792,790.136875,1.8532500000000027,1,0,True,True,2840,941,423.448
v3-fast-100-r2,fast,100,30,0.233708,1.179041,83.933833,763.975083,815.081375,0.23483399999999222,1,0,True,True,2840,941,423.448
v3-fast-100-r2,fast,100,31,0.217,1.346833,85.498958,765.5555,790.133333,0.21829199999999105,1,0,True,True,2840,941,423.448
v3-fast-100-r2,fast,100,32,0.214708,1.211041,86.926583,766.994792,790.135958,0.21658399999999745,1,0,True,True,2840,941,423.448
v3-fast-100-r2,fast,100,33,0.403291,1.698,89.029125,764.151625,815.079,0.4045420000000064,1,0,True,True,2840,941,423.448
v3-fast-100-r2,fast,100,34,0.295708,1.405583,90.733208,765.7975,790.123333,0.2985000000000042,1,0,True,True,2840,941,423.448
v3-fast-100-r2,fast,100,35,0.275375,1.752959,92.764917,767.804875,790.131708,0.2787500000000023,1,0,True,True,2840,941,423.448
v3-fast-100-r2,fast,100,36,0.233083,1.195208,94.196333,764.241667,815.08025,0.23620800000000486,1,0,True,True,2840,941,423.448
v3-fast-100-r2,fast,100,37,0.489125,1.323125,96.010083,766.075458,790.138583,0.4906250000000085,1,0,True,True,2840,941,423.448
v3-fast-100-r2,fast,100,38,0.235459,1.496916,97.744833,767.8215,790.133792,0.23783400000000654,1,0,True,True,2840,941,423.448
v3-fast-100-r2,fast,100,39,0.22425,1.28525,99.255542,764.330875,815.087292,0.22545900000000074,1,0,True,True,2840,941,423.448
v3-fast-100-r2,fast,100,40,0.222708,1.267,100.746792,765.798083,790.137583,0.22424999999999784,1,0,True,True,2840,941,423.448
v3-fast-100-r2,fast,100,41,0.21,1.705041,102.663333,767.7345,790.128042,0.2115000000000009,1,0,True,True,2840,941,423.448
v3-fast-100-r2,fast,100,42,0.544291,1.293583,104.503708,764.602208,815.085167,0.5467920000000106,1,0,True,True,2840,941,423.448
v3-fast-100-r2,fast,100,43,0.218625,1.09225,105.8165,765.860333,790.123667,0.2205419999999947,1,0,True,True,2840,941,423.448
v3-fast-100-r2,fast,100,44,0.2255,1.540125,107.58375,767.648833,790.142792,0.2271250000000009,1,0,True,True,2840,941,423.448
v3-fast-100-r2,fast,100,45,0.576083,1.383291,109.545458,764.664,790.128375,0.5784170000000017,1,0,True,True,2840,941,423.448
v3-fast-100-r2,fast,100,46,0.243375,1.473208,111.264333,766.314792,790.125875,0.24566699999999742,1,0,True,True,2840,941,423.448
v3-fast-100-r2,fast,100,47,0.23475,1.328458,112.8295,767.876667,790.138125,0.23670900000000472,1,0,True,True,2840,941,423.448
v3-fast-100-r2,fast,100,48,0.211584,1.258042,114.301125,764.340083,815.082375,0.21358299999999986,1,0,True,True,2840,941,423.448
v3-fast-100-r2,fast,100,49,0.358833,1.195791,115.857833,765.937542,790.138542,0.3609170000000006,1,0,True,True,2840,941,423.448
v3-fast-100-r2,fast,100,50,0.205291,1.337917,117.402667,767.44875,790.138833,0.20691700000000424,1,0,True,True,2840,941,423.448
v3-fast-100-r2,fast,100,51,0.22575,1.264667,118.894667,763.940708,815.080875,0.22733300000000156,1,0,True,True,2840,941,423.448
v3-fast-100-r2,fast,100,52,0.219416,1.166125,120.28225,765.329583,790.13625,0.22145799999999838,1,0,True,True,2840,941,423.448
v3-fast-100-r2,fast,100,53,0.455166,1.5515,122.290625,767.396708,790.132458,0.4568749999999966,1,0,True,True,2840,941,423.448
v3-fast-100-r2,fast,100,54,0.2235,1.622708,124.138875,764.234708,815.079333,0.22554199999999014,1,0,True,True,2840,941,423.448
v3-fast-100-r2,fast,100,55,0.241542,1.391834,125.773917,765.848333,790.1275,0.24320799999999565,1,0,True,True,2840,941,423.448
v3-fast-100-r2,fast,100,56,0.241375,1.42475,127.442458,767.516875,790.131333,0.24379100000000165,1,0,True,True,2840,941,423.448
v3-fast-100-r2,fast,100,57,0.269042,1.194625,128.907833,763.965917,815.087,0.2707499999999925,1,0,True,True,2840,941,423.448
v3-fast-100-r2,fast,100,58,0.215625,1.224584,130.350167,765.42575,790.134875,0.21774999999999523,1,0,True,True,2840,941,423.448
v3-fast-100-r2,fast,100,59,0.232875,1.868625,132.452875,767.537333,790.1255,0.23408299999999826,1,0,True,True,2840,941,423.448
v3-fast-100-r2,fast,100,60,0.21025,1.437333,134.102333,764.152333,815.082917,0.21212499999998613,1,0,True,True,2840,941,423.448
v3-fast-100-r2,fast,100,61,0.249584,1.263125,135.617083,765.642625,790.128792,0.2516250000000184,1,0,True,True,2840,941,423.448
v3-fast-100-r2,fast,100,62,0.247,1.31425,137.185875,767.212167,790.131875,0.2545419999999865,1,0,True,True,2840,941,423.448
v3-fast-100-r2,fast,100,63,0.664667,1.330416,139.185083,764.280375,815.081792,0.6687919999999963,1,0,True,True,2840,941,423.448
v3-fast-100-r2,fast,100,64,0.223833,1.422458,140.833208,765.869917,790.139333,0.2256670000000156,1,0,True,True,2840,941,423.448
v3-fast-100-r2,fast,100,65,0.623959,1.208375,142.667625,767.742125,790.128542,0.626041999999984,1,0,True,True,2840,941,423.448
v3-fast-100-r2,fast,100,66,0.203292,1.367791,144.240458,764.355292,815.084625,0.20504200000002015,1,0,True,True,2840,941,423.448
v3-fast-100-r2,fast,100,67,0.221042,1.373916,145.836958,765.879833,790.139542,0.22258400000001188,1,0,True,True,2840,941,423.448
v3-fast-100-r2,fast,100,68,0.214542,1.51425,147.567083,767.635875,790.124292,0.21587499999998272,1,0,True,True,2840,941,423.448
v3-fast-100-r2,fast,100,69,0.519666,1.230792,149.335292,764.416167,815.08,0.5374170000000049,1,0,True,True,2840,941,423.448
v3-fast-100-r2,fast,100,70,0.231709,1.070959,150.640042,765.789417,790.130083,0.23379099999999653,1,0,True,True,2840,941,423.448
v3-fast-100-r2,fast,100,71,0.312125,1.14625,152.100167,767.186708,790.138,0.3138749999999959,1,0,True,True,2840,941,423.448
v3-fast-100-r2,fast,100,72,0.227417,1.32875,153.658792,763.7525,815.082792,0.22987499999999272,1,0,True,True,2840,941,423.448
v3-fast-100-r2,fast,100,73,0.220125,1.286792,155.167792,765.258917,790.135292,0.22220799999999485,1,0,True,True,2840,941,423.448
v3-fast-100-r2,fast,100,74,0.670708,1.358625,157.202042,767.26725,790.139792,0.6756249999999966,1,0,True,True,2840,941,423.448
v3-fast-100-r2,fast,100,75,0.22125,1.211083,158.636708,763.760583,815.077833,0.22358299999999076,1,0,True,True,2840,941,423.448
v3-fast-100-r2,fast,100,76,0.243542,1.445791,160.328083,765.411667,790.136458,0.24558400000000802,1,0,True,True,2840,941,423.448
v3-fast-100-r2,fast,100,77,0.216958,1.621292,162.168542,767.320833,790.129833,0.21916699999999878,1,0,True,True,2840,941,423.448
v3-fast-100-r2,fast,100,78,0.562875,1.363,164.098583,764.163917,815.081,0.567040999999989,1,0,True,True,2840,941,423.448
v3-fast-100-r2,fast,100,79,0.209334,1.28225,165.591708,765.668042,790.129167,0.2108750000000157,1,0,True,True,2840,941,423.448
v3-fast-100-r2,fast,100,80,0.218375,1.313375,167.125625,767.204667,790.12925,0.2205419999999947,1,0,True,True,2840,941,423.448
v3-fast-100-r2,fast,100,81,0.2205,1.492542,168.840542,763.906333,815.084833,0.22237499999999955,1,0,True,True,2840,941,423.448
v3-fast-100-r2,fast,100,82,0.499167,1.240209,170.584042,765.669792,790.128167,0.5032909999999902,1,0,True,True,2840,941,423.448
v3-fast-100-r2,fast,100,83,0.222834,1.103709,171.912042,767.020333,790.135833,0.2242909999999938,1,0,True,True,2840,941,423.448
v3-fast-100-r2,fast,100,84,0.220375,1.147541,173.280833,763.561583,815.083375,0.22124999999999773,1,0,True,True,2840,941,423.448
v3-fast-100-r2,fast,100,85,0.212875,1.489542,174.984625,765.052875,790.128917,0.21424999999999272,1,0,True,True,2840,941,423.448
v3-fast-100-r2,fast,100,86,0.238958,1.1455,176.374625,766.522417,790.134625,0.24450000000001637,1,0,True,True,2840,941,423.448
v3-fast-100-r2,fast,100,87,0.232458,1.210458,177.819833,767.912333,790.144583,0.23474999999999113,1,0,True,True,2840,941,423.448
v3-fast-100-r2,fast,100,88,0.29975,1.31875,179.440458,764.552083,815.082417,0.3018750000000239,1,0,True,True,2840,941,423.448
v3-fast-100-r2,fast,100,89,0.414916,1.461417,181.318917,766.379,790.12725,0.4170419999999808,1,0,True,True,2840,941,423.448
v3-fast-100-r2,fast,100,90,0.259542,1.125709,182.706792,767.742417,790.127875,0.26216600000000767,1,0,True,True,2840,941,423.448
v3-fast-100-r2,fast,100,91,0.223792,1.110625,184.043167,764.144,815.084125,0.225750000000005,1,0,True,True,2840,941,423.448
v3-fast-100-r2,fast,100,92,0.228291,1.5685,185.84125,765.8825,790.142292,0.229582999999991,1,0,True,True,2840,941,423.448
v3-fast-100-r2,fast,100,93,0.226334,1.233792,187.303375,767.421458,790.140125,0.22833299999999213,1,0,True,True,2840,941,423.448
v3-fast-100-r2,fast,100,94,0.243416,1.488333,189.036875,764.120458,815.086083,0.24516700000000924,1,0,True,True,2840,941,423.448
v3-fast-100-r2,fast,100,95,0.556709,1.138667,190.737125,765.809208,790.133,0.5615829999999846,1,0,True,True,2840,941,423.448
v3-fast-100-r2,fast,100,96,0.225834,1.151583,192.11625,767.198458,790.125417,0.2275419999999997,1,0,True,True,2840,941,423.448
v3-fast-100-r2,fast,100,97,0.258417,1.510125,193.886042,763.994417,815.08325,0.259666999999979,1,0,True,True,2840,941,423.448
v3-fast-100-r2,fast,100,98,0.384167,1.145875,195.426833,765.50325,790.127042,0.39491599999999494,1,0,True,True,2840,941,423.448
v3-fast-100-r2,fast,100,99,0.230167,1.475959,197.134917,767.210625,790.13725,0.23212500000002478,1,0,True,True,2840,941,423.448
v3-fast-100-r2,fast,100,100,0.218,1.275042,198.629917,763.649292,815.0875,0.21995799999999122,1,0,True,True,2840,941,423.448
v3-fast-100-r3,fast,100,1,0.503042,2.11225,2.11225,427.176041,444.863416,,1,0,False,,1891,941,99.642
v3-fast-100-r3,fast,100,2,0.305875,1.364209,3.784375,768.837541,785.224541,0.3079160000000001,1,0,True,True,2840,941,430.168
v3-fast-100-r3,fast,100,3,0.249042,1.556459,5.592,765.662958,785.267083,0.25116600000000044,1,0,True,True,2840,941,430.168
v3-fast-100-r3,fast,100,4,0.246625,2.063583,7.904041,767.94275,785.236208,0.2484580000000003,1,0,True,True,2840,941,430.168
v3-fast-100-r3,fast,100,5,0.230334,1.621292,9.757958,764.792333,785.220666,0.23262499999999964,1,0,True,True,2840,941,430.168
v3-fast-100-r3,fast,100,6,0.500292,1.062167,11.325708,766.373125,785.242458,0.5055829999999997,1,0,True,True,2840,941,430.168
v3-fast-100-r3,fast,100,7,0.210916,1.357958,12.895666,767.933833,785.227958,0.21199999999999974,1,0,True,True,2840,941,430.168
v3-fast-100-r3,fast,100,8,0.24675,1.481958,14.626208,764.695583,785.231416,0.24858399999999925,1,0,True,True,2840,941,430.168
v3-fast-100-r3,fast,100,9,3.885083,3.952875,22.465666,767.5005,785.217166,3.886583,1,0,True,True,2840,941,430.168
v3-fast-100-r3,fast,100,10,0.224291,2.982167,25.6745,765.724916,785.227083,0.22666700000000262,1,0,True,True,2840,941,430.168
v3-fast-100-r3,fast,100,11,0.557333,1.072667,27.306625,767.361,785.221208,0.5594580000000029,1,0,True,True,2840,941,430.168
v3-fast-100-r3,fast,100,12,0.220375,1.502917,29.03175,769.050583,785.226416,0.2222079999999984,1,0,True,True,2840,941,430.168
v3-fast-100-r3,fast,100,13,0.201458,1.242042,30.4765,765.520791,785.219333,0.20270800000000122,1,0,True,True,2840,941,430.168
v3-fast-100-r3,fast,100,14,0.199958,1.259708,31.938416,767.008375,785.220833,0.20220799999999883,1,0,True,True,2840,941,430.168
v3-fast-100-r3,fast,100,15,0.230292,1.205542,33.376208,768.419833,785.231333,0.23224999999999696,1,0,True,True,2840,941,430.168
v3-fast-100-r3,fast,100,16,0.234375,1.345166,34.957541,765.011375,785.220125,0.2361670000000018,1,0,True,True,2840,941,430.168
v3-fast-100-r3,fast,100,17,0.521875,1.123958,36.615333,766.673625,785.224958,0.5338339999999988,1,0,True,True,2840,941,430.168
v3-fast-100-r3,fast,100,18,0.24425,1.561125,38.422375,768.480666,785.233,0.2459169999999986,1,0,True,True,2840,941,430.168
v3-fast-100-r3,fast,100,19,2.309375,1.0615,41.794666,766.874916,785.235125,2.3107909999999947,1,0,True,True,2840,941,430.168
v3-fast-100-r3,fast,100,20,2.919292,3.816916,48.532791,768.583958,785.234541,2.9212089999999975,1,0,True,True,2840,941,430.168
v3-fast-100-r3,fast,100,21,4.0945,1.048375,53.678708,768.714166,785.214833,4.097541999999997,1,0,True,True,2840,941,430.168
v3-fast-100-r3,fast,100,22,0.20525,1.371583,55.257583,765.317375,785.22625,0.20729200000000247,1,0,True,True,2840,941,430.168
v3-fast-100-r3,fast,100,23,1.240709,1.015709,57.515875,767.582541,785.224416,1.2425830000000033,1,0,True,True,2840,941,430.168
v3-fast-100-r3,fast,100,24,0.215208,1.25125,58.983958,769.028291,785.221958,0.21683300000000116,1,0,True,True,2840,941,430.168
v3-fast-100-r3,fast,100,25,0.206958,1.110125,60.3025,765.354416,785.218666,0.2084169999999972,1,0,True,True,2840,941,430.168
v3-fast-100-r3,fast,100,26,0.318375,1.38625,62.009791,767.066166,785.228791,0.321041000000001,1,0,True,True,2840,941,430.168
v3-fast-100-r3,fast,100,27,0.496667,1.2675,63.776875,768.8425,785.235375,0.4995839999999987,1,0,True,True,2840,941,430.168
v3-fast-100-r3,fast,100,28,2.745917,1.06725,67.591875,767.648833,785.228666,2.7477500000000035,1,0,True,True,2840,941,430.168
v3-fast-100-r3,fast,100,29,0.213916,1.219083,69.026416,769.048708,785.229458,0.21545799999999815,1,0,True,True,2840,941,430.168
v3-fast-100-r3,fast,100,30,0.207041,1.615667,70.85025,765.894916,785.233541,0.2081670000000031,1,0,True,True,2840,941,430.168
v3-fast-100-r3,fast,100,31,3.887792,1.033333,75.776916,765.836583,785.233958,3.8933329999999984,1,0,True,True,2840,941,430.168
v3-fast-100-r3,fast,100,32,5.879125,1.094917,82.752875,767.774875,785.256416,5.881041999999994,1,0,True,True,2840,941,430.168
v3-fast-100-r3,fast,100,33,0.32275,1.24025,84.317416,769.370541,785.223625,0.3242910000000023,1,0,True,True,2840,941,430.168
v3-fast-100-r3,fast,100,34,1.268875,1.039792,86.627875,766.694375,785.229916,1.270667000000003,1,0,True,True,2840,941,430.168
v3-fast-100-r3,fast,100,35,0.227792,1.487917,88.345208,768.401083,785.220458,0.2294160000000005,1,0,True,True,2840,941,430.168
v3-fast-100-r3,fast,100,36,0.207125,1.558042,90.112125,765.157833,785.229333,0.20887500000000614,1,0,True,True,2840,941,430.168
v3-fast-100-r3,fast,100,37,3.405,1.043,94.562791,764.604833,785.215958,3.407665999999992,1,0,True,True,2840,941,430.168
v3-fast-100-r3,fast,100,38,0.233375,1.356125,96.153833,766.203166,785.231,0.23491699999999582,1,0,True,True,2840,941,430.168
v3-fast-100-r3,fast,100,39,0.246834,1.162709,97.564875,767.602,785.219208,0.24833299999998815,1,0,True,True,2840,941,430.168
v3-fast-100-r3,fast,100,40,0.216958,1.3425,99.125708,769.168791,785.230416,0.21833300000000122,1,0,True,True,2840,941,430.168
v3-fast-100-r3,fast,100,41,0.6205,1.2655,101.014541,766.152708,785.222333,0.6233330000000024,1,0,True,True,2840,941,430.168
v3-fast-100-r3,fast,100,42,0.213792,1.196041,102.426041,767.479666,785.219875,0.21545900000000984,1,0,True,True,2840,941,430.168
v3-fast-100-r3,fast,100,43,1.328416,1.199042,104.954875,764.992708,785.219625,1.3297919999999976,1,0,True,True,2840,941,430.168
v3-fast-100-r3,fast,100,44,1.683958,3.850458,110.491708,765.536583,785.223041,1.6863749999999982,1,0,True,True,2840,941,430.168
v3-fast-100-r3,fast,100,45,0.226208,1.112542,111.833,766.928,785.235708,0.2287499999999909,1,0,True,True,2840,941,430.168
v3-fast-100-r3,fast,100,46,0.248542,1.453583,113.537083,768.580416,785.2235,0.2505000000000024,1,0,True,True,2840,941,430.168
v3-fast-100-r3,fast,100,47,0.226166,1.422375,115.187083,765.231041,785.216875,0.2276250000000033,1,0,True,True,2840,941,430.168
v3-fast-100-r3,fast,100,48,0.232209,1.313459,116.734375,766.767291,785.223833,0.23383300000000418,1,0,True,True,2840,941,430.168
v3-fast-100-r3,fast,100,49,0.276375,1.274125,118.286291,768.345333,785.220041,0.27779099999999346,1,0,True,True,2840,941,430.168
v3-fast-100-r3,fast,100,50,0.213083,1.227791,119.729541,764.774041,785.232041,0.21545899999999563,1,0,True,True,2840,941,430.168
v3-fast-100-r3,fast,100,51,0.237375,1.258375,121.227,766.264541,785.222125,0.2390840000000054,1,0,True,True,2840,941,430.168
v3-fast-100-r3,fast,100,52,0.262209,1.131125,122.622416,767.763916,785.231916,0.26429100000000005,1,0,True,True,2840,941,430.168
v3-fast-100-r3,fast,100,53,0.439542,1.2715,124.335375,764.423625,779.951333,0.4414589999999947,1,0,True,True,2840,941,430.168
v3-fast-100-r3,fast,100,54,0.261708,1.861958,126.461458,766.519416,785.220333,0.26412500000000705,1,0,True,True,2840,941,430.168
v3-fast-100-r3,fast,100,55,0.21275,1.447625,128.123458,768.178666,785.229708,0.21437500000000398,1,0,True,True,2840,941,430.168
v3-fast-100-r3,fast,100,56,0.219959,1.283083,129.627958,764.679541,785.263916,0.22141700000000242,1,0,True,True,2840,941,430.168
v3-fast-100-r3,fast,100,57,0.277084,1.240709,131.147875,766.246375,785.223125,0.2792079999999828,1,0,True,True,2840,941,430.168
v3-fast-100-r3,fast,100,58,0.700167,1.443334,133.293,768.329333,785.233458,0.7017910000000143,1,0,True,True,2840,941,430.168
v3-fast-100-r3,fast,100,59,0.238292,1.361167,134.894583,764.946208,785.221375,0.24041599999998198,1,0,True,True,2840,941,430.168
v3-fast-100-r3,fast,100,60,0.224125,1.180417,136.30075,766.359625,785.230083,0.22574999999997658,1,0,True,True,2840,941,430.168
v3-fast-100-r3,fast,100,61,0.253125,1.297792,137.854,767.926708,785.225375,0.2554580000000044,1,0,True,True,2840,941,430.168
v3-fast-100-r3,fast,100,62,0.226708,1.485208,139.568208,764.6125,785.229166,0.228999999999985,1,0,True,True,2840,941,430.168
v3-fast-100-r3,fast,100,63,0.21425,1.361292,141.14525,766.184125,785.221708,0.2157500000000141,1,0,True,True,2840,941,430.168
v3-fast-100-r3,fast,100,64,0.23025,1.27675,142.654083,767.756666,785.228375,0.23208299999998871,1,0,True,True,2840,941,430.168
v3-fast-100-r3,fast,100,65,0.839041,1.297625,144.796,764.877,785.21825,0.8442919999999958,1,0,True,True,2840,941,430.168
v3-fast-100-r3,fast,100,66,0.216042,1.454166,146.468041,766.507625,785.217791,0.2178750000000207,1,0,True,True,2840,941,430.168
v3-fast-100-r3,fast,100,67,0.23725,1.292083,147.999208,768.062,785.232625,0.2390839999999912,1,0,True,True,2840,941,430.168
v3-fast-100-r3,fast,100,68,0.22025,1.79975,150.0205,765.065083,785.228375,0.22154199999999946,1,0,True,True,2840,941,430.168
v3-fast-100-r3,fast,100,69,0.225584,1.274125,151.522666,766.587375,785.22725,0.2280409999999904,1,0,True,True,2840,941,430.168
v3-fast-100-r3,fast,100,70,0.223625,1.269375,153.016916,768.065833,785.222875,0.2248750000000257,1,0,True,True,2840,941,430.168
v3-fast-100-r3,fast,100,71,0.358834,1.227625,154.605291,764.699083,785.217875,0.3607499999999959,1,0,True,True,2840,941,430.168
v3-fast-100-r3,fast,100,72,0.230375,1.529334,156.368375,766.437791,785.217625,0.23375000000001478,1,0,True,True,2840,941,430.168
v3-fast-100-r3,fast,100,73,0.266916,1.247583,157.885166,767.948125,785.234333,0.2692080000000203,1,0,True,True,2840,941,430.168
v3-fast-100-r3,fast,100,74,0.575958,1.314083,159.776916,764.859458,785.227583,0.577666999999991,1,0,True,True,2840,941,430.168
v3-fast-100-r3,fast,100,75,0.242666,1.38225,161.403833,766.457583,785.216458,0.24466699999999264,1,0,True,True,2840,941,430.168
v3-fast-100-r3,fast,100,76,0.256709,1.431834,163.09375,768.129583,785.234875,0.2580829999999992,1,0,True,True,2840,941,430.168
v3-fast-100-r3,fast,100,77,0.211917,1.406584,164.714,764.789666,785.232416,0.21366599999998925,1,0,True,True,2840,941,430.168
v3-fast-100-r3,fast,100,78,0.956666,1.268208,166.942791,767.024333,785.224208,0.960583000000014,1,0,True,True,2840,941,430.168
v3-fast-100-r3,fast,100,79,0.23675,1.361209,168.54475,768.589,785.216333,0.24074999999999136,1,0,True,True,2840,941,430.168
v3-fast-100-r3,fast,100,80,0.256875,1.18625,169.989958,765.071791,785.232833,0.2589580000000069,1,0,True,True,2840,941,430.168
v3-fast-100-r3,fast,100,81,0.224458,1.224583,171.440916,766.494375,785.2215,0.22637499999999022,1,0,True,True,2840,941,430.168
v3-fast-100-r3,fast,100,82,0.22475,1.049375,172.717041,767.759416,785.232291,0.22675000000000978,1,0,True,True,2840,941,430.168
v3-fast-100-r3,fast,100,83,0.222125,1.306625,174.248,769.301916,785.222625,0.22433399999999892,1,0,True,True,2840,941,430.168
v3-fast-100-r3,fast,100,84,0.238208,1.734375,176.22275,766.271791,785.236375,0.24037500000000023,1,0,True,True,2840,941,430.168
v3-fast-100-r3,fast,100,85,0.230166,1.085208,177.540166,767.598416,785.217291,0.23220800000001418,1,0,True,True,2840,941,430.168
v3-fast-100-r3,fast,100,86,0.242041,1.132,178.91625,768.983375,785.231541,0.24408399999998664,1,0,True,True,2840,941,430.168
v3-fast-100-r3,fast,100,87,0.206792,1.397709,180.522,765.648625,785.218375,0.20804100000000858,1,0,True,True,2840,941,430.168
v3-fast-100-r3,fast,100,88,0.381709,1.412667,182.318708,767.367708,785.224,0.3840409999999963,1,0,True,True,2840,941,430.168
v3-fast-100-r3,fast,100,89,0.277458,1.352292,183.950625,769.012791,785.230291,0.27962500000001,1,0,True,True,2840,941,430.168
v3-fast-100-r3,fast,100,90,0.271417,1.312708,185.536208,765.584166,785.236708,0.2728749999999991,1,0,True,True,2840,941,430.168
v3-fast-100-r3,fast,100,91,0.650875,1.370708,187.559958,767.604458,785.218958,0.6530419999999992,1,0,True,True,2840,941,430.168
v3-fast-100-r3,fast,100,92,0.3185,1.071333,188.952458,769.136916,785.217,0.32116700000000264,1,0,True,True,2840,941,430.168
v3-fast-100-r3,fast,100,93,0.223375,1.388125,190.567041,765.67,785.228916,0.22645799999997962,1,0,True,True,2840,941,430.168
v3-fast-100-r3,fast,100,94,0.317083,1.28075,192.171,767.233875,785.226708,0.32320900000001984,1,0,True,True,2840,941,430.168
v3-fast-100-r3,fast,100,95,0.211834,1.459417,193.843708,768.891208,785.23075,0.21329099999999812,1,0,True,True,2840,941,430.168
v3-fast-100-r3,fast,100,96,0.208959,1.310125,195.365166,765.43825,785.229625,0.21133299999999622,1,0,True,True,2840,941,430.168
v3-fast-100-r3,fast,100,97,0.388917,1.379083,197.136333,767.248166,785.2195,0.3920840000000112,1,0,True,True,2840,941,430.168
v3-fast-100-r3,fast,100,98,0.24225,1.226875,198.608458,768.657625,785.226041,0.24524999999999864,1,0,True,True,2840,941,430.168
v3-fast-100-r3,fast,100,99,0.22575,1.227,200.062791,765.125666,785.22975,0.22733299999998735,1,0,True,True,2840,941,430.168
v3-fast-100-r3,fast,100,100,0.514792,1.138625,201.717791,766.765125,785.2305,0.5163749999999823,1,0,True,True,2840,941,430.168
v3-wait_final-1-r1,wait_final,1,1,0.411875,2.003917,2.003917,402.159958,419.913208,,1,0,False,,1891,941,72.643
v3-wait_final-1-r2,wait_final,1,1,0.413292,1.981291,1.981291,427.09425,480.944541,,1,0,False,,1891,941,88.793
v3-wait_final-1-r3,wait_final,1,1,0.468417,2.195834,2.195834,427.30675,446.037834,,1,0,False,,1891,941,92.556
v3-wait_final-10-r1,wait_final,10,1,0.506666,2.142875,2.142875,452.186,470.062,,1,0,False,,1891,941,99.741
v3-wait_final-10-r1,wait_final,10,2,0.563583,1.762958,454.515125,1104.59725,1124.841417,450.609292,1,0,False,False,1891,941,758.862
v3-wait_final-10-r1,wait_final,10,3,0.202292,0.981041,1105.783458,1755.81325,1774.71525,650.2872920000001,1,0,False,False,1891,941,1421.514
v3-wait_final-10-r1,wait_final,10,4,0.217709,0.971875,1757.004708,2402.105667,2419.719958,650.2493749999999,1,0,False,False,1891,941,2071.367
v3-wait_final-10-r1,wait_final,10,5,0.216708,30.410833,2432.735458,3052.857375,3070.607708,645.3199170000003,2,0,False,False,1891,941,2723.87
v3-wait_final-10-r1,wait_final,10,6,0.219084,27.163042,3080.241625,3705.507625,3725.275292,620.3431249999999,2,0,False,False,1891,941,3371.866
v3-wait_final-10-r1,wait_final,10,7,0.227375,1.093375,3706.831917,4351.904167,4369.935917,625.4969169999999,1,0,False,False,1891,941,4006.468
v3-wait_final-10-r1,wait_final,10,8,0.203292,28.584416,4380.693583,4981.022125,5000.215833,645.2772499999996,2,0,False,False,1891,941,4658.547
v3-wait_final-10-r1,wait_final,10,9,0.248584,0.954084,4982.228167,5627.289708,5644.845917,600.5805,1,0,False,False,1891,941,5287.632
v3-wait_final-10-r1,wait_final,10,10,0.20725,27.527583,5655.026458,6280.534708,6299.845333,645.270708,2,0,False,False,1891,941,5945.374
v3-wait_final-10-r2,wait_final,10,1,0.410375,2.325959,2.325959,452.707334,470.025792,,1,0,False,,1891,941,87.749
v3-wait_final-10-r2,wait_final,10,2,0.274167,1.274792,454.258292,1079.316459,1095.780084,450.657541,1,0,False,False,1891,941,751.578
v3-wait_final-10-r2,wait_final,10,3,0.2035,0.999167,1080.521292,1730.565792,1749.846084,625.263833,1,0,False,False,1891,941,1389.345
v3-wait_final-10-r2,wait_final,10,4,0.22725,1.029041,1731.82525,2376.958834,2394.806417,650.2749170000002,1,0,False,False,1891,941,2034.147
v3-wait_final-10-r2,wait_final,10,5,0.213708,0.997916,2378.172125,3028.289334,3044.807209,645.3489589999997,1,0,False,False,1891,941,2684.801
v3-wait_final-10-r2,wait_final,10,6,0.222875,1.030167,3029.544459,3679.86375,3699.816042,650.3421669999998,1,0,False,False,1891,941,3340.463
v3-wait_final-10-r2,wait_final,10,7,0.266583,1.148416,3681.282125,4326.328334,4344.813834,650.58925,1,0,False,False,1891,941,3985.804
v3-wait_final-10-r2,wait_final,10,8,0.244083,1.005125,4327.580542,4977.979042,4994.79825,645.2932919999998,1,0,False,False,1891,941,4647.41
v3-wait_final-10-r2,wait_final,10,9,0.254917,0.966334,4979.202709,5654.361709,5670.38225,650.6558330000007,1,0,False,False,1891,941,5310.686
v3-wait_final-10-r2,wait_final,10,10,0.225333,0.984375,5655.574209,6305.688,6324.934417,675.3871250000002,1,0,False,False,1891,941,5960.271
v3-wait_final-10-r3,wait_final,10,1,0.412167,1.822042,1.822042,427.016375,446.374834,,1,0,False,,1891,941,87.776
v3-wait_final-10-r3,wait_final,10,2,0.239542,27.327,454.584709,1079.71125,1099.802875,425.43566699999997,2,0,False,False,1891,941,736.78
v3-wait_final-10-r3,wait_final,10,3,0.218875,1.191792,1081.124292,1726.186584,1744.842834,625.3477909999999,1,0,False,False,1891,941,1378.847
v3-wait_final-10-r3,wait_final,10,4,0.253541,27.385375,1753.827292,2359.532209,2374.788792,645.3176250000001,2,0,False,False,1891,941,2021.938
v3-wait_final-10-r3,wait_final,10,5,0.3645,1.901583,2361.800292,3001.853667,3019.939959,606.0714170000001,1,0,False,False,1891,941,2671.333
v3-wait_final-10-r3,wait_final,10,6,0.208625,28.621292,3030.685167,3655.746584,3674.979,640.2635829999999,2,0,False,False,1891,941,3325.947
v3-wait_final-10-r3,wait_final,10,7,0.212458,0.954375,3656.920209,4326.99,4344.9055,625.280667,1,0,False,False,1891,941,3970.98
v3-wait_final-10-r3,wait_final,10,8,0.241042,1.059667,4328.293917,4953.409875,4970.983584,670.3140410000005,1,0,False,False,1891,941,4620.055
v3-wait_final-10-r3,wait_final,10,9,0.20375,27.803292,4981.418584,5601.501792,5619.94025,625.3213750000004,2,0,False,False,1891,941,5263.758
v3-wait_final-10-r3,wait_final,10,10,0.207292,29.16225,5630.872959,6256.033209,6275.097417,620.2921249999999,2,0,False,False,1891,941,5927.818
v3-wait_final-100-r1,wait_final,100,1,0.5055,2.190917,2.190917,427.373708,444.830708,,1,0,False,,1891,941,82.607
v3-wait_final-100-r1,wait_final,100,2,0.253416,1.118917,428.747667,1079.077333,1094.803792,425.437833,1,0,False,False,1891,941,723.479
v3-wait_final-100-r1,wait_final,100,3,0.209958,1.231708,1080.521,1705.619833,1724.755,650.541625,1,0,False,False,1891,941,1382.135
v3-wait_final-100-r1,wait_final,100,4,0.210959,3.04075,1708.873875,2379.164167,2395.14275,625.3121250000002,1,0,False,False,1891,941,2034.16
v3-wait_final-100-r1,wait_final,100,5,0.210709,1.04975,2380.426458,3030.588833,3050.282917,670.5028329999998,1,0,False,False,1891,941,2691.804
v3-wait_final-100-r1,wait_final,100,6,0.2105,0.952334,3031.753417,3676.78425,3694.856542,650.3746249999999,1,0,False,False,1891,941,3349.959
v3-wait_final-100-r1,wait_final,100,7,0.251167,29.613667,3706.652125,4326.726667,4344.777,645.2850410000001,2,0,False,False,1891,941,3994.845
v3-wait_final-100-r1,wait_final,100,8,0.207041,27.380625,4354.316,4979.387292,4995.197958,620.28325,2,0,False,False,1891,941,4636.812
v3-wait_final-100-r1,wait_final,100,9,0.217208,0.94175,4980.548375,5630.686375,5649.80575,625.2906250000005,1,0,False,False,1891,941,5288.851
v3-wait_final-100-r1,wait_final,100,10,0.225917,0.998084,5631.912542,6277.211083,6295.043042,650.3660829999999,1,0,False,False,1891,941,5938.026
v3-wait_final-100-r1,wait_final,100,11,0.213208,27.631458,6305.057708,6930.167083,6949.7235,645.5137080000004,2,0,False,False,1891,941,6602.771
v3-wait_final-100-r1,wait_final,100,12,0.227958,0.939792,6931.337167,7576.426,7595.681167,625.3396669999993,1,0,False,False,1891,941,7244.819
v3-wait_final-100-r1,wait_final,100,13,0.205667,26.877167,7603.510667,8228.614083,8245.735417,645.2963330000002,2,0,False,False,1891,941,7883.445
v3-wait_final-100-r1,wait_final,100,14,0.23575,27.334334,8256.187667,8906.271417,8924.930333,625.3426659999996,2,0,False,False,1891,941,8546.852
v3-wait_final-100-r1,wait_final,100,15,0.222916,1.062125,8907.558875,9527.724375,9544.897333,650.3090830000001,1,0,False,False,1891,941,9194.946
v3-wait_final-100-r1,wait_final,100,16,0.235292,26.897083,9554.858875,10179.897625,10199.797625,620.4029169999994,2,0,False,False,1891,941,9844.469
v3-wait_final-100-r1,wait_final,100,17,1.657584,0.997959,10182.555417,10852.658458,10870.029167,626.6985829999994,1,0,False,False,1891,941,10498.764
v3-wait_final-100-r1,wait_final,100,18,0.252,27.588625,10880.502167,11475.551208,11494.676792,670.3581250000007,2,0,False,False,1891,941,11151.289
v3-wait_final-100-r1,wait_final,100,19,0.214333,26.931333,11502.6985,12128.193167,12144.672833,595.2649999999994,2,0,False,False,1891,941,11800.033
v3-wait_final-100-r1,wait_final,100,20,0.224834,26.70825,12155.128208,12755.163667,12774.731417,625.721458,2,0,False,False,1891,941,12434.438
v3-wait_final-100-r1,wait_final,100,21,0.292458,1.0325,12756.490542,13401.7385,13419.733167,600.3298340000001,1,0,False,False,1891,941,13070.793
v3-wait_final-100-r1,wait_final,100,22,0.218042,28.44,13430.398292,14050.414375,14070.863,645.4677499999998,2,0,False,False,1891,941,13718.455
v3-wait_final-100-r1,wait_final,100,23,0.210583,29.323166,14079.950083,14729.994458,14749.880875,620.2286249999997,2,0,False,False,1891,941,14380.786
v3-wait_final-100-r1,wait_final,100,24,0.211083,0.951042,14731.158417,15401.378167,15420.005458,650.2572920000002,1,0,False,False,1891,941,15043.186
v3-wait_final-100-r1,wait_final,100,25,0.233375,1.236625,15402.850625,16028.171667,16044.743417,670.455582999999,1,0,False,False,1891,941,15701.551
v3-wait_final-100-r1,wait_final,100,26,0.230917,26.8435,16055.248667,16700.267542,16719.694083,625.5545420000017,2,0,False,False,1891,941,16346.371
v3-wait_final-100-r1,wait_final,100,27,0.200167,26.497333,16726.966875,17327.271708,17344.850375,645.2208749999991,2,0,False,False,1891,941,17004.081
v3-wait_final-100-r1,wait_final,100,28,3.058709,0.946209,17331.278792,17976.313833,17994.688917,603.3657080000012,1,0,False,False,1891,941,17651.173
v3-wait_final-100-r1,wait_final,100,29,2.044166,26.690708,18005.051458,18630.197583,18649.831292,647.0819579999988,2,0,False,False,1891,941,18280.878
v3-wait_final-100-r1,wait_final,100,30,0.226042,0.962041,18631.387958,19301.4325,19320.028083,625.3744589999988,1,0,False,False,1891,941,18957.456
v3-wait_final-100-r1,wait_final,100,31,0.213917,27.200125,19328.848833,19954.371125,19970.575625,670.2607500000013,2,0,False,False,1891,941,19620.497
v3-wait_final-100-r1,wait_final,100,32,0.238333,0.997416,19955.608833,20625.682833,20645.663667,625.7625840000001,1,0,False,False,1891,941,20295.299
v3-wait_final-100-r1,wait_final,100,33,0.22175,26.928167,20652.834792,21277.923208,21295.007292,670.2977920000012,2,0,False,False,1891,941,20939.639
v3-wait_final-100-r1,wait_final,100,34,0.232834,27.014,21305.172833,21930.321542,21949.898958,625.3240409999999,2,0,False,False,1891,941,21583.688
v3-wait_final-100-r1,wait_final,100,35,0.239,0.980208,21931.543083,22551.597375,22570.864125,625.3900419999991,1,0,False,False,1891,941,22233.597
v3-wait_final-100-r1,wait_final,100,36,2.669916,29.197792,22583.466917,23203.606125,23219.721792,622.7260419999984,2,0,False,False,1891,941,22874.768
v3-wait_final-100-r1,wait_final,100,37,0.224166,29.083792,23232.916417,23853.490125,23869.751375,620.3657079999975,2,0,False,False,1891,941,23523.231
v3-wait_final-100-r1,wait_final,100,38,2.37975,0.969292,23856.841625,24527.241458,24544.671417,622.955915999999,1,0,False,False,1891,941,24162.389
v3-wait_final-100-r1,wait_final,100,39,0.22725,1.004709,24528.475667,25178.602125,25195.57525,670.6293330000008,1,0,False,False,1891,941,24838.236
v3-wait_final-100-r1,wait_final,100,40,0.225625,26.707208,25205.536958,25855.6235,25875.32675,650.354083000002,2,0,False,False,1891,941,25493.119
v3-wait_final-100-r1,wait_final,100,41,0.529209,1.007584,25857.162917,26477.305375,26494.772125,650.6183749999982,1,0,False,False,1891,941,26150.877
v3-wait_final-100-r1,wait_final,100,42,0.222917,26.933083,26504.465875,27129.575,27150.597375,620.3698750000003,2,0,False,False,1891,941,26785.441
v3-wait_final-100-r1,wait_final,100,43,0.228834,0.972834,27130.779167,27780.944125,27800.254292,625.3404579999988,1,0,False,False,1891,941,27426.215
v3-wait_final-100-r1,wait_final,100,44,0.229416,1.084375,27782.25975,28402.315125,28419.742,650.3962079999983,1,0,False,False,1891,941,28062.493
v3-wait_final-100-r1,wait_final,100,45,0.235667,27.23125,28429.784417,29054.838542,29074.887417,620.2934169999971,2,0,False,False,1891,941,28723.973
v3-wait_final-100-r1,wait_final,100,46,0.405083,1.02775,29056.273458,29701.47125,29719.698792,625.4612909999996,1,0,False,False,1891,941,29354.784
v3-wait_final-100-r1,wait_final,100,47,0.30425,27.380209,29729.160542,30354.345042,30370.070583,645.5068749999991,2,0,False,False,1891,941,29999.938
v3-wait_final-100-r1,wait_final,100,48,0.222958,1.073291,30355.643333,31030.874458,31049.941208,625.4094999999979,1,0,False,False,1891,941,30680.353
v3-wait_final-100-r1,wait_final,100,49,0.245875,1.045542,31032.168167,31677.314167,31694.64025,675.479292,1,0,False,False,1891,941,31334.043
v3-wait_final-100-r1,wait_final,100,50,0.21375,27.414917,31704.944667,32330.057167,32350.135542,645.3615830000017,2,0,False,False,1891,941,31991.526
v3-wait_final-100-r1,wait_final,100,51,0.226209,0.9375,32331.223583,32976.257583,32995.169375,625.3414159999993,1,0,False,False,1891,941,32646.531
v3-wait_final-100-r1,wait_final,100,52,0.229167,26.810958,33003.301125,33628.423292,33645.117417,645.2665840000045,2,0,False,False,1891,941,33286.97
v3-wait_final-100-r1,wait_final,100,53,0.226167,26.835542,33655.487,34275.544417,34294.68325,625.3503330000021,2,0,False,False,1891,941,33939.217
v3-wait_final-100-r1,wait_final,100,54,0.199208,28.435208,34304.180708,34929.268583,34944.904958,620.2584999999963,2,0,False,False,1891,941,34599.54
v3-wait_final-100-r1,wait_final,100,55,0.221666,1.029083,34930.521333,35580.634333,35600.256208,625.3115420000031,1,0,False,False,1891,941,35227.91
v3-wait_final-100-r1,wait_final,100,56,0.2225,0.970625,35581.829792,36226.916708,36245.663083,650.3378340000054,1,0,False,False,1891,941,35900.599
v3-wait_final-100-r1,wait_final,100,57,0.260917,27.373334,36254.555167,36879.666542,36899.911,645.3520410000056,2,0,False,False,1891,941,36541.659
v3-wait_final-100-r1,wait_final,100,58,0.327208,1.221708,36881.218875,37551.293333,37570.8575,625.4420000000027,1,0,False,False,1891,941,37195.173
v3-wait_final-100-r1,wait_final,100,59,0.210667,26.883209,37578.389167,38203.531958,38219.82125,670.2870830000029,2,0,False,False,1891,941,37860.485
v3-wait_final-100-r1,wait_final,100,60,0.219542,28.257125,38232.011,38877.181292,38894.898958,625.364708000001,2,0,False,False,1891,941,38528.267
v3-wait_final-100-r1,wait_final,100,61,0.238959,0.979334,38878.403292,39529.06125,39544.68725,645.4129580000008,1,0,False,False,1891,941,39174.416
v3-wait_final-100-r1,wait_final,100,62,0.233792,1.020417,39530.317167,40155.343,40175.154917,650.8934579999986,1,0,False,False,1891,941,39821.847
v3-wait_final-100-r1,wait_final,100,63,0.225209,0.936209,40156.506792,40801.609792,40819.750333,625.2534159999996,1,0,False,False,1891,941,40458.402
v3-wait_final-100-r1,wait_final,100,64,0.203542,27.540416,40829.355583,41479.833042,41499.795042,645.3083750000005,2,0,False,False,1891,941,41123.237
v3-wait_final-100-r1,wait_final,100,65,0.254625,0.96575,41481.0565,42101.2315,42120.246708,650.7351670000062,1,0,False,False,1891,941,41778.837
v3-wait_final-100-r1,wait_final,100,66,2.655083,27.728791,42131.617583,42751.727458,42769.770917,622.8322919999991,2,0,False,False,1891,941,42419.451
v3-wait_final-100-r1,wait_final,100,67,0.214208,26.835208,42778.778958,43403.916792,43420.802833,620.3261669999993,2,0,False,False,1891,941,43078.996
v3-wait_final-100-r1,wait_final,100,68,0.229459,26.834917,43430.983125,44051.11725,44069.682292,625.3692499999961,2,0,False,False,1891,941,43709.13
v3-wait_final-100-r1,wait_final,100,69,0.213916,26.808583,44078.141458,44703.846,44720.488625,620.3497500000012,2,0,False,False,1891,941,44381.134
v3-wait_final-100-r1,wait_final,100,70,0.285959,29.111,44733.245333,45353.353708,45369.648208,625.9928750000036,2,0,False,False,1891,941,45016.083
v3-wait_final-100-r1,wait_final,100,71,0.20825,27.361458,45380.925708,46026.055042,46044.711958,620.3189170000041,2,0,False,False,1891,941,45671.719
v3-wait_final-100-r1,wait_final,100,72,0.216541,26.673917,46052.948292,46678.073167,46694.799417,645.3486669999984,2,0,False,False,1891,941,46327.395
v3-wait_final-100-r1,wait_final,100,73,0.25975,27.0515,46705.386458,47305.608417,47325.2105,625.3866659999985,2,0,False,False,1891,941,46984.265
v3-wait_final-100-r1,wait_final,100,74,0.225334,0.927167,47306.763625,47976.886667,47994.79575,600.4499999999971,1,0,False,False,1891,941,47636.948
v3-wait_final-100-r1,wait_final,100,75,0.239084,28.023584,48005.151917,48655.538583,48674.741875,670.364708000001,2,0,False,False,1891,941,48301.785
v3-wait_final-100-r1,wait_final,100,76,0.230041,1.165917,48656.937542,49302.058167,49319.948333,650.6197079999984,1,0,False,False,1891,941,48959.379
v3-wait_final-100-r1,wait_final,100,77,0.258667,0.970542,49303.290125,49953.419125,49969.696667,645.3820409999971,1,0,False,False,1891,941,49598.607
v3-wait_final-100-r1,wait_final,100,78,0.251083,26.773625,49980.446417,50575.505125,50594.879667,650.382666999998,2,0,False,False,1891,941,50257.648
v3-wait_final-100-r1,wait_final,100,79,0.227334,29.756917,50605.49175,51255.622625,51274.683917,595.288416000003,2,0,False,False,1891,941,50906.926
v3-wait_final-100-r1,wait_final,100,80,0.253833,0.956667,51256.835542,51901.969542,51919.860625,650.3871250000011,1,0,False,False,1891,941,51569.406
v3-wait_final-100-r1,wait_final,100,81,0.237833,29.339,51931.549125,52551.633458,52570.534875,645.3745829999971,2,0,False,False,1891,941,52224.489
v3-wait_final-100-r1,wait_final,100,82,0.215042,27.698541,52579.549833,53229.598583,53249.678,620.3021670000016,2,0,False,False,1891,941,52870.926
v3-wait_final-100-r1,wait_final,100,83,0.224208,27.134375,53256.960625,53877.34975,53894.693583,650.276417000001,2,0,False,False,1891,941,53548.604
v3-wait_final-100-r1,wait_final,100,84,0.225417,27.149,53904.726542,54554.810625,54569.942833,620.6169169999994,2,0,False,False,1891,941,54202.414
v3-wait_final-100-r1,wait_final,100,85,0.257709,0.996541,54556.066958,55201.174875,55220.033542,650.3438750000059,1,0,False,False,1891,941,54858.895
v3-wait_final-100-r1,wait_final,100,86,0.225166,30.322542,55231.724417,55876.822958,55894.799375,645.3349170000001,2,0,False,False,1891,941,55533.361
v3-wait_final-100-r1,wait_final,100,87,0.216833,0.992791,55878.034208,56528.2175,56545.587417,645.3170000000027,1,0,False,False,1891,941,56191.539
v3-wait_final-100-r1,wait_final,100,88,0.229875,27.717209,56556.166542,57201.212625,57219.685917,650.4151249999995,2,0,False,False,1891,941,56842.072
v3-wait_final-100-r1,wait_final,100,89,0.291792,1.062167,57202.568417,57853.122542,57870.754667,645.3397079999995,1,0,False,False,1891,941,57500.861
v3-wait_final-100-r1,wait_final,100,90,0.234459,27.114834,57880.474292,58500.521208,58520.630458,650.7910409999968,2,0,False,False,1891,941,58161.672
v3-wait_final-100-r1,wait_final,100,91,0.227875,27.2935,58528.044375,59153.153667,59169.788625,620.2765829999989,2,0,False,False,1891,941,58828.53
v3-wait_final-100-r1,wait_final,100,92,0.224583,27.17175,59180.552292,59800.607917,59819.734167,625.3361670000013,2,0,False,False,1891,941,59461.392
v3-wait_final-100-r1,wait_final,100,93,1.64875,29.409375,59831.668167,60451.842167,60469.7485,621.7065000000002,2,0,False,False,1891,941,60121.921
v3-wait_final-100-r1,wait_final,100,94,0.308625,29.551792,60481.710167,61126.74725,61144.833125,620.4902079999956,2,0,False,False,1891,941,60792.462
v3-wait_final-100-r1,wait_final,100,95,0.227334,26.601917,61153.5785,61778.656458,61794.6695,645.2664160000058,2,0,False,False,1891,941,61453.93
v3-wait_final-100-r1,wait_final,100,96,0.22275,29.649542,61808.530625,62454.327833,62469.913542,625.302582999997,2,0,False,False,1891,941,62112.194
v3-wait_final-100-r1,wait_final,100,97,0.243541,0.92825,62455.50175,63100.533583,63119.753292,646.0428749999992,1,0,False,False,1891,941,62764.391
v3-wait_final-100-r1,wait_final,100,98,0.226875,26.815916,63127.578583,63728.135625,63744.852042,645.2609169999996,2,0,False,False,1891,941,63403.145
v3-wait_final-100-r1,wait_final,100,99,4.005417,0.946625,63733.090333,64353.269792,64369.697125,604.565125000001,1,0,False,False,1891,941,64038.982
v3-wait_final-100-r1,wait_final,100,100,0.224875,30.079584,64383.576667,65003.714542,65020.836292,620.4067500000019,2,0,False,False,1891,941,64670.277
v3-wait_final-100-r2,wait_final,100,1,0.411209,1.918209,1.918209,427.067334,446.056167,,1,0,False,,1891,941,85.756
v3-wait_final-100-r2,wait_final,100,2,0.256333,28.612291,455.937625,1050.986125,1069.846917,425.407125,2,0,False,False,1891,941,724.803
v3-wait_final-100-r2,wait_final,100,3,0.202417,30.773292,1081.963792,1727.039042,1745.073334,595.2528749999999,2,0,False,False,1891,941,1376.641
v3-wait_final-100-r2,wait_final,100,4,0.210584,26.98625,1754.238,2379.351417,2394.874709,645.2879579999999,2,0,False,False,1891,941,2036.642
v3-wait_final-100-r2,wait_final,100,5,0.20625,1.05625,2380.615625,3030.748459,3049.786709,625.3213749999998,1,0,False,False,1891,941,2669.383
v3-wait_final-100-r2,wait_final,100,6,0.227042,1.038959,3032.017459,3652.085292,3669.821209,650.3628750000003,1,0,False,False,1891,941,3323.462
v3-wait_final-100-r2,wait_final,100,7,0.211583,28.772125,3681.072709,4301.149584,4319.8865,620.2831249999999,2,0,False,False,1891,941,3971.264
v3-wait_final-100-r2,wait_final,100,8,0.204416,27.022,4328.377542,4953.561917,4969.769917,620.2828330000002,2,0,False,False,1891,941,4616.482
v3-wait_final-100-r2,wait_final,100,9,0.21075,28.605792,4982.381209,5627.837209,5644.77525,625.3978749999997,2,0,False,False,1891,941,5279.862
v3-wait_final-100-r2,wait_final,100,10,0.235833,1.378166,5629.45325,6279.60175,6294.887459,645.6938749999999,1,0,False,False,1891,941,5931.532
v3-wait_final-100-r2,wait_final,100,11,0.228792,0.951917,6280.784209,6925.8045,6945.49625,650.3790420000005,1,0,False,False,1891,941,6607.037
v3-wait_final-100-r2,wait_final,100,12,0.307542,26.85175,6952.974084,7603.070084,7619.814459,645.3381249999993,2,0,False,False,1891,941,7247.321
v3-wait_final-100-r2,wait_final,100,13,0.230583,1.012125,7604.314709,8254.3585,8269.894375,650.3284999999996,1,0,False,False,1891,941,7913.007
v3-wait_final-100-r2,wait_final,100,14,0.263916,1.042042,8255.666709,8905.758709,8924.791834,650.3099579999998,1,0,False,False,1891,941,8547.833
v3-wait_final-100-r2,wait_final,100,15,0.247417,1.043834,8907.053209,9552.092167,9569.784834,650.3426660000005,1,0,False,False,1891,941,9192.442
v3-wait_final-100-r2,wait_final,100,16,0.44875,1.041958,9553.585042,10228.683917,10244.767959,645.4898750000011,1,0,False,False,1891,941,9868.651
v3-wait_final-100-r2,wait_final,100,17,0.237709,1.027667,10229.951292,10880.047209,10899.793459,675.3385829999988,1,0,False,False,1891,941,10531.064
v3-wait_final-100-r2,wait_final,100,18,0.234792,0.934,10881.218,11526.392292,11544.768084,650.3327079999999,1,0,False,False,1891,941,11199.534
v3-wait_final-100-r2,wait_final,100,19,0.210625,29.223375,11555.828292,12175.88425,12195.683667,645.3869169999998,2,0,False,False,1891,941,11832.484
v3-wait_final-100-r2,wait_final,100,20,0.222667,26.756708,12202.866792,12827.912,12845.32325,620.2817919999998,2,0,False,False,1891,941,12490.22
v3-wait_final-100-r2,wait_final,100,21,0.238125,1.002625,12829.154709,13479.2525,13495.731709,625.2852919999987,1,0,False,False,1891,941,13132.139
v3-wait_final-100-r2,wait_final,100,22,0.318083,1.144792,13480.717959,14150.832292,14170.259667,650.4184580000001,1,0,False,False,1891,941,13811.89
v3-wait_final-100-r2,wait_final,100,23,0.2265,0.956333,14152.017375,14777.241667,14794.80325,670.3430829999998,1,0,False,False,1891,941,14453.224
v3-wait_final-100-r2,wait_final,100,24,0.210417,27.632459,14805.086459,15430.160667,15449.753792,625.4366250000003,2,0,False,False,1891,941,15102.084
v3-wait_final-100-r2,wait_final,100,25,0.219125,0.940166,15431.323625,16076.361834,16094.769084,625.2970000000005,1,0,False,False,1891,941,15750.487
v3-wait_final-100-r2,wait_final,100,26,0.217708,29.938125,16106.519375,16776.719709,16794.873292,645.2576249999984,2,0,False,False,1891,941,16415.842
v3-wait_final-100-r2,wait_final,100,27,0.223083,1.016,16777.960834,17428.06525,17444.884792,670.4254590000019,1,0,False,False,1891,941,17077.23
v3-wait_final-100-r2,wait_final,100,28,0.257875,27.62475,17455.951167,18076.0505,18094.774667,650.3655829999989,2,0,False,False,1891,941,17730.26
v3-wait_final-100-r2,wait_final,100,29,0.250125,0.989583,18077.2925,18727.548709,18744.886459,620.3517500000016,1,0,False,False,1891,941,18374.187
v3-wait_final-100-r2,wait_final,100,30,0.254125,0.992875,18728.797709,19378.882542,19394.767167,650.5123339999991,1,0,False,False,1891,941,19037.865
v3-wait_final-100-r2,wait_final,100,31,0.285708,1.019583,19380.192125,20030.260584,20049.838042,650.3748330000017,1,0,False,False,1891,941,19695.466
v3-wait_final-100-r2,wait_final,100,32,0.229833,0.990958,20031.483417,20701.535292,20719.804292,650.3003339999996,1,0,False,False,1891,941,20346.011
v3-wait_final-100-r2,wait_final,100,33,0.417833,1.017542,20702.972709,21378.075167,21394.767459,670.4717500000006,1,0,False,False,1891,941,21023.942
v3-wait_final-100-r2,wait_final,100,34,0.23375,26.870958,21405.181667,22030.280459,22049.779,675.3379999999997,2,0,False,False,1891,941,21697.627
v3-wait_final-100-r2,wait_final,100,35,0.243167,0.978917,22031.504667,22676.557542,22695.67075,625.344083,1,0,False,False,1891,941,22335.893
v3-wait_final-100-r2,wait_final,100,36,0.211541,27.199667,22703.970834,23329.256959,23344.807834,645.2664999999979,2,0,False,False,1891,941,22992.657
v3-wait_final-100-r2,wait_final,100,37,0.230291,1.122292,23330.612709,24000.653,24020.945042,625.5195830000011,1,0,False,False,1891,941,23654.344
v3-wait_final-100-r2,wait_final,100,38,0.219709,26.95325,24027.82775,24652.874459,24669.861292,670.2617910000008,2,0,False,False,1891,941,24315.939
v3-wait_final-100-r2,wait_final,100,39,0.224166,26.801208,24679.902167,25329.942667,25350.456042,625.273208999999,2,0,False,False,1891,941,24986.941
v3-wait_final-100-r2,wait_final,100,40,0.22275,1.005292,25331.172542,25951.246375,25969.791084,650.2650829999984,1,0,False,False,1891,941,25631.725
v3-wait_final-100-r2,wait_final,100,41,0.231834,27.153417,25978.633542,26603.967084,26620.149792,620.307582999998,2,0,False,False,1891,941,26256.211
v3-wait_final-100-r2,wait_final,100,42,0.215584,1.062417,26605.247792,27255.303959,27274.908584,625.5518330000014,1,0,False,False,1891,941,26913.994
v3-wait_final-100-r2,wait_final,100,43,0.240625,1.203916,27256.75125,27926.797375,27944.920834,650.2995420000007,1,0,False,False,1891,941,27564.509
v3-wait_final-100-r2,wait_final,100,44,0.224583,26.892833,27953.916875,28553.975417,28569.774125,670.2727919999998,2,0,False,False,1891,941,28227.144
v3-wait_final-100-r2,wait_final,100,45,0.230875,0.9675,28555.177,29205.260834,29224.927625,600.2926250000019,1,0,False,False,1891,941,28873.826
v3-wait_final-100-r2,wait_final,100,46,0.224417,1.011125,29206.498334,29876.522042,29894.7675,650.3102089999993,1,0,False,False,1891,941,29519.008
v3-wait_final-100-r2,wait_final,100,47,0.214417,1.006042,29877.744042,30527.832042,30544.766084,670.2396660000013,1,0,False,False,1891,941,30189.806
v3-wait_final-100-r2,wait_final,100,48,0.23775,26.716666,30554.788625,31154.859709,31174.811792,650.3279170000023,2,0,False,False,1891,941,30834.071
v3-wait_final-100-r2,wait_final,100,49,0.240959,0.951875,31156.055375,31826.14975,31844.783125,600.314875,1,0,False,False,1891,941,31467.218
v3-wait_final-100-r2,wait_final,100,50,0.222667,27.025459,31853.400334,32478.493042,32494.929875,670.3195000000014,2,0,False,False,1891,941,32140.315
v3-wait_final-100-r2,wait_final,100,51,0.223375,0.9525,32479.671209,33129.748459,33144.779417,625.3183749999989,1,0,False,False,1891,941,32785.067
v3-wait_final-100-r2,wait_final,100,52,0.243209,1.245333,33131.239375,33776.351125,33794.969625,650.3228329999984,1,0,False,False,1891,941,33433.309
v3-wait_final-100-r2,wait_final,100,53,0.331458,27.019708,33803.705542,34453.782917,34469.8215,645.4464590000061,2,0,False,False,1891,941,34106.448
v3-wait_final-100-r2,wait_final,100,54,0.223458,0.978458,34454.987667,35080.049959,35099.761375,650.3036670000001,1,0,False,False,1891,941,34751.862
v3-wait_final-100-r2,wait_final,100,55,0.290417,0.9905,35081.333875,35751.453042,35769.785667,625.3557079999955,1,0,False,False,1891,941,35398.546
v3-wait_final-100-r2,wait_final,100,56,0.244834,26.902084,35778.602459,36378.649875,36395.044459,670.3665000000037,2,0,False,False,1891,941,36051.101
v3-wait_final-100-r2,wait_final,100,57,0.223458,0.967083,36379.842625,37029.922375,37049.84125,600.273083,1,0,False,False,1891,941,36696.246
v3-wait_final-100-r2,wait_final,100,58,0.252292,0.970916,37031.147625,37676.334167,37694.776375,650.3340840000019,1,0,False,False,1891,941,37348.115
v3-wait_final-100-r2,wait_final,100,59,0.241292,1.207958,37677.785667,38302.878292,38319.875917,645.4300839999996,1,0,False,False,1891,941,37980.531
v3-wait_final-100-r2,wait_final,100,60,0.21325,28.67425,38331.767584,38976.828792,38995.942334,625.307667000001,2,0,False,False,1891,941,38643.024
v3-wait_final-100-r2,wait_final,100,61,0.210125,29.956375,39006.99725,39602.189875,39620.922875,645.2732909999977,2,0,False,False,1891,941,39282.121
v3-wait_final-100-r2,wait_final,100,62,0.242625,28.322458,39630.757375,40281,40299.781792,595.4376669999983,2,0,False,False,1891,941,39945.831
v3-wait_final-100-r2,wait_final,100,63,0.254208,1.003292,40282.259709,40902.347292,40920.20475,650.4990419999958,1,0,False,False,1891,941,40582.801
v3-wait_final-100-r2,wait_final,100,64,0.210375,26.845167,40929.405417,41554.462959,41569.870292,620.3005410000042,2,0,False,False,1891,941,41232.249
v3-wait_final-100-r2,wait_final,100,65,0.2485,0.944292,41555.658084,42200.731834,42219.771375,625.3083750000005,1,0,False,False,1891,941,41855.302
v3-wait_final-100-r2,wait_final,100,66,0.245625,26.774334,42227.753709,42852.846167,42870.272334,645.3212910000002,2,0,False,False,1891,941,42517.982
v3-wait_final-100-r2,wait_final,100,67,0.216875,26.76325,42879.828417,43504.874917,43525.625209,625.3114580000038,2,0,False,False,1891,941,43157.718
v3-wait_final-100-r2,wait_final,100,68,0.240542,0.951375,43506.069375,44151.19425,44169.751,625.2895830000052,1,0,False,False,1891,941,43820.616
v3-wait_final-100-r2,wait_final,100,69,0.211417,26.669458,44178.076917,44803.351584,44819.78,645.3380840000027,2,0,False,False,1891,941,44450.766
v3-wait_final-100-r2,wait_final,100,70,0.22525,1.036917,44804.615917,45429.767667,45449.777459,625.5020829999994,1,0,False,False,1891,941,45097.643
v3-wait_final-100-r2,wait_final,100,71,0.284792,1.007459,45431.063709,46101.150334,46119.783709,625.4403329999986,1,0,False,False,1891,941,45741.506
v3-wait_final-100-r2,wait_final,100,72,0.262708,26.790666,46128.20575,46753.378125,46770.012917,670.3513749999984,2,0,False,False,1891,941,46408.604
v3-wait_final-100-r2,wait_final,100,73,0.227833,1.207708,46754.816,47404.857334,47424.7925,625.4025419999962,1,0,False,False,1891,941,47061.03
v3-wait_final-100-r2,wait_final,100,74,0.248708,0.978583,47406.086667,48056.15325,48074.798,650.2920840000006,1,0,False,False,1891,941,47707.66
v3-wait_final-100-r2,wait_final,100,75,0.2325,0.954542,48057.347584,48702.75325,48719.872292,650.3063750000001,1,0,False,False,1891,941,48377.784
v3-wait_final-100-r2,wait_final,100,76,0.212667,27.536375,48730.504084,49375.576084,49394.810917,645.620124999994,2,0,False,False,1891,941,49028.833
v3-wait_final-100-r2,wait_final,100,77,0.420625,0.994458,49376.995667,50002.0595,50019.770459,645.4971250000017,1,0,False,False,1891,941,49673.544
v3-wait_final-100-r2,wait_final,100,78,0.39,27.072334,50029.525834,50654.666584,50675.604709,625.4578330000004,2,0,False,False,1891,941,50303.343
v3-wait_final-100-r2,wait_final,100,79,0.236875,1.184209,50656.089459,51301.162209,51319.773167,625.3794160000034,1,0,False,False,1891,941,50978.725
v3-wait_final-100-r2,wait_final,100,80,2.1875,29.860375,51333.212917,51953.9,51969.9125,647.263082999998,2,0,False,False,1891,941,51619.168
v3-wait_final-100-r2,wait_final,100,81,0.234709,0.938375,51955.076,52605.116959,52624.89775,620.9247080000059,1,0,False,False,1891,941,52264.369
v3-wait_final-100-r2,wait_final,100,82,0.253542,1.029875,52606.402125,53251.461625,53270.181209,650.2962499999994,1,0,False,False,1891,941,52908.313
v3-wait_final-100-r2,wait_final,100,83,0.231666,1.022083,53252.717125,53878.164584,53894.763125,645.2929169999989,1,0,False,False,1891,941,53550.428
v3-wait_final-100-r2,wait_final,100,84,0.229084,0.977292,53879.374292,54529.446542,54544.816917,625.6798749999944,1,0,False,False,1891,941,54181.138
v3-wait_final-100-r2,wait_final,100,85,0.242417,1.081833,54530.773042,55175.872542,55195.807125,650.3169169999965,1,0,False,False,1891,941,54832.511
v3-wait_final-100-r2,wait_final,100,86,0.216167,26.893708,55202.984542,55828.062959,55844.912292,645.3177920000016,2,0,False,False,1891,941,55487.207
v3-wait_final-100-r2,wait_final,100,87,0.231292,27.579916,55855.876625,56481.218125,56499.893584,625.3121670000037,2,0,False,False,1891,941,56133.807
v3-wait_final-100-r2,wait_final,100,88,0.248958,1.006791,56482.476,57102.552084,57119.943792,625.5925840000054,1,0,False,False,1891,941,56771.581
v3-wait_final-100-r2,wait_final,100,89,0.219916,28.174833,57130.948625,57751.072584,57770.681209,620.2977919999976,2,0,False,False,1891,941,57417.419
v3-wait_final-100-r2,wait_final,100,90,0.208916,26.642292,57777.925792,58403.054459,58420.977209,620.3348750000005,2,0,False,False,1891,941,58057.812
v3-wait_final-100-r2,wait_final,100,91,0.249875,27.288833,58430.595,59055.825917,59075.903875,625.3803750000006,2,0,False,False,1891,941,58720.966
v3-wait_final-100-r2,wait_final,100,92,0.282917,27.560083,59083.670542,59728.759834,59744.852667,625.515459000002,2,0,False,False,1891,941,59374.493
v3-wait_final-100-r2,wait_final,100,93,0.253792,1.061292,59730.077042,60405.192667,60424.793709,645.3452079999988,1,0,False,False,1891,941,60046.516
v3-wait_final-100-r2,wait_final,100,94,0.225541,1.103292,60406.523709,61051.544167,61069.775417,675.343375000004,1,0,False,False,1891,941,60725.1
v3-wait_final-100-r2,wait_final,100,95,0.208166,27.080375,61078.834542,61728.96025,61744.913417,645.2304579999982,2,0,False,False,1891,941,61372.846
v3-wait_final-100-r2,wait_final,100,96,0.267375,1.017459,61730.247459,62380.283292,62400.510584,650.3954580000063,1,0,False,False,1891,941,62030.079
v3-wait_final-100-r2,wait_final,100,97,0.229833,1.155417,62381.671084,63051.94875,63069.931334,650.2682080000013,1,0,False,False,1891,941,62689.985
v3-wait_final-100-r2,wait_final,100,98,0.229834,0.99625,63053.1775,63728.21,63744.799625,670.510166,1,0,False,False,1891,941,63369.677
v3-wait_final-100-r2,wait_final,100,99,0.243166,1.076,63729.531042,64379.607125,64395.663,675.2775420000035,1,0,False,False,1891,941,64029.358
v3-wait_final-100-r2,wait_final,100,100,0.248292,0.951125,64380.811209,65050.8705,65070.669625,650.3290419999976,1,0,False,False,1891,941,64699.97
v3-wait_final-100-r3,wait_final,100,1,0.413791,2.089167,2.089167,427.161667,444.949458,,1,0,False,,1891,941,83.734
v3-wait_final-100-r3,wait_final,100,2,0.262125,1.121042,428.5465,1078.656167,1094.96625,425.336291,1,0,False,False,1891,941,727.081
v3-wait_final-100-r3,wait_final,100,3,0.198834,27.205667,1106.062625,1751.134083,1770.892917,650.3104580000002,2,0,False,False,1891,941,1394.657
v3-wait_final-100-r3,wait_final,100,4,0.2205,27.229,1778.591375,2379.106417,2394.897,645.2997499999999,2,0,False,False,1891,941,2047.722
v3-wait_final-100-r3,wait_final,100,5,0.211417,26.805542,2406.125375,3026.199375,3045.554625,600.728458,2,0,False,False,1891,941,2690.444
v3-wait_final-100-r3,wait_final,100,6,0.192334,27.953084,3054.346542,3704.414875,3720.170458,620.2680829999999,2,0,False,False,1891,941,3352.109
v3-wait_final-100-r3,wait_final,100,7,0.207667,0.992625,3705.619958,4355.713875,4375.104667,650.2807909999997,1,0,False,False,1891,941,4017.586
v3-wait_final-100-r3,wait_final,100,8,0.207333,0.975166,4356.898458,5027.133917,5045.670083,650.3033340000002,1,0,False,False,1891,941,4675.375
v3-wait_final-100-r3,wait_final,100,9,0.219667,27.068916,5054.424083,5654.5205,5669.794042,670.456709,2,0,False,False,1891,941,5321.966
v3-wait_final-100-r3,wait_final,100,10,0.213667,1.020833,5655.757625,6330.814167,6349.899083,600.3127089999998,1,0,False,False,1891,941,5981.693
v3-wait_final-100-r3,wait_final,100,11,0.199,1.091333,6332.106208,6977.167208,6995.181458,675.2572499999997,1,0,False,False,1891,941,6625.897
v3-wait_final-100-r3,wait_final,100,12,0.207584,27.358292,7004.737125,7629.82775,7649.793833,645.2726249999996,2,0,False,False,1891,941,7297.536
v3-wait_final-100-r3,wait_final,100,13,0.209375,0.964,7631.004292,8276.041333,8295.926125,625.303167,1,0,False,False,1891,941,7946.23
v3-wait_final-100-r3,wait_final,100,14,0.355375,27.200792,8303.605375,8928.670125,8944.953667,645.4002909999999,2,0,False,False,1891,941,8586.656
v3-wait_final-100-r3,wait_final,100,15,0.223833,26.876458,8955.77375,9585.937958,9604.810667,625.2919170000005,2,0,False,False,1891,941,9244.243
v3-wait_final-100-r3,wait_final,100,16,0.219125,0.983667,9587.143042,10252.327875,10270.3145,630.385624999999,1,0,False,False,1891,941,9905.086
v3-wait_final-100-r3,wait_final,100,17,0.345208,26.978333,10279.653583,10879.678833,10899.7895,665.5322080000005,2,0,False,False,1891,941,10551.996
v3-wait_final-100-r3,wait_final,100,18,1.576958,1.003792,10882.262917,11552.444458,11570.437583,601.6055420000012,1,0,False,False,1891,941,11207.836
v3-wait_final-100-r3,wait_final,100,19,0.217416,26.906583,11579.570708,12179.821,12200.1855,670.4012079999993,2,0,False,False,1891,941,11860.849
v3-wait_final-100-r3,wait_final,100,20,0.214333,0.993083,12181.031083,12826.115958,12845.239417,600.4672920000012,1,0,False,False,1891,941,12493.41
v3-wait_final-100-r3,wait_final,100,21,0.211875,26.822959,12853.152417,13478.283292,13494.78775,645.2983750000003,2,0,False,False,1891,941,13136.077
v3-wait_final-100-r3,wait_final,100,22,0.225125,27.441041,13505.952583,14175.986333,14195.894625,625.3591250000009,2,0,False,False,1891,941,13814.323
v3-wait_final-100-r3,wait_final,100,23,0.208125,26.732042,14203.012042,14828.141583,14845.569333,670.3274170000004,2,0,False,False,1891,941,14495.001
v3-wait_final-100-r3,wait_final,100,24,0.215625,27.019583,14855.3785,15480.4415,15500.482875,625.3468749999993,2,0,False,False,1891,941,15145.819
v3-wait_final-100-r3,wait_final,100,25,0.235209,0.930125,15481.609083,16131.685458,16150.0965,625.3004579999997,1,0,False,False,1891,941,15802.795
v3-wait_final-100-r3,wait_final,100,26,0.215834,0.911917,16132.815625,16777.893875,16794.784292,650.2946250000005,1,0,False,False,1891,941,16447.442
v3-wait_final-100-r3,wait_final,100,27,0.208458,28.21825,16806.322375,17451.524417,17469.860792,645.2885000000024,2,0,False,False,1891,941,17092.857
v3-wait_final-100-r3,wait_final,100,28,0.230583,1.22275,17452.980042,18103.125083,18119.991833,645.4349169999987,1,0,False,False,1891,941,17761.796
v3-wait_final-100-r3,wait_final,100,29,0.220208,26.899333,18130.246583,18755.356708,18774.842833,650.3672079999997,2,0,False,False,1891,941,18421.106
v3-wait_final-100-r3,wait_final,100,30,0.258958,0.961875,18756.581167,19401.735875,19420.95475,625.3727089999993,1,0,False,False,1891,941,19058.196
v3-wait_final-100-r3,wait_final,100,31,0.221166,26.798417,19428.757667,20053.807917,20069.919292,645.3780829999996,2,0,False,False,1891,941,19716.884
v3-wait_final-100-r3,wait_final,100,32,0.235292,27.222166,20081.267083,20701.363667,20720.221833,625.2872499999976,2,0,False,False,1891,941,20352.484
v3-wait_final-100-r3,wait_final,100,33,0.217333,1.097875,20702.681458,21328.178625,21345.538917,620.3165000000008,1,0,False,False,1891,941,20999.041
v3-wait_final-100-r3,wait_final,100,34,0.215,28.063292,21356.459292,21976.604833,21995.840625,625.7145420000015,2,0,False,False,1891,941,21657.341
v3-wait_final-100-r3,wait_final,100,35,0.479541,28.173375,22005.2605,22630.319125,22650.0545,620.6278329999986,2,0,False,False,1891,941,22298.046
v3-wait_final-100-r3,wait_final,100,36,0.2295,27.112917,22657.663792,23278.112292,23295.495625,625.2903750000005,2,0,False,False,1891,941,22935.382
v3-wait_final-100-r3,wait_final,100,37,0.237125,26.740292,23305.092292,23955.196792,23975.415583,620.6882079999996,2,0,False,False,1891,941,23601.072
v3-wait_final-100-r3,wait_final,100,38,0.244541,1.124167,23956.567167,24576.895958,24594.77625,650.3507079999981,1,0,False,False,1891,941,24248.518
v3-wait_final-100-r3,wait_final,100,39,0.210916,30.652708,24607.761333,25252.91125,25269.776333,620.5414579999997,2,0,False,False,1891,941,24895.613
v3-wait_final-100-r3,wait_final,100,40,0.213542,26.807708,25279.9355,25930.312917,25949.819375,645.3664590000008,2,0,False,False,1891,941,25563.014
v3-wait_final-100-r3,wait_final,100,41,0.249042,1.03925,25931.608792,26601.750542,26619.874,650.6340420000015,1,0,False,False,1891,941,26240.347
v3-wait_final-100-r3,wait_final,100,42,0.243791,1.522042,26603.518667,27253.791167,27270.469875,670.3878330000007,1,0,False,False,1891,941,26930.548
v3-wait_final-100-r3,wait_final,100,43,0.268542,27.001416,27281.067583,27901.250833,27919.799708,650.5475000000006,2,0,False,False,1891,941,27574.453
v3-wait_final-100-r3,wait_final,100,44,0.231292,27.400666,27928.885083,28579.218542,28595.820333,620.4168339999997,2,0,False,False,1891,941,28221.767
v3-wait_final-100-r3,wait_final,100,45,0.259459,0.951125,28580.430833,29205.537083,29225.414208,650.5946249999979,1,0,False,False,1891,941,28875.52
v3-wait_final-100-r3,wait_final,100,46,0.233166,0.942583,29206.716333,29851.963333,29869.81025,625.3429170000018,1,0,False,False,1891,941,29523.215
v3-wait_final-100-r3,wait_final,100,47,0.212084,29.32925,29881.506833,30526.602667,30545.110667,645.4612500000003,2,0,False,False,1891,941,30186.505
v3-wait_final-100-r3,wait_final,100,48,0.224125,1.047209,30527.875792,31152.936917,31170.876917,645.3217499999992,1,0,False,False,1891,941,30820.906
v3-wait_final-100-r3,wait_final,100,49,0.221959,26.949459,31180.110542,31830.1845,31850.232833,625.2852910000001,2,0,False,False,1891,941,31471.558
v3-wait_final-100-r3,wait_final,100,50,0.254334,1.019834,31831.461542,32476.668833,32494.934,650.3311659999999,1,0,False,False,1891,941,32148.164
v3-wait_final-100-r3,wait_final,100,51,0.2085,27.761875,32504.640875,33154.653083,33175.143375,645.4174579999999,2,0,False,False,1891,941,32799.94
v3-wait_final-100-r3,wait_final,100,52,0.238625,0.980084,33155.879917,33801.017875,33819.826292,650.2589580000022,1,0,False,False,1891,941,33454.707
v3-wait_final-100-r3,wait_final,100,53,0.217542,26.94075,33828.178583,34453.322667,34470.89475,645.3579160000008,2,0,False,False,1891,941,34111.981
v3-wait_final-100-r3,wait_final,100,54,0.230375,27.050375,34480.605583,35100.667,35119.785417,625.3766249999971,2,0,False,False,1891,941,34755.867
v3-wait_final-100-r3,wait_final,100,55,0.223167,26.886875,35127.779292,35752.938125,35769.808083,620.2868340000059,2,0,False,False,1891,941,35412.404
v3-wait_final-100-r3,wait_final,100,56,0.308042,1.058791,35754.307333,36404.6545,36420.540833,625.4692500000019,1,0,False,False,1891,941,36049.633
v3-wait_final-100-r3,wait_final,100,57,0.295791,1.114458,36406.066833,37056.216167,37075.067833,650.6450420000037,1,0,False,False,1891,941,36716.648
v3-wait_final-100-r3,wait_final,100,58,0.222,0.90175,37057.342333,37727.485458,37745.964083,650.3737500000061,1,0,False,False,1891,941,37367.663
v3-wait_final-100-r3,wait_final,100,59,0.259084,27.489709,37755.242792,38380.291583,38400.155083,670.4107500000027,2,0,False,False,1891,941,38027.964
v3-wait_final-100-r3,wait_final,100,60,0.239541,1.010708,38381.544208,39006.617208,39024.831375,625.2907080000004,1,0,False,False,1891,941,38682.058
v3-wait_final-100-r3,wait_final,100,61,0.233459,0.913292,39007.76625,39653.315833,39670.946917,625.3087500000038,1,0,False,False,1891,941,39319.009
v3-wait_final-100-r3,wait_final,100,62,0.216083,26.587958,39680.122125,40330.15975,40349.959875,645.7679169999974,2,0,False,False,1891,941,39981.625
v3-wait_final-100-r3,wait_final,100,63,0.24325,1.015375,40331.420625,41001.516083,41020.102833,650.2831250000017,1,0,False,False,1891,941,40635.742
v3-wait_final-100-r3,wait_final,100,64,0.244917,27.212417,41028.975792,41654.159042,41670.721292,670.3427500000034,2,0,False,False,1891,941,41310.469
v3-wait_final-100-r3,wait_final,100,65,0.23875,0.957625,41655.357625,42305.488583,42324.783042,625.424208000004,1,0,False,False,1891,941,41966.603
v3-wait_final-100-r3,wait_final,100,66,0.234083,0.9585,42306.684417,42951.820667,42969.8915,650.3682920000065,1,0,False,False,1891,941,42625.963
v3-wait_final-100-r3,wait_final,100,67,0.236333,30.165208,42982.224125,43627.2775,43645.080167,645.3745000000054,2,0,False,False,1891,941,43277.531
v3-wait_final-100-r3,wait_final,100,68,0.3435,27.306875,43654.930167,44280.598167,44300.327625,645.3991669999959,2,0,False,False,1891,941,43934.263
v3-wait_final-100-r3,wait_final,100,69,0.2225,0.915333,44281.738833,44951.774667,44970.633,625.893333,1,0,False,False,1891,941,44607.54
v3-wait_final-100-r3,wait_final,100,70,0.299083,26.783042,44978.859167,45628.925667,45645.098542,670.3372919999965,2,0,False,False,1891,941,45273.452
v3-wait_final-100-r3,wait_final,100,71,0.228042,27.01975,45656.176083,46276.226375,46295.125375,650.2971659999967,2,0,False,False,1891,941,45932.494
v3-wait_final-100-r3,wait_final,100,72,0.201625,27.200041,46303.630208,46929.140542,46945.675417,620.2540840000001,2,0,False,False,1891,941,46593.779
v3-wait_final-100-r3,wait_final,100,73,0.223875,27.456958,46956.8235,47577.161458,47594.828167,625.7363340000011,2,0,False,False,1891,941,47234.488
v3-wait_final-100-r3,wait_final,100,74,0.212709,27.335584,47604.712042,48229.740833,48250.600208,620.5529580000002,2,0,False,False,1891,941,47897.273
v3-wait_final-100-r3,wait_final,100,75,0.223625,1.008542,48230.97525,48906.052417,48924.735708,625.2546660000007,1,0,False,False,1891,941,48551.804
v3-wait_final-100-r3,wait_final,100,76,0.237042,1.006709,48907.298292,49527.491708,49545.945958,675.3163329999952,1,0,False,False,1891,941,49200.971
v3-wait_final-100-r3,wait_final,100,77,0.2165,28.114667,49555.82525,50175.850792,50195.052792,620.4122910000006,2,0,False,False,1891,941,49841.776
v3-wait_final-100-r3,wait_final,100,78,0.210042,26.991292,50203.054375,50828.083042,50844.900542,620.2378329999992,2,0,False,False,1891,941,50486.026
v3-wait_final-100-r3,wait_final,100,79,0.215417,27.153833,50855.454625,51475.464333,51494.88125,625.2464170000021,2,0,False,False,1891,941,51141.007
v3-wait_final-100-r3,wait_final,100,80,0.213916,26.996167,51502.678042,52153.022667,52170.721667,620.2272500000036,2,0,False,False,1891,941,51805.288
v3-wait_final-100-r3,wait_final,100,81,0.215292,26.882,52180.122208,52830.260917,52849.944458,650.5621660000033,2,0,False,False,1891,941,52481.826
v3-wait_final-100-r3,wait_final,100,82,0.239875,1.001917,52831.50425,53476.677833,53495.448083,650.380124999996,1,0,False,False,1891,941,53129.121
v3-wait_final-100-r3,wait_final,100,83,0.223875,27.395541,53504.299583,54154.340583,54170.381625,645.3997920000038,2,0,False,False,1891,941,53796.654
v3-wait_final-100-r3,wait_final,100,84,0.223417,1.013875,54155.580333,54805.725417,54825.342875,650.2668750000012,1,0,False,False,1891,941,54467.794
v3-wait_final-100-r3,wait_final,100,85,0.21975,0.967166,54806.914333,55452.186667,55470.918917,650.3668340000004,1,0,False,False,1891,941,55118.981
v3-wait_final-100-r3,wait_final,100,86,0.216584,26.782584,55479.187917,56054.268625,56070.664,645.4910000000018,2,0,False,False,1891,941,55745.658
v3-wait_final-100-r3,wait_final,100,87,0.264791,1.125,56055.661958,56700.687667,56720.855708,575.349040999994,1,0,False,False,1891,941,56376.647
v3-wait_final-100-r3,wait_final,100,88,0.209208,27.098333,56727.996708,57378.325958,57395.218958,645.2364170000001,2,0,False,False,1891,941,57019.014
v3-wait_final-100-r3,wait_final,100,89,0.234125,1.297166,57379.859208,58029.910625,58050.5635,650.565333999999,1,0,False,False,1891,941,57672.12
v3-wait_final-100-r3,wait_final,100,90,0.220417,1.1175,58031.250333,58651.290042,58670.478667,650.2736250000016,1,0,False,False,1891,941,58328.752
v3-wait_final-100-r3,wait_final,100,91,2.112417,30.359583,58683.765208,59303.847042,59319.945583,622.1552919999958,2,0,False,False,1891,941,58972.408
v3-wait_final-100-r3,wait_final,100,92,1.349041,0.906417,59306.108417,59976.225167,59994.9445,621.4367920000004,1,0,False,False,1891,941,59635.771
v3-wait_final-100-r3,wait_final,100,93,0.245042,26.938417,60003.4105,60653.665125,60670.464833,670.3636659999975,2,0,False,False,1891,941,60298.38
v3-wait_final-100-r3,wait_final,100,94,0.36975,27.151958,60681.189333,61301.268917,61320.187833,650.6268750000017,2,0,False,False,1891,941,60962.941
v3-wait_final-100-r3,wait_final,100,95,0.218583,27.515083,61329.004458,61954.079,61969.934125,620.3000419999953,2,0,False,False,1891,941,61607.533
v3-wait_final-100-r3,wait_final,100,96,0.218875,0.998,61955.297917,62630.356083,62649.797708,625.2954589999936,1,0,False,False,1891,941,62271.402
v3-wait_final-100-r3,wait_final,100,97,0.250292,1.025042,62631.633125,63276.680667,63294.928417,675.3101659999957,1,0,False,False,1891,941,62943.578
v3-wait_final-100-r3,wait_final,100,98,0.207959,26.700334,63303.590667,63954.099042,63969.859625,645.2572080000027,2,0,False,False,1891,941,63603.91
v3-wait_final-100-r3,wait_final,100,99,0.246917,1.024459,63955.377167,64625.411417,64645.882542,650.7620410000018,1,0,False,False,1891,941,64274.237
v3-wait_final-100-r3,wait_final,100,100,0.2085,26.71025,64652.333083,65277.455042,65295.03475,670.2456660000025,2,0,False,False,1891,941,64934.162
