kind,fact,height,requested_ns,locked_ns,returned_ns,no_changes,page_bytes,write_count,lock_wait_ms,begin_ms,business_ms,mutations_ms,commit_ms,bbolt_write_sync_ms,bbolt_spill_ms,bbolt_rebalance_ms,total_ms,index,save_start_ns,save_end_ns,picked_ns,save_ms,pre_store_ms,queue_ms,queue_during_groups_ms,queue_during_scans_ms,queue_other_ms
new_payment,6961a4998130b10880c8b6e04c64a2ee1d11cfc1b272bf82133ea501087e2bce,,1789785401973034000,1789785402693263000,1789785402701263000,false,81920,6,720.229,0.002,0.008,0.003,7.987,7.982583,0.002583,0.0,728.229,0,1789785401959966000,1789785402701267000,1789785402781338000,741.301,13.068,80.071,80.033,0.035,0.0029999999999966998
new_payment,a5511c09b0b987375d908891e2f7acac2cfcfaa1c3ce3b4b73b5e926124fe2a7,,1789785401959861000,1789785402566297000,1789785402573316000,false,81920,6,606.436,0.002,0.009,0.002,7.006,6.999916,0.002917,0.0,613.455,1,1789785401959675000,1789785402573321000,1789785403030399000,613.646,0.186,457.078,457.04,0.035,0.002999999999954067
new_payment,a68de36e0c9765eb489ef9342030363fdfba19c2190284908c2fdb9fd115b129,,1789785401959839000,1789785402558270000,1789785402566288000,false,98304,7,598.431,0.003,0.01,0.003,8.002,7.994208,0.003958,0.0,606.449,2,1789785401959650000,1789785402566293000,1789785403178336000,606.643,0.189,612.043,612.004,0.035,0.003999999999987264
new_payment,fefc23e848eee1882d7eb5717a965ad8b4cb249bfa529e55cf75a4028308415e,,1789785401973180000,1789785402709272000,1789785402717259000,false,81920,6,736.092,0.002,0.011,0.002,7.972,7.9665,0.003125,0.0,744.079,3,1789785401972964000,1789785402717264000,1789785404266361000,744.3,0.216,1549.097,1549.022,0.067,0.00800000000004547
new_payment,19bfc2f469d25c0dca1a891496168214741847dcc376909695c08a79e7694079,,1789785401972988000,1789785402685275000,1789785402693256000,false,98304,7,712.287,0.002,0.007,0.002,7.97,7.960917,0.005459,0.0,720.268,4,1789785401959650000,1789785402693260000,1789785404636443000,733.61,13.338,1943.183,1909.819,0.102,33.262000000000036
new_payment,57204341dbb68304a76b55bf3db08c9bedaa13d91a96431cb564574cd2cff669,,1789785401958791000,1789785402095332000,1789785402106277000,false,81920,6,136.541,0.002,0.01,0.003,10.93,10.924792,0.003125,0.0,147.486,5,1789785401947581000,1789785402106281000,1789785405933498000,158.7,11.21,3827.217,3793.81,0.137,33.27000000000015
new_payment,ecd64b9520212d784b104e0384f58e89dd94c076a6b57425aad078d327e49f03,,1789785401973058000,1789785402701270000,1789785402709262000,false,114688,8,728.212,0.002,0.013,0.002,7.975,7.967041,0.00425,0.0,736.204,6,1789785401972857000,1789785402709266000,1789785403948405000,736.409,0.201,1239.139,1239.064,0.067,0.007999999999818097
new_payment,44d3f51e1ba09ffa54716e631772c15b0c4910c50816a71c99c463fadd85d556,,1789785401959601000,1789785402484300000,1789785402502361000,false,98304,7,524.699,0.003,0.013,0.004,18.041,18.0305,0.005417,0.0,542.76,7,1789785401959413000,1789785402502366000,1789785405516401000,542.953,0.188,3014.035,2980.651,0.116,33.268000000000015
new_payment,9ed22a70abafc176129ed5bbca9cdeccb1cae4533fbdfdeac558adda52620600,,1789785401959772000,1789785402535296000,1789785402542294000,false,81920,6,575.524,0.002,0.008,0.003,6.985,6.979459,0.002959,0.0,582.522,8,1789785401959588000,1789785402542299000,1789785403030411000,582.711,0.184,488.112,488.074,0.035,0.0030000000000109106
new_payment,766188ac095060d7491cf5d0f504c7c5aa347039eddd3b490a5ed45a22c07c20,,1789785401947818000,1789785402042336000,1789785402066278000,false,98304,7,94.518,0.003,0.013,0.003,23.923,16.015958,0.004916,0.0,118.46,9,1789785401947615000,1789785402066286000,1789785402781337000,118.671,0.203,715.051,715.013,0.035,0.0030000000000109106
new_payment,bfaa4f24093fb125bfec1f0b712382fa52300dba49bb3852a50809951058bd8f,,1789785401959053000,1789785402231286000,1789785402251284000,false,98304,7,272.233,0.003,0.011,0.004,19.98,19.971125,0.005333,0.0,292.231,10,1789785401958864000,1789785402251290000,1789785403278391000,292.426,0.189,1027.101,1027.043,0.052,0.0060000000002201
new_payment,42ba64dd7b6ea2e15a3a6fb5c368ee98ad5b04747d7d7079b81fce341c404cb7,,1789785401959450000,1789785402357315000,1789785402364359000,false,98304,7,397.865,0.003,0.015,0.004,7.022,7.012417,0.005708,0.0,404.909,11,1789785401959234000,1789785402364364000,1789785405516403000,405.13,0.216,3152.039,3118.655,0.116,33.268000000000015
new_payment,1168113f635b81421f733c25cd989800fe84166dc30701cc891d09db391e778a,,1789785401959759000,1789785402523317000,1789785402535288000,false,98304,7,563.558,0.003,0.01,0.003,11.955,8.013333,0.005792,0.0,575.529,12,1789785401959579000,1789785402535292000,1789785404498623000,575.713,0.18,1963.331,1929.967,0.102,33.26199999999981
new_payment,9a6a6af36ba77aa540a02679a170045763caf653982ed2ada9ca724fc8847fa3,,1789785401972806000,1789785402645243000,1789785402653287000,false,81920,6,672.437,0.002,0.009,0.002,8.031,8.025875,0.003167,0.0,680.481,13,1789785401972608000,1789785402653290000,1789785402908328000,680.682,0.198,255.038,255.0,0.035,0.0030000000000109106
new_payment,68a50662b0126fefba0df2150e6ee426442ab6595c58aa80e0e23cb4940a630f,,1789785401958865000,1789785402106285000,1789785402126258000,false,98304,7,147.42,0.003,0.011,0.004,19.955,19.945083,0.005334,0.0,167.393,14,1789785401958676000,1789785402126263000,1789785406106390000,167.587,0.189,3980.127,3946.719,0.137,33.2709999999999
new_payment,d48c82cbc926a52fc1d51c2898169f7328a4c1ffdfbfe4c5ab41ae2d0149dd06,,1789785401959102000,1789785402251294000,1789785402265340000,false,98304,7,292.192,0.002,0.01,0.003,14.031,14.021084,0.0045,0.0,306.238,15,1789785401958889000,1789785402265346000,1789785403598475000,306.457,0.213,1333.129,1333.07,0.052,0.00699999999996908
new_payment,dfe9763b13a8666b4a11198b35d2aa8c14977d591e6f4f03a2600e64d6c1b98d,,1789785401959721000,1789785402516296000,1789785402523308000,false,81920,6,556.575,0.004,0.011,0.003,6.994,6.986916,0.00375,0.0,563.587,16,1789785401959498000,1789785402523313000,1789785403598451000,563.815,0.223,1075.138,1075.079,0.052,0.00699999999996908
new_payment,067accfdb9ac27086a680556a57f5204df9a8457f716e056256eb6f237301f2e,,1789785401972750000,1789785402629289000,1789785402637250000,false,98304,7,656.539,0.002,0.01,0.004,7.945,7.937875,0.004584,0.0,664.5,17,1789785401960015000,1789785402637254000,1789785404498651000,677.239,12.735,1861.397,1828.033,0.102,33.262000000000036
new_payment,43dc0a8de4767bba9d47080028139471323880772a49a0bb3dd2864f89d8e203,,1789785401891967000,1789785401911113000,1789785401958262000,false,81920,6,19.146,0.003,0.013,0.004,47.129,47.118417,0.004833,0.0,66.295,18,1789785401891773000,1789785401958297000,1789785405516406000,66.524,0.194,3558.109,3524.725,0.116,33.268000000000015
new_payment,69302b441a4de6d22710a31b7118bb61168dd2c50e137b4cde6bc6fd850a8956,,1789785401861504000,1789785401861504000,1789785401874306000,false,49152,4,0.0,0.003,0.033,0.001,12.765,12.701709,0.027792,0.0,12.802,19,1789785401861261000,1789785401874313000,1789785401898131000,13.052,0.243,23.818,0.016,0.006,23.796000000000003
new_payment,e59fa9ca2fe02e5fee3af5f8c58e3b4c89a485b914602122e66a7a36551ad3fe,,1789785401958937000,1789785402142296000,1789785402156312000,false,114688,8,183.359,0.004,0.011,0.003,13.998,13.985417,0.006375,0.0,197.375,20,1789785401958688000,1789785402156317000,1789785403948548000,197.629,0.249,1792.231,1792.156,0.067,0.00800000000004547
new_payment,9ef907578798ddd63df3b5fe12f048178719501af4379d9b77e106694c50a131,,1789785401972777000,1789785402637257000,1789785402645235000,false,81920,6,664.48,0.003,0.014,0.003,7.958,7.953208,0.003208,0.0,672.458,21,1789785401972590000,1789785402645239000,1789785403030453000,672.649,0.187,385.214,385.176,0.035,0.0030000000000109106
new_payment,dc9058a873c6029f9029242b188c55f81fde6af34180ce43777d9e6c624676ea,,1789785401947086000,1789785402028280000,1789785402042327000,false,98304,7,81.194,0.001,0.008,0.002,14.036,14.004417,0.00425,0.0,95.241,22,1789785401946884000,1789785402042333000,1789785403598465000,95.449,0.202,1556.132,1556.073,0.052,0.00699999999996908
new_payment,b7014a6dfbc742d7453ac788ca5f095e2ebefbfdfc58edb91d51846178d49dd2,,1789785401946955000,1789785401979324000,1789785401992302000,false,81920,6,32.369,0.004,0.021,0.006,12.947,12.93375,0.00425,0.0,45.347,23,1789785401946723000,1789785401992311000,1789785403178325000,45.588,0.232,1186.014,1185.975,0.035,0.003999999999987264
new_payment,4b2ddd11b3686510c791d1d1e02566e9d1e6719b33da8de1865c877694f223bf,,1789785401958988000,1789785402201320000,1789785402216314000,false,81920,6,242.332,0.004,0.011,0.003,14.976,14.970334,0.003583,0.0,257.326,24,1789785401958799000,1789785402216320000,1789785405714336000,257.521,0.189,3498.016,3464.631,0.116,33.26900000000022
new_payment,2249d0812bba8a445e0f4bba86e696b10e1ab7aacc814b9b54b85d637710a05e,,1789785401959104000,1789785402265350000,1789785402284275000,false,98304,7,306.246,0.003,0.009,0.003,18.91,18.9,0.005209,0.0,325.171,25,1789785401947632000,1789785402284281000,1789785404991367000,336.649,11.472,2707.086,2673.721,0.102,33.262999999999785
new_payment,d352ccdc289ade3130dd4b3282cfc685480e888632a0ebea5f8c7ee77dbe357d,,1789785401959590000,1789785402465367000,1789785402484291000,false,81920,6,505.777,0.004,0.015,0.004,18.901,18.892875,0.004541,0.0,524.701,26,1789785401959397000,1789785402484296000,1789785403454344000,524.899,0.193,970.048,969.989,0.052,0.00699999999996908
new_payment,e49c2710835bf0ba8db6c2ec4a3e51c5469650a33679fadf3923bc36e0b2a03e,,1789785401959510000,1789785402408284000,1789785402440353000,false,81920,6,448.774,0.005,0.011,0.003,32.05,32.042791,0.003333,0.0,480.843,27,1789785401959198000,1789785402440360000,1789785403712376000,481.162,0.312,1272.016,1271.957,0.052,0.00699999999996908
new_payment,f3f75bc3b69df3cc6f752a466a0d9e5310ed2833b7df6032e86be24c6a344eb9,,1789785401959418000,1789785402342286000,1789785402357306000,false,114688,8,382.868,0.005,0.01,0.001,15.004,14.995959,0.004583,0.0,397.888,28,1789785401959232000,1789785402357311000,1789785404266363000,398.079,0.186,1909.052,1908.977,0.067,0.007999999999818097
new_payment,c0a5d70addda3c04ee0a03f7373455b4b9127a3aad271811d8beb4656ea562e6,,1789785401959482000,1789785402379298000,1789785402393299000,false,98304,7,419.816,0.02,0.012,0.004,13.965,13.95575,0.004542,0.0,433.817,29,1789785401959298000,1789785402393304000,1789785403278382000,434.006,0.184,885.078,885.02,0.052,0.005999999999992726
new_payment,54ba2a416cdb4a5684331b07055a73a2c22004d1939e01edaff62ac88caddea8,,1789785401972862000,1789785402661264000,1789785402669281000,false,114688,8,688.402,0.002,0.009,0.003,8.003,7.993542,0.004708,0.0,696.419,30,1789785401959943000,1789785402669285000,1789785405933509000,709.342,12.919,3264.224,3230.817,0.137,33.27000000000015
new_payment,e4a1d4dffa8c451272458e12db1017cf30c7fb26e4df69826750cd7f8d6a61b2,,1789785401972736000,1789785402613304000,1789785402621309000,false,98304,7,640.568,0.004,0.01,0.004,7.987,7.976833,0.005542,0.0,648.573,31,1789785401972418000,1789785402621312000,1789785403712380000,648.894,0.318,1091.068,1091.009,0.052,0.00699999999996908
new_payment,e510559613e41b2c9650ae40735a8ab91ea560d8a9f919d620bed42cce00f5d4,,1789785401972473000,1789785402581247000,1789785402589248000,false,98304,7,608.774,0.005,0.014,0.005,7.977,7.967916,0.005458,0.0,616.775,32,1789785401959993000,1789785402589256000,1789785403712373000,629.263,12.48,1123.117,1123.058,0.052,0.00699999999996908
new_payment,eb1efece1ef88252675d1b6261dcfefc75718159e109d95d4cc02b5e407f41fc,,1789785401947039000,1789785402014304000,1789785402028271000,false,81920,6,67.265,0.004,0.01,0.002,13.951,13.946208,0.003583,0.0,81.232,33,1789785401946838000,1789785402028275000,1789785403948457000,81.437,0.201,1920.182,1920.107,0.067,0.00800000000004547
new_payment,56764ac5a91598c9cc9b655d95c192e2ff3e7e53c167e9ff9f8db02759b666e0,,1789785401972536000,1789785402589261000,1789785402597285000,false,81920,6,616.725,0.002,0.007,0.003,8.012,8.007417,0.003,0.0,624.749,34,1789785401960003000,1789785402597289000,1789785405933508000,637.286,12.533,3336.219,3302.812,0.137,33.27000000000015
new_payment,b6dd2d314252c71ce51b02e3d890401621f5c91e0384db34eb1edb04264a2206,,1789785401959386000,1789785402312281000,1789785402327330000,false,81920,6,352.895,0.003,0.016,0.003,15.027,15.021458,0.003792,0.0,367.944,35,1789785401959202000,1789785402327334000,1789785403178332000,368.132,0.184,850.998,850.959,0.035,0.004000000000100951
new_payment,c991cd0a64c6275716c02996d2c706ed548c1cb32b05f2d8183a81b548d43fa1,,1789785401972663000,1789785402605294000,1789785402613293000,false,98304,7,632.631,0.001,0.009,0.002,7.987,7.978833,0.004667,0.0,640.63,36,1789785401959962000,1789785402613300000,1789785403454344000,653.338,12.701,841.044,840.985,0.052,0.00699999999996908
new_payment,149c63f8b3a9c09be100035ed6bc01d50c57cf89041f4b8e5fd6a7cc68eaa3ff,,1789785401959525000,1789785402440369000,1789785402465345000,false,98304,7,480.844,0.003,0.011,0.004,24.958,24.9495,0.004375,0.0,505.82,37,1789785401959331000,1789785402465359000,1789785404636498000,506.028,0.194,2171.139,2137.775,0.102,33.262000000000036
new_payment,a16cbb55846495d0f9c803ba04ec64aa4664f7d6b30083f5ccdfe353d3776245,,1789785401959028000,1789785402216326000,1789785402231277000,false,81920,6,257.298,0.003,0.011,0.004,14.933,14.927292,0.004,0.0,272.249,38,1789785401958846000,1789785402231282000,1789785403030461000,272.436,0.182,799.179,799.141,0.035,0.0030000000000109106
new_payment,21b3b9155d7d66050cff58251f3dab051679345338148719dafcda257c5d50d0,,1789785401972874000,1789785402669290000,1789785402677263000,false,81920,6,696.416,0.001,0.008,0.003,7.961,7.956709,0.002625,0.0,704.389,39,1789785401959932000,1789785402677268000,1789785404991411000,717.336,12.942,2314.143,2280.778,0.102,33.26300000000024
new_payment,f491b5dc0511276a2e7fff64fef21bb500fb5d1f59f95029939e44df8b106f0b,,1789785401959494000,1789785402401287000,1789785402408276000,false,98304,7,441.793,0.003,0.011,0.002,6.973,6.961667,0.005208,0.0,448.782,40,1789785401959123000,1789785402408281000,1789785404266363000,449.158,0.371,1858.082,1858.007,0.067,0.00800000000004547
new_payment,27fa21c300b66baac105e48392ffad8b4485102ae3a93caa670c1755aed4e3f7,,1789785401959457000,1789785402364370000,1789785402379283000,false,81920,6,404.913,0.004,0.011,0.003,14.895,14.88675,0.004209,0.0,419.826,41,1789785401959270000,1789785402379293000,1789785405215345000,420.023,0.187,2836.052,2802.686,0.102,33.26399999999999
new_payment,6e216fcc784c1ebc0bc654b6843abe2c909500bc9a02674471cb8de7eb538c54,,1789785401958654000,1789785402066296000,1789785402081277000,false,81920,6,107.642,0.005,0.014,0.003,14.959,14.951125,0.004625,0.0,122.623,42,1789785401947474000,1789785402081282000,1789785402781333000,133.808,11.18,700.051,700.013,0.035,0.0030000000000109106
new_payment,e2e931574819d070b7fe8a257b98036754cc81cd9610e9a71a57b6a76aa2fcd0,,1789785401959871000,1789785402573324000,1789785402581239000,false,98304,7,613.453,0.003,0.01,0.002,7.9,7.891875,0.005041,0.0,621.368,43,1789785401959628000,1789785402581243000,1789785403712395000,621.615,0.243,1131.152,1131.093,0.052,0.00699999999996908
new_payment,09f324bfb00e3e1c03125efb1fe07c2cb61ddc2daa374a53cbd54e8d04c997e8,,1789785401958945000,1789785402156324000,1789785402201305000,false,81920,6,197.379,0.001,0.014,0.003,44.963,44.955875,0.003625,0.0,242.36,44,1789785401947858000,1789785402201313000,1789785404498629000,253.455,11.087,2297.316,2263.952,0.102,33.26199999999958
new_payment,d6082891196e6d782ac078ee474eb09679f9d7a7d63aa0bcb682f2d6fdc5e164,,1789785401973291000,1789785402761304000,1789785402773255000,false,81920,6,788.013,0.004,0.011,0.004,11.932,11.925166,0.005458,0.0,799.964,45,1789785401973094000,1789785402773260000,1789785403598455000,800.166,0.197,825.195,825.136,0.052,0.007000000000082766
new_payment,cb769b3c524171e660da09ecd93914036cdc38c7382252da5339c54673ea4eeb,,1789785401972647000,1789785402597292000,1789785402605286000,false,81920,6,624.645,0.003,0.011,0.002,7.978,7.972875,0.002958,0.0,632.639,46,1789785401959940000,1789785402605290000,1789785403454352000,645.35,12.707,849.062,849.003,0.052,0.00699999999996908
new_payment,347ba919a5e05160702764fa0aea7e3da54ad63f050bf58530b741fb16019b27,,1789785401959399000,1789785402327338000,1789785402342277000,false,81920,6,367.939,0.003,0.01,0.003,14.923,14.918291,0.003334,0.0,382.878,47,1789785401959220000,1789785402342282000,1789785405401351000,383.062,0.179,3059.069,3025.687,0.116,33.26600000000006
new_payment,297b67160e0dc93ad07d260959c1657869497df57ff7ce7d0461e326bd5eff9c,,1789785401958883000,1789785402126266000,1789785402142290000,false,81920,6,167.383,0.001,0.015,0.003,16.005,15.998584,0.003542,0.0,183.407,48,1789785401958673000,1789785402142293000,1789785405215370000,183.62,0.21,3073.077,3039.711,0.102,33.26400000000044
new_payment,1871d0387dabc30eb3c94be9185be641405e1a4493aefaa941627a25a464c059,,1789785401959489000,1789785402393311000,1789785402401279000,false,81920,6,433.822,0.003,0.011,0.003,7.951,7.943333,0.003625,0.0,441.79,49,1789785401959297000,1789785402401283000,1789785404636716000,441.986,0.192,2235.433,2202.069,0.102,33.262000000000036
new_payment,eb9813f9962f912caef01536c57959590f8ee81d2f6ef244ab1fd8b86e44436f,,1789785401959807000,1789785402542302000,1789785402550242000,false,98304,7,582.495,0.002,0.008,0.002,7.928,7.91925,0.00475,0.0,590.435,50,1789785401959619000,1789785402550246000,1789785403948500000,590.627,0.188,1398.254,1398.179,0.067,0.007999999999818097
new_payment,ad6b1c4dce17946f3c0d21c281485c1cf2e3dfdbab05be0be165269161b8a193,,1789785401972831000,1789785402653293000,1789785402661257000,false,98304,7,680.462,0.003,0.018,0.003,7.94,7.933125,0.004333,0.0,688.426,51,1789785401972358000,1789785402661261000,1789785403178328000,688.903,0.473,517.067,517.028,0.035,0.003999999999987264
new_payment,8204b1c14afe2584cb61fbf8bba8e81747cd4e83aabb611921e05b039b10ccb6,,1789785401946989000,1789785401992317000,1789785402014295000,false,81920,6,45.328,0.005,0.015,0.004,21.954,21.944125,0.004666,0.0,67.306,52,1789785401946794000,1789785402014300000,1789785402781330000,67.506,0.195,767.03,766.992,0.035,0.0030000000000109106
new_payment,2b5ada4ce97710ed2d655ae0707d8f649d78019e0c21893e34a837acdee48aad,,1789785401972981000,1789785402677272000,1789785402685267000,false,81920,6,704.291,0.002,0.007,0.003,7.983,7.977875,0.003208,0.0,712.286,53,1789785401972711000,1789785402685271000,1789785405215344000,712.56,0.27,2530.073,2496.707,0.102,33.26399999999999
new_payment,24a2c962eeedb10eb2109396849ac439f6b486bf86f964806423beff8432c4f8,,1789785401958668000,1789785402081292000,1789785402095324000,false,81920,6,122.624,0.003,0.01,0.004,14.015,14.006917,0.00575,0.0,136.656,54,1789785401947833000,1789785402095329000,1789785405215396000,147.496,10.835,3120.067,3086.701,0.102,33.26399999999999
new_payment,159e12421d31be5bf8a141f8d7065c93fd01c426330b7cd271936617114fe601,,1789785401959161000,1789785402300297000,1789785402312274000,false,81920,6,341.136,0.004,0.009,0.003,11.961,11.955833,0.003417,0.0,353.113,55,1789785401958968000,1789785402312278000,1789785404636507000,353.31,0.193,2324.229,2290.865,0.102,33.262000000000036
new_payment,1c01a77eb9188f935b08ac20aba0bd495413674913bff8de4c79e1883c2965a0,,1789785401891933000,1789785401891933000,1789785401911099000,false,49152,4,0.0,0.003,0.009,0.001,19.153,13.853875,0.003583,0.0,19.166,56,1789785401891742000,1789785401911106000,1789785404991367000,19.364,0.191,3080.261,3046.896,0.102,33.262999999999785
new_payment,9b8a97e55927dcf13f336bc2b8b5d9fa612ea4f115157843d08f3ddcad20118f,,1789785401972745000,1789785402621316000,1789785402629281000,false,81920,6,648.571,0.002,0.008,0.003,7.952,7.946416,0.003042,0.0,656.536,57,1789785401972414000,1789785402629285000,1789785402908324000,656.871,0.331,279.039,279.001,0.035,0.0030000000000109106
new_payment,c4a5ac5feb558c77480e45d8370d249b07e993759fb36d63031e96d9d7c822e4,,1789785401959605000,1789785402502375000,1789785402516287000,false,114688,8,542.77,0.002,0.012,0.003,13.895,13.851625,0.00475,0.0,556.682,58,1789785401959361000,1789785402516292000,1789785403454359000,556.931,0.244,938.067,938.008,0.052,0.00699999999996908
new_payment,9b3ee8ddacac5f9bd19d93d4b8d25d281ce1057dfdd6539fd7b4c1a7de992a7e,,1789785401927113000,1789785401958302000,1789785401979309000,false,81920,6,31.189,0.429,0.013,0.003,20.562,20.542959,0.004333,0.0,52.196,59,1789785401926933000,1789785401979314000,1789785402908333000,52.381,0.18,929.019,928.981,0.035,0.0030000000000109106
new_payment,bbe2f5d4880de359cd3fc291a22475d336ac1fbe8a2fcdc7b8c2772c87114d89,,1789785401973286000,1789785402731327000,1789785402761290000,false,81920,6,758.041,0.006,0.28,0.006,29.671,29.661625,0.006333,0.0,788.004,60,1789785401973087000,1789785402761298000,1789785403278382000,788.211,0.199,517.084,517.026,0.052,0.005999999999992726
new_payment,fb6a6c553298be45998d46694c9f251fb35da38e9da03ca7bc594049b907ef2f,,1789785401973263000,1789785402717277000,1789785402731301000,false,98304,7,744.014,0.002,0.013,0.002,14.007,13.999916,0.003625,0.0,758.038,61,1789785401973075000,1789785402731305000,1789785404266390000,758.23,0.188,1535.085,1535.01,0.067,0.00800000000004547
new_payment,b8e806d80f71c3208f7a17d370a249c623b0612ee17bad4c645e9b1f2f5e08e1,,1789785401959114000,1789785402284288000,1789785402300291000,false,81920,6,325.174,0.002,0.011,0.003,15.987,15.98,0.00375,0.0,341.177,62,1789785401958912000,1789785402300295000,1789785403278388000,341.383,0.202,978.093,978.035,0.052,0.005999999999992726
new_payment,887d2da1a6342c57768b679ac0a2af6f9f56a9f5b49a916f9f3589c3e701f87a,,1789785401959810000,1789785402550252000,1789785402558262000,false,98304,7,590.442,0.003,0.01,0.002,7.995,7.987042,0.003917,0.0,598.452,63,1789785401959630000,1789785402558266000,1789785402908324000,598.636,0.18,350.058,350.02,0.035,0.0030000000000109106
new_payment,af0ddbe144c2ac8c30cd9fbb5199def596048adc9f1c55734dfe45a633e56c57,,1789785402741722000,1789785402799338000,1789785402823409000,false,81920,6,57.616,0.003,0.119,0.003,23.946,23.823709,0.111333,0.0,81.687,64,1789785402741541000,1789785402823414000,1789785406490362000,81.873,0.181,3666.948,3633.561,0.116,33.27099999999972
new_payment,b98dab03d6e36ce0e113a25228f31699996305651cc0536492f1833e604a1332,,1789785403425887000,1789785403454329000,1789785403485299000,false,81920,6,28.442,0.002,0.01,0.004,30.954,30.945959,0.004166,0.0,59.412,65,1789785403425704000,1789785403485303000,1789785406490352000,59.599,0.183,3005.049,2971.683,0.099,33.26699999999999
new_payment,0ae5546a95a146b9d6f5b0d50a9372a2f3b74687b3aadb14b38531da0afc6878,,1789785403919414000,1789785404057331000,1789785404071324000,false,98304,7,137.917,0.004,0.014,0.003,13.972,13.9515,0.0165,0.0,151.91,66,1789785403919224000,1789785404071329000,1789785404498637000,152.105,0.19,427.308,394.019,0.035,33.25399999999999
new_payment,4c00e8bc4b95a0bd72a520b0a159a4ab46e10ca761b54bae72326b3f962bf572,,1789785403919313000,1789785403970444000,1789785403999299000,false,98304,7,51.131,0.005,0.017,0.004,28.829,28.819916,0.005625,0.0,79.986,67,1789785403919112000,1789785403999305000,1789785405714318000,80.193,0.201,1715.013,1681.703,0.049,33.260999999999946
new_payment,bc85026f149d1d974157006adb423d6f11403edbf9d5352f3f3e1deb609aa475,,1789785403919307000,1789785403948402000,1789785403970293000,false,98304,7,29.095,0.009,0.026,0.005,21.851,21.829292,0.007958,0.0,50.986,68,1789785403919123000,1789785403970437000,1789785406490347000,51.314,0.184,2519.91,2486.56,0.084,33.265999999999906
new_payment,3f1ed156e16e5c0e41057dd0024ca0220c205a5c0fb819687bd9069f1519a810,,1789785403919542000,1789785404111322000,1789785404133367000,false,114688,8,191.78,0.003,0.012,0.005,22.025,22.009667,0.005209,0.0,213.825,69,1789785403919314000,1789785404133372000,1789785405516405000,214.058,0.228,1383.033,1349.724,0.049,33.25999999999997
new_payment,dc2fd622d0dcd8df7010c985b284d29c2df2e871a25df9e5cdf3b1cf820b2860,,1789785403919680000,1789785404152279000,1789785404168273000,false,81920,6,232.599,0.002,0.012,0.005,15.975,15.965583,0.004583,0.0,248.593,70,1789785403919442000,1789785404168279000,1789785406584371000,248.837,0.238,2416.092,2382.741,0.084,33.26700000000011
new_payment,cb36ca0a235d4e22e107747e6f631950dd2c64ff6b7b10e0a0a6899d2b5fb60a,,1789785403919411000,1789785404036308000,1789785404057317000,false,81920,6,116.897,0.005,0.017,0.005,20.982,20.97225,0.005416,0.0,137.906,71,1789785403919221000,1789785404057324000,1789785406584362000,138.103,0.19,2527.038,2493.687,0.084,33.26700000000011
new_payment,5605c9ebbc49ff2721b8d370d7fc701b7e9ba7a78e40ecc91232ddfe0d84d626,,1789785403919491000,1789785404092301000,1789785404111310000,false,98304,7,172.81,0.004,0.015,0.004,18.986,18.977042,0.006,0.0,191.819,72,1789785403919305000,1789785404111315000,1789785405933499000,192.01,0.186,1822.184,1788.852,0.07,33.26199999999988
new_payment,e74bf966ccae0c915743e6b5608258c9785087aecd90221980ac3e975eac9245,,1789785403919360000,1789785403999309000,1789785404036288000,false,81920,6,79.949,0.016,0.025,0.003,36.935,36.927666,0.004209,0.0,116.928,73,1789785403919171000,1789785404036297000,1789785406716360000,117.126,0.189,2680.063,2646.711,0.084,33.26800000000031
new_payment,52ca6f6a1e12aadf212a57c91c21408a46f9d4a4ac9dd775ffd5ac4f5beb4956,,1789785403919700000,1789785404168284000,1789785404190317000,false,114688,8,248.584,0.003,0.013,0.004,22.013,22.002292,0.005834,0.0,270.617,74,1789785403919300000,1789785404190325000,1789785405807380000,271.025,0.4,1617.055,1583.745,0.049,33.26100000000017
new_payment,93bcbe76a73a44d25d8d96d964ad05c2b9b7600772dd1f724bba88644d5c1b54,,1789785403919470000,1789785404071336000,1789785404092288000,false,81920,6,151.866,0.003,0.015,0.007,20.927,20.919792,0.005125,0.0,172.818,75,1789785403919273000,1789785404092296000,1789785406203338000,173.023,0.197,2111.042,2077.708,0.07,33.26399999999983
new_payment,d1f9e3e9a577fe8b7e2b6a5ad821f9db313ac2c6c2324370e8e09305e3873790,,1789785403919616000,1789785404133378000,1789785404152270000,false,98304,7,213.762,0.002,0.01,0.004,18.876,18.862167,0.007167,0.0,232.654,76,1789785403919427000,1789785404152275000,1789785406584351000,232.848,0.189,2432.076,2398.725,0.084,33.26700000000011
new_payment,1e87184312aea1cdc16b1789378a6506cf8babc83c67f50ca2630e14fc498aa5,,1789785404294824000,1789785404304345000,1789785404330471000,false,81920,6,9.521,0.003,0.013,0.005,26.105,26.095791,0.006042,0.0,35.647,77,1789785404294614000,1789785404330811000,1789785404991372000,36.197,0.21,660.561,627.271,0.035,33.25500000000008
new_payment,b574e39586192a0df45a5ecec624b1f3c02ad93517e45bfe942230476623ea87,,1789785404330981000,1789785404330981000,1789785404356490000,false,114688,8,0.0,0.002,0.015,0.012,25.48,25.358292,0.011625,0.0,25.509,78,1789785404330792000,1789785404356495000,1789785406490351000,25.703,0.189,2133.856,2100.506,0.084,33.26600000000036
new_payment,5142d1bd8b2ef0121c4ce0dbdd0174032179fdf5b836daa2b961a4948316c4fb,,1789785404331067000,1789785404374330000,1789785404389292000,false,81920,6,43.263,0.003,0.012,0.004,14.943,14.935167,0.004917,0.0,58.225,79,1789785404330848000,1789785404389298000,1789785405807390000,58.45,0.219,1418.092,1384.782,0.049,33.26100000000017
new_payment,64f1efdca93373027369479e1d2d53763c138d26870c067298dbe25cca8e0695,,1789785404331019000,1789785404356501000,1789785404374321000,false,81920,6,25.482,0.004,0.014,0.004,17.798,17.79025,0.004875,0.0,43.302,80,1789785404330775000,1789785404374326000,1789785406106390000,43.551,0.244,1732.064,1698.731,0.07,33.26300000000008
new_payment,ee8b7a7a0d7d05c62e10788380788f0ca17e265724366f0d653a3e0c17cb7bb5,,1789785404637985000,1789785404671355000,1789785404697306000,false,81920,6,33.37,0.004,0.021,0.004,25.922,25.913584,0.00475,0.0,59.321,81,1789785404637634000,1789785404697312000,1789785406716352000,59.678,0.351,2019.04,2018.977,0.049,0.013999999999874488
new_payment,e344a103cbce63498114e96d29e3ae956ec757bfbda27eee93a94d452b2d8bfd,,1789785404657869000,1789785404737326000,1789785404755277000,false,98304,7,79.457,0.005,0.014,0.008,17.924,17.913625,0.007417,0.0,97.408,82,1789785404657682000,1789785404755284000,1789785406584307000,97.602,0.187,1829.023,1828.961,0.049,0.012999999999898135
new_payment,85de3bed1bb3b5393ac8003492f3f9f29aaec92b3291b1e928bb5601ee664ca2,,1789785404657821000,1789785404697319000,1789785404719308000,false,81920,6,39.498,0.022,0.042,0.004,21.921,21.910792,0.006916,0.0,61.487,83,1789785404657635000,1789785404719316000,1789785406203351000,61.681,0.186,1484.035,1483.99,0.035,0.010000000000072756
new_payment,9796b92637ee0081026b6a63af443abaf5602b19960932f8ebec43f5a2634864,,1789785404657854000,1789785404719324000,1789785404737293000,false,81920,6,61.47,0.004,0.013,0.004,17.948,17.934917,0.009291,0.0,79.439,84,1789785404657671000,1789785404737318000,1789785406363369000,79.647,0.183,1626.051,1626.006,0.035,0.009999999999845383
new_payment,a8dba535d99e14d051ca11e7eb059caa35392d801803aeb1ab900454772006cd,,1789785404694089000,1789785404813347000,1789785404833339000,false,98304,7,119.258,0.003,0.013,0.004,19.972,19.963375,0.005833,0.0,139.25,85,1789785404693900000,1789785404833344000,1789785406363498000,139.444,0.189,1530.154,1530.109,0.035,0.010000000000072756
new_payment,49eb27056d64eeaa13ce8d94d11c3e1bd0131e11854aa58c51e4833aa40e4a8d,,1789785404693848000,1789785404755289000,1789785404766317000,false,98304,7,61.441,0.002,0.017,0.005,11.004,10.996542,0.005125,0.0,72.469,86,1789785404693659000,1789785404766322000,1789785405714319000,72.663,0.189,947.997,947.976,0.014,0.006999999999958163
new_payment,08b8bc9b13df1f9119e7a1e0842418962f79f811b775896bdeafdebc18e85a87,,1789785404694030000,1789785404797346000,1789785404813338000,false,98304,7,103.316,0.002,0.012,0.003,15.975,15.9675,0.004791,0.0,119.308,87,1789785404693810000,1789785404813343000,1789785406898172000,119.533,0.22,2084.829,1989.04,0.163,95.62600000000022
new_payment,83ad7e5905d47befc9b81474943097372482e46a43ae7e1f79ae59d956229d0b,,1789785404693964000,1789785404766325000,1789785404777282000,false,98304,7,72.361,0.005,0.015,0.003,10.934,10.922125,0.006708,0.0,83.318,88,1789785404693776000,1789785404777288000,1789785406106385000,83.512,0.188,1329.097,1329.053,0.035,0.00899999999986903
new_payment,50e483756c607542564d58409279f04d5f3c5c888e979131fb93546c442f16cd,,1789785404694106000,1789785404833352000,1789785404855299000,false,81920,6,139.246,0.001,0.011,0.004,21.931,21.923708,0.004875,0.0,161.193,89,1789785404693923000,1789785404855304000,1789785405807380000,161.381,0.183,952.076,952.055,0.014,0.00700000000007185
new_payment,4ad2927b47461538082911a29ca40519d5f53539fbd6702316ddb4ac04df881b,,1789785404694029000,1789785404777295000,1789785404797333000,false,81920,6,83.266,0.003,0.012,0.004,20.019,20.011625,0.0045,0.0,103.304,90,1789785404693820000,1789785404797339000,1789785405714325000,103.519,0.209,916.986,916.965,0.014,0.006999999999958163
new_payment,3eb0c317ad9055ee25c1753f5cf51093a4a0c0ae04878c5826e0d27f22ee441a,,1789785404694132000,1789785404855309000,1789785404877358000,false,81920,6,161.177,0.001,0.009,0.002,22.037,22.03,0.004041,0.0,183.226,91,1789785404693949000,1789785404877362000,1789785405401350000,183.413,0.183,523.988,523.97,0.014,0.0040000000000291035
new_payment,8b09ff9a36f7f3c1117c0175f6e01d4ae0b51713bbdb87baa6c6007b8140f6be,,1789785404694223000,1789785404877368000,1789785404894266000,false,98304,7,183.145,0.001,0.011,0.006,16.88,16.872125,0.005,0.0,200.043,92,1789785404693971000,1789785404894271000,1789785406203342000,200.3,0.252,1309.071,1309.026,0.035,0.009999999999845383
new_payment,abf66a732c4449667825aa661276ee78866389120f972cc8f14764524b7d766a,,1789785405012264000,1789785405024487000,1789785405044367000,false,81920,6,12.223,0.005,0.036,0.008,19.831,19.6145,0.212041,0.0,32.103,93,1789785405011918000,1789785405044376000,1789785406363324000,32.458,0.346,1318.948,1318.904,0.035,0.009000000000096403
new_payment,368f0a4ca08ebcf7ee7c8a69607e7ee8ea109d9fa99179e4322d2491d018e36c,,1789785405033198000,1789785405122335000,1789785405136359000,false,98304,7,89.137,0.003,0.014,0.004,14.003,13.994625,0.005917,0.0,103.161,94,1789785405033012000,1789785405136365000,1789785405401362000,103.353,0.186,264.997,264.98,0.014,0.002999999999995907
new_payment,4d522554c771857483772e94b6847e3357dded5c961f64f4c385332f29c2c567,,1789785405033198000,1789785405136370000,1789785405151277000,false,98304,7,103.172,0.003,0.01,0.005,14.889,14.880792,0.005,0.0,118.079,95,1789785405033010000,1789785405151296000,1789785405807380000,118.286,0.188,656.084,656.064,0.014,0.00599999999998181
new_payment,78ebb8535ab08069faacd1b9e0fc12c5a8b6e0761995af62d4fbcc786c36b085,,1789785405033189000,1789785405101320000,1789785405122324000,false,81920,6,68.131,0.001,0.011,0.004,20.988,20.980167,0.005375,0.0,89.135,96,1789785405033006000,1789785405122331000,1789785406106404000,89.325,0.183,984.073,984.03,0.035,0.008000000000006363
new_payment,a1a2a05542aea1f58edb878fa83fa2a84994758b4254302444576fa768c0469c,,1789785405033119000,1789785405082296000,1789785405101310000,false,98304,7,49.177,0.004,0.015,0.004,18.991,18.98075,0.006458,0.0,68.191,97,1789785405032938000,1789785405101314000,1789785406363370000,68.376,0.181,1262.056,1262.012,0.035,0.009000000000096403
new_payment,8bda483a5f0196a8652661e0cc859575e71c93a1ce205cd7b3660f2a802ad1cd,,1789785405033116000,1789785405063321000,1789785405082285000,false,81920,6,30.205,0.004,0.012,0.003,18.945,18.937834,0.004584,0.0,49.169,98,1789785405032930000,1789785405082289000,1789785406203343000,49.359,0.186,1121.054,1121.01,0.035,0.009000000000096403
new_payment,311039343859c583bcb5bf1a0da3bc964f315b435055579b1ec0340253d016e6,,1789785405033111000,1789785405044384000,1789785405063310000,false,81920,6,11.273,0.01,0.015,0.005,18.896,18.88775,0.004834,0.0,30.199,99,1789785405032920000,1789785405063315000,1789785405401358000,30.395,0.191,338.043,338.026,0.014,0.002999999999995907
