start_ns,end_ns,start_offset_ms,count,duration_ms,all_install_done_ms,tail_after_submit_ms,facts
1789785401898115000,1789785402781276000,73.06,1,883.161,78.201,803.754,69302b441a4de6d22710a31b7118bb61168dd2c50e137b4cde6bc6fd850a8956
1789785402781314000,1789785402908309000,956.259,4,126.995,53.097,72.155,8204b1c14afe2584cb61fbf8bba8e81747cd4e83aabb611921e05b039b10ccb6;6e216fcc784c1ebc0bc654b6843abe2c909500bc9a02674471cb8de7eb538c54;766188ac095060d7491cf5d0f504c7c5aa347039eddd3b490a5ed45a22c07c20;6961a4998130b10880c8b6e04c64a2ee1d11cfc1b272bf82133ea501087e2bce
1789785402908309000,1789785403030381000,1083.254,4,122.072,47.05,71.945,9b8a97e55927dcf13f336bc2b8b5d9fa612ea4f115157843d08f3ddcad20118f;887d2da1a6342c57768b679ac0a2af6f9f56a9f5b49a916f9f3589c3e701f87a;9a6a6af36ba77aa540a02679a170045763caf653982ed2ada9ca724fc8847fa3;9b3ee8ddacac5f9bd19d93d4b8d25d281ce1057dfdd6539fd7b4c1a7de992a7e
1789785403030381000,1789785403178308000,1205.326,4,147.927,83.019,64.631,a5511c09b0b987375d908891e2f7acac2cfcfaa1c3ce3b4b73b5e926124fe2a7;9ed22a70abafc176129ed5bbca9cdeccb1cae4533fbdfdeac558adda52620600;9ef907578798ddd63df3b5fe12f048178719501af4379d9b77e106694c50a131;a16cbb55846495d0f9c803ba04ec64aa4664f7d6b30083f5ccdfe353d3776245
1789785403178309000,1789785403278345000,1353.254,4,100.036,41.089,57.966,b7014a6dfbc742d7453ac788ca5f095e2ebefbfdfc58edb91d51846178d49dd2;ad6b1c4dce17946f3c0d21c281485c1cf2e3dfdbab05be0be165269161b8a193;b6dd2d314252c71ce51b02e3d890401621f5c91e0384db34eb1edb04264a2206;a68de36e0c9765eb489ef9342030363fdfba19c2190284908c2fdb9fd115b129
1789785403278364000,1789785403454327000,1453.309,4,175.963,81.012,94.701,c0a5d70addda3c04ee0a03f7373455b4b9127a3aad271811d8beb4656ea562e6;bbe2f5d4880de359cd3fc291a22475d336ac1fbe8a2fcdc7b8c2772c87114d89;b8e806d80f71c3208f7a17d370a249c623b0612ee17bad4c645e9b1f2f5e08e1;bfaa4f24093fb125bfec1f0b712382fa52300dba49bb3852a50809951058bd8f
1789785403454328000,1789785403598433000,1629.273,4,144.105,57.135,84.637,d352ccdc289ade3130dd4b3282cfc685480e888632a0ebea5f8c7ee77dbe357d;c991cd0a64c6275716c02996d2c706ed548c1cb32b05f2d8183a81b548d43fa1;cb769b3c524171e660da09ecd93914036cdc38c7382252da5339c54673ea4eeb;c4a5ac5feb558c77480e45d8370d249b07e993759fb36d63031e96d9d7c822e4
1789785403598433000,1789785403712353000,1773.378,4,113.92,49.911,62.362,dfe9763b13a8666b4a11198b35d2aa8c14977d591e6f4f03a2600e64d6c1b98d;d6082891196e6d782ac078ee474eb09679f9d7a7d63aa0bcb682f2d6fdc5e164;dc9058a873c6029f9029242b188c55f81fde6af34180ce43777d9e6c624676ea;d48c82cbc926a52fc1d51c2898169f7328a4c1ffdfbfe4c5ab41ae2d0149dd06
1789785403712353000,1789785403948373000,1887.298,4,236.02,99.221,133.741,e510559613e41b2c9650ae40735a8ab91ea560d8a9f919d620bed42cce00f5d4;e49c2710835bf0ba8db6c2ec4a3e51c5469650a33679fadf3923bc36e0b2a03e;e4a1d4dffa8c451272458e12db1017cf30c7fb26e4df69826750cd7f8d6a61b2;e2e931574819d070b7fe8a257b98036754cc81cd9610e9a71a57b6a76aa2fcd0
1789785403948389000,1789785404266343000,2123.334,4,317.954,64.214,253.444,ecd64b9520212d784b104e0384f58e89dd94c076a6b57425aad078d327e49f03;eb1efece1ef88252675d1b6261dcfefc75718159e109d95d4cc02b5e407f41fc;eb9813f9962f912caef01536c57959590f8ee81d2f6ef244ab1fd8b86e44436f;e59fa9ca2fe02e5fee3af5f8c58e3b4c89a485b914602122e66a7a36551ad3fe
1789785404266343000,1789785404465317000,2441.288,4,198.974,71.306,124.807,fefc23e848eee1882d7eb5717a965ad8b4cb249bfa529e55cf75a4028308415e;f3f75bc3b69df3cc6f752a466a0d9e5310ed2833b7df6032e86be24c6a344eb9;f491b5dc0511276a2e7fff64fef21bb500fb5d1f59f95029939e44df8b106f0b;fb6a6c553298be45998d46694c9f251fb35da38e9da03ca7bc594049b907ef2f
1789785404498606000,1789785404636425000,2673.551,4,137.819,51.85,83.594,1168113f635b81421f733c25cd989800fe84166dc30701cc891d09db391e778a;09f324bfb00e3e1c03125efb1fe07c2cb61ddc2daa374a53cbd54e8d04c997e8;0ae5546a95a146b9d6f5b0d50a9372a2f3b74687b3aadb14b38531da0afc6878;067accfdb9ac27086a680556a57f5204df9a8457f716e056256eb6f237301f2e
1789785404636425000,1789785404991347000,2811.37,4,354.922,83.033,257.883,19bfc2f469d25c0dca1a891496168214741847dcc376909695c08a79e7694079;149c63f8b3a9c09be100035ed6bc01d50c57cf89041f4b8e5fd6a7cc68eaa3ff;159e12421d31be5bf8a141f8d7065c93fd01c426330b7cd271936617114fe601;1871d0387dabc30eb3c94be9185be641405e1a4493aefaa941627a25a464c059
1789785404991348000,1789785405215321000,3166.293,4,223.973,65.083,152.572,2249d0812bba8a445e0f4bba86e696b10e1ab7aacc814b9b54b85d637710a05e;1c01a77eb9188f935b08ac20aba0bd495413674913bff8de4c79e1883c2965a0;1e87184312aea1cdc16b1789378a6506cf8babc83c67f50ca2630e14fc498aa5;21b3b9155d7d66050cff58251f3dab051679345338148719dafcda257c5d50d0
1789785405215322000,1789785405401316000,3390.267,4,185.994,80.285,83.368,2b5ada4ce97710ed2d655ae0707d8f649d78019e0c21893e34a837acdee48aad;27fa21c300b66baac105e48392ffad8b4485102ae3a93caa670c1755aed4e3f7;297b67160e0dc93ad07d260959c1657869497df57ff7ce7d0461e326bd5eff9c;24a2c962eeedb10eb2109396849ac439f6b486bf86f964806423beff8432c4f8
1789785405401332000,1789785405516373000,3576.277,4,115.041,45.072,67.611,3eb0c317ad9055ee25c1753f5cf51093a4a0c0ae04878c5826e0d27f22ee441a;347ba919a5e05160702764fa0aea7e3da54ad63f050bf58530b741fb16019b27;311039343859c583bcb5bf1a0da3bc964f315b435055579b1ec0340253d016e6;368f0a4ca08ebcf7ee7c8a69607e7ee8ea109d9fa99179e4322d2491d018e36c
1789785405516375000,1789785405714301000,3691.32,4,197.926,72.047,125.643,44d3f51e1ba09ffa54716e631772c15b0c4910c50816a71c99c463fadd85d556;42ba64dd7b6ea2e15a3a6fb5c368ee98ad5b04747d7d7079b81fce341c404cb7;3f1ed156e16e5c0e41057dd0024ca0220c205a5c0fb819687bd9069f1519a810;43dc0a8de4767bba9d47080028139471323880772a49a0bb3dd2864f89d8e203
1789785405714302000,1789785405807362000,3889.247,4,93.06,47.063,43.642,4c00e8bc4b95a0bd72a520b0a159a4ab46e10ca761b54bae72326b3f962bf572;49eb27056d64eeaa13ce8d94d11c3e1bd0131e11854aa58c51e4833aa40e4a8d;4ad2927b47461538082911a29ca40519d5f53539fbd6702316ddb4ac04df881b;4b2ddd11b3686510c791d1d1e02566e9d1e6719b33da8de1865c877694f223bf
1789785405807362000,1789785405933454000,3982.307,4,126.092,51.019,72.737,52ca6f6a1e12aadf212a57c91c21408a46f9d4a4ac9dd775ffd5ac4f5beb4956;4d522554c771857483772e94b6847e3357dded5c961f64f4c385332f29c2c567;50e483756c607542564d58409279f04d5f3c5c888e979131fb93546c442f16cd;5142d1bd8b2ef0121c4ce0dbdd0174032179fdf5b836daa2b961a4948316c4fb
1789785405933476000,1789785406106366000,4108.421,4,172.89,94.041,76.431,57204341dbb68304a76b55bf3db08c9bedaa13d91a96431cb564574cd2cff669;5605c9ebbc49ff2721b8d370d7fc701b7e9ba7a78e40ecc91232ddfe0d84d626;56764ac5a91598c9cc9b655d95c192e2ff3e7e53c167e9ff9f8db02759b666e0;54ba2a416cdb4a5684331b07055a73a2c22004d1939e01edaff62ac88caddea8
1789785406106367000,1789785406203313000,4281.312,4,96.946,41.239,52.83,83ad7e5905d47befc9b81474943097372482e46a43ae7e1f79ae59d956229d0b;64f1efdca93373027369479e1d2d53763c138d26870c067298dbe25cca8e0695;68a50662b0126fefba0df2150e6ee426442ab6595c58aa80e0e23cb4940a630f;78ebb8535ab08069faacd1b9e0fc12c5a8b6e0761995af62d4fbcc786c36b085
1789785406203314000,1789785406363301000,4378.259,4,159.987,69.152,78.863,93bcbe76a73a44d25d8d96d964ad05c2b9b7600772dd1f724bba88644d5c1b54;8b09ff9a36f7f3c1117c0175f6e01d4ae0b51713bbdb87baa6c6007b8140f6be;8bda483a5f0196a8652661e0cc859575e71c93a1ce205cd7b3660f2a802ad1cd;85de3bed1bb3b5393ac8003492f3f9f29aaec92b3291b1e928bb5601ee664ca2
1789785406363301000,1789785406490307000,4538.246,4,127.006,59.098,67.612,abf66a732c4449667825aa661276ee78866389120f972cc8f14764524b7d766a;9796b92637ee0081026b6a63af443abaf5602b19960932f8ebec43f5a2634864;a1a2a05542aea1f58edb878fa83fa2a84994758b4254302444576fa768c0469c;a8dba535d99e14d051ca11e7eb059caa35392d801803aeb1ab900454772006cd
1789785406490323000,1789785406584287000,4665.268,4,93.964,45.018,47.253,bc85026f149d1d974157006adb423d6f11403edbf9d5352f3f3e1deb609aa475;b574e39586192a0df45a5ecec624b1f3c02ad93517e45bfe942230476623ea87;b98dab03d6e36ce0e113a25228f31699996305651cc0536492f1833e604a1332;af0ddbe144c2ac8c30cd9fbb5199def596048adc9f1c55734dfe45a633e56c57
1789785406584288000,1789785406716334000,4759.233,4,132.046,95.11,35.269,e344a103cbce63498114e96d29e3ae956ec757bfbda27eee93a94d452b2d8bfd;d1f9e3e9a577fe8b7e2b6a5ad821f9db313ac2c6c2324370e8e09305e3873790;cb36ca0a235d4e22e107747e6f631950dd2c64ff6b7b10e0a0a6899d2b5fb60a;dc2fd622d0dcd8df7010c985b284d29c2df2e871a25df9e5cdf3b1cf820b2860
1789785406716335000,1789785406802411000,4891.28,2,86.076,58.042,26.992,ee8b7a7a0d7d05c62e10788380788f0ca17e265724366f0d653a3e0c17cb7bb5;e74bf966ccae0c915743e6b5608258c9785087aecd90221980ac3e975eac9245
1789785406898137000,1789785406948288000,5073.082,4,50.151,30.216,18.932,56764ac5a91598c9cc9b655d95c192e2ff3e7e53c167e9ff9f8db02759b666e0;08b8bc9b13df1f9119e7a1e0842418962f79f811b775896bdeafdebc18e85a87;54ba2a416cdb4a5684331b07055a73a2c22004d1939e01edaff62ac88caddea8;5605c9ebbc49ff2721b8d370d7fc701b7e9ba7a78e40ecc91232ddfe0d84d626
1789785406948288000,1789785406948654000,5123.233,4,0.366,0.332,,78ebb8535ab08069faacd1b9e0fc12c5a8b6e0761995af62d4fbcc786c36b085;57204341dbb68304a76b55bf3db08c9bedaa13d91a96431cb564574cd2cff669;64f1efdca93373027369479e1d2d53763c138d26870c067298dbe25cca8e0695;68a50662b0126fefba0df2150e6ee426442ab6595c58aa80e0e23cb4940a630f
1789785406948655000,1789785406948925000,5123.6,4,0.27,0.241,,8bda483a5f0196a8652661e0cc859575e71c93a1ce205cd7b3660f2a802ad1cd;85de3bed1bb3b5393ac8003492f3f9f29aaec92b3291b1e928bb5601ee664ca2;8b09ff9a36f7f3c1117c0175f6e01d4ae0b51713bbdb87baa6c6007b8140f6be;83ad7e5905d47befc9b81474943097372482e46a43ae7e1f79ae59d956229d0b
1789785406948926000,1789785406949183000,5123.871,4,0.257,0.226,,a8dba535d99e14d051ca11e7eb059caa35392d801803aeb1ab900454772006cd;9796b92637ee0081026b6a63af443abaf5602b19960932f8ebec43f5a2634864;93bcbe76a73a44d25d8d96d964ad05c2b9b7600772dd1f724bba88644d5c1b54;a1a2a05542aea1f58edb878fa83fa2a84994758b4254302444576fa768c0469c
1789785406998094000,1789785406998414000,5173.039,4,0.32,0.243,,b98dab03d6e36ce0e113a25228f31699996305651cc0536492f1833e604a1332;af0ddbe144c2ac8c30cd9fbb5199def596048adc9f1c55734dfe45a633e56c57;b574e39586192a0df45a5ecec624b1f3c02ad93517e45bfe942230476623ea87;abf66a732c4449667825aa661276ee78866389120f972cc8f14764524b7d766a
1789785406998414000,1789785406998725000,5173.359,4,0.311,0.271,,dc2fd622d0dcd8df7010c985b284d29c2df2e871a25df9e5cdf3b1cf820b2860;bc85026f149d1d974157006adb423d6f11403edbf9d5352f3f3e1deb609aa475;cb36ca0a235d4e22e107747e6f631950dd2c64ff6b7b10e0a0a6899d2b5fb60a;d1f9e3e9a577fe8b7e2b6a5ad821f9db313ac2c6c2324370e8e09305e3873790
1789785406998726000,1789785406998969000,5173.671,3,0.243,0.226,,e344a103cbce63498114e96d29e3ae956ec757bfbda27eee93a94d452b2d8bfd;ee8b7a7a0d7d05c62e10788380788f0ca17e265724366f0d653a3e0c17cb7bb5;e74bf966ccae0c915743e6b5608258c9785087aecd90221980ac3e975eac9245
1789785407198157000,1789785407198479000,5373.102,4,0.322,0.307,,8bda483a5f0196a8652661e0cc859575e71c93a1ce205cd7b3660f2a802ad1cd;85de3bed1bb3b5393ac8003492f3f9f29aaec92b3291b1e928bb5601ee664ca2;08b8bc9b13df1f9119e7a1e0842418962f79f811b775896bdeafdebc18e85a87;8b09ff9a36f7f3c1117c0175f6e01d4ae0b51713bbdb87baa6c6007b8140f6be
1789785407198480000,1789785407198737000,5373.425,4,0.257,0.235,,93bcbe76a73a44d25d8d96d964ad05c2b9b7600772dd1f724bba88644d5c1b54;a8dba535d99e14d051ca11e7eb059caa35392d801803aeb1ab900454772006cd;9796b92637ee0081026b6a63af443abaf5602b19960932f8ebec43f5a2634864;a1a2a05542aea1f58edb878fa83fa2a84994758b4254302444576fa768c0469c
1789785407198738000,1789785407199000000,5373.683,4,0.262,0.229,,b98dab03d6e36ce0e113a25228f31699996305651cc0536492f1833e604a1332;abf66a732c4449667825aa661276ee78866389120f972cc8f14764524b7d766a;af0ddbe144c2ac8c30cd9fbb5199def596048adc9f1c55734dfe45a633e56c57;b574e39586192a0df45a5ecec624b1f3c02ad93517e45bfe942230476623ea87
1789785407199001000,1789785407199309000,5373.946,4,0.308,0.288,,dc2fd622d0dcd8df7010c985b284d29c2df2e871a25df9e5cdf3b1cf820b2860;bc85026f149d1d974157006adb423d6f11403edbf9d5352f3f3e1deb609aa475;d1f9e3e9a577fe8b7e2b6a5ad821f9db313ac2c6c2324370e8e09305e3873790;cb36ca0a235d4e22e107747e6f631950dd2c64ff6b7b10e0a0a6899d2b5fb60a
1789785407298464000,1789785407298792000,5473.409,3,0.328,0.311,,ee8b7a7a0d7d05c62e10788380788f0ca17e265724366f0d653a3e0c17cb7bb5;e344a103cbce63498114e96d29e3ae956ec757bfbda27eee93a94d452b2d8bfd;e74bf966ccae0c915743e6b5608258c9785087aecd90221980ac3e975eac9245
