fact,scheduled,sent,received,accepted,fast,commit,wallet,member
afce082121f1f0b7ec5986a4fd3ffc390fd9d6d224ddf67a1bc8ad25045c3a4c,1789808650845897000,1789808650846020000,1789808650865767000,1789808650866728000,1789808650885802000,1789808651136770000,1789808651511284000,1789808651562207000
c204fd64b4f9b24a3c092c270ef7a54772dc4769fca265003e7c3ead044a8ef4,1789808650895897000,1789808650895964000,1789808650918630000,1789808650919455000,1789808650932796000,1789808651587771000,1789808651961023000,1789808651964854000
67bc38159fcd4d5ee07fe7e21c33dd8c608d1e92cae460b8847e988ae4a36fc8,1789808650945897000,1789808650947117000,1789808650968793000,1789808650969538000,1789808650988775000,1789808651587771000,1789808651964163000,1789808651978324000
a3ef553ca2c341a2bf6d2c4d871fd52b81f7152d38da49100c4ae728bcc0000a,1789808650995897000,1789808650995965000,1789808651032035000,1789808651033488000,1789808651055912000,1789808651587771000,1789808651961012000,1789808651978343000
bdfe27e8c43b9284231497f255c1aa2c19a86d7ebece5c1e3fd0f173ded58866,1789808651045897000,1789808651046056000,1789808651136992000,1789808651139446000,1789808651143756000,1789808651587771000,1789808651968784000,1789808651993348000
90031ff39f9c41ae48cd2924fbaa1cf3feba2315003b6a889dc1142183bccb4d,1789808651095897000,1789808651096587000,1789808651150303000,1789808651151124000,1789808651174833000,1789808651587771000,1789808651950049000,1789808651964691000
207aef0a79490e92466654fe5b3f6ee45a2c426028e1dd996c1c8947b36b3568,1789808651145897000,1789808651146039000,1789808651284860000,1789808651285654000,1789808651313764000,1789808651996756000,1789808652413816000,1789808652450447000
b245c3ac226332403e21e6f020056d8432f4baad23e47361892486c46b49b252,1789808651195897000,1789808651195995000,1789808651231426000,1789808651232211000,1789808651249785000,1789808651996756000,1789808652424895000,1789808652456506000
a20188668557692bac8dfdce4ceb383ede96a888a3a10533e5ba9e5d42343d22,1789808651245897000,1789808651246218000,1789808651314619000,1789808651315425000,1789808651333795000,1789808651996756000,1789808652408894000,1789808652434531000
aa0dc2c0060727b10aaf234a469781c6f2158576c015583bbdc8c0f9331a51a0,1789808651295897000,1789808651296109000,1789808651345529000,1789808651346316000,1789808651368728000,1789808651996756000,1789808652419036000,1789808652450279000
71c078044ec730c97488c7bd91c5e08c7ba4a38f4a46c22c98edfaa254256433,1789808651345897000,1789808651346152000,1789808651421773000,1789808651422567000,1789808651441773000,1789808651996756000,1789808652416917000,1789808652450208000
00be3272268316893afaf1f9441f1d412718ea903077b80aa53539297ac9d3e7,1789808651395897000,1789808651396448000,1789808651449596000,1789808651450396000,1789808651473748000,1789808651996756000,1789808652423805000,1789808652456453000
2303532d66851e12e4b82c955d65c87166a5bfb61920d80c2aa288231b53056e,1789808651445897000,1789808651445947000,1789808651487067000,1789808651487881000,1789808651537738000,1789808651996756000,1789808652412804000,1789808652450407000
e221c2993834480f7e1ca12aea40cd28f0c20aa58dc024fde719a5ec69f25b7c,1789808651495897000,1789808651495989000,1789808651633907000,1789808651634704000,1789808651655852000,1789808652496315000,1789808652855958000,1789808652860578000
a7277a81b4d8cae726644276dfc0d925787ab053c0fba5592acdafce0446de05,1789808651545897000,1789808651546028000,1789808651594655000,1789808651595456000,1789808651619787000,1789808651996756000,1789808652419816000,1789808652456507000
720ef3266a48692b46b97d69d3f7254cf436db44923b91f56406cf9cd9d7cdfa,1789808651595897000,1789808651596359000,1789808651679572000,1789808651680367000,1789808651701810000,1789808652496315000,1789808652852033000,1789808652877417000
a9ff1d49b5657920176265d5d5ece1c514b8bfcda18b843f23febb655d260738,1789808651645897000,1789808651646198000,1789808651712561000,1789808651718151000,1789808651735910000,1789808652496315000,1789808652835935000,1789808652861489000
d0871a11279adfb78861777036b0fd94c46f0811210707fb7ef2e87698a4872d,1789808651695897000,1789808651696110000,1789808651763806000,1789808651764617000,1789808651791741000,1789808652496315000,1789808652841837000,1789808652867462000
3b4d0f449817818218b13cb948404f6c8f593397481b1edbe98a5454631bfb34,1789808651745897000,1789808651746144000,1789808651795659000,1789808651796449000,1789808651819805000,1789808652496315000,1789808652844901000,1789808652870716000
dded1b8857846864bfc7f9ea9d5890d275bd38e0a6a2bfdb086c1d5a632ce9ca,1789808651795897000,1789808651796095000,1789808651852759000,1789808651854008000,1789808651876768000,1789808652496315000,1789808652852047000,1789808652877447000
8f501009801e04c14b208d10b208543b5b28d33ad23c8dcb0f2287b015d2367a,1789808651845897000,1789808651845936000,1789808651893398000,1789808651894163000,1789808651928781000,1789808652496315000,1789808652854061000,1789808652879319000
3dbe4b7b40dbcd039a7d557ab6ec85cd17a3f67cf062ed2b2aaa1538b1b0e4e5,1789808651895897000,1789808651896125000,1789808651978970000,1789808652001610000,1789808652004765000,1789808652496315000,1789808652854943000,1789808652880424000
2bbffb09b1f60dbe4cac7215551d83cff12558723032db74db4f9a1476d06dc9,1789808651945897000,1789808651946120000,1789808652012602000,1789808652013382000,1789808652039774000,1789808652496315000,1789808652839989000,1789808652866226000
c61eaae4dd2538ccb1dfd01774a9dac882b050573e54f3bc4f69de4c669bfa09,1789808651995897000,1789808651996077000,1789808652055632000,1789808652056434000,1789808652075781000,1789808652882779000,1789808653350833000,1789808653351544000
4f5b039bf22d1b145c5e07d1e38fdbbdf33f5d2bb89ff05c37b849c4bda5f05f,1789808652045897000,1789808652045968000,1789808652091864000,1789808652092701000,1789808652126818000,1789808652882779000,1789808653351855000,1789808653352460000
8f5fd6b6ac2966556e4286db2abf142e9953f1d65634c6852f6eb04529b93906,1789808652095897000,1789808652096160000,1789808652174234000,1789808652175028000,1789808652182786000,1789808652882779000,1789808653358305000,1789808653358941000
138ecf137f282f991037f086cddc72c74b029106523b202621118a3b4170a456,1789808652145897000,1789808652146119000,1789808652187096000,1789808652187864000,1789808652198746000,1789808652882779000,1789808653348918000,1789808653349731000
938379ef6df769406098f97f097c486fdc667fda8132f7a4703f6f8b215ee0f4,1789808652195897000,1789808652196154000,1789808652267081000,1789808652267844000,1789808652273771000,1789808652882779000,1789808653348936000,1789808653349720000
ce6300afa39f62dcb506d40c1194e01dd0dbec57fc7a25019d26694fd6cd485c,1789808652245897000,1789808652245930000,1789808652284686000,1789808652285385000,1789808652304806000,1789808652882779000,1789808653354931000,1789808653355498000
0899836835c39e5f177358e2ac68e368dc33bf989a71e0d0e453a4ca0b553b74,1789808652295897000,1789808652296138000,1789808652358835000,1789808652359655000,1789808652385781000,1789808653422792000,1789808653810850000,1789808653861349000
41146f3026a5f0ff9af31b27656b57b811e7da7d942043585ac8e83e7f48bc4e,1789808652345897000,1789808652346139000,1789808652398882000,1789808652399601000,1789808652445787000,1789808653422792000,1789808653795884000,1789808653871407000
c09c4222f50f429dce44af3dff99a989f8429ae066467afb7020258a9b3c4031,1789808652395897000,1789808652396156000,1789808652480179000,1789808652502211000,1789808652494855000,1789808653422792000,1789808653795066000,1789808653870466000
3329a0194b5ac18636396ab956871ee2eacc9ecacbce3eb5d9e53b9010dd28f1,1789808652445897000,1789808652446148000,1789808652488640000,1789808652502913000,1789808652511775000,1789808653422792000,1789808653811895000,1789808653862436000
290b4fe62abc34922389b8efb6662304e076a5e07a379fcc072f832f7ec0de53,1789808652495897000,1789808652495985000,1789808652565518000,1789808652566309000,1789808652585753000,1789808653422792000,1789808653810810000,1789808653861346000
c9cd2d31f253da87af7631a9b3f1a7dd0b58474c2ee34b0c7453113d95f3d06d,1789808652545897000,1789808652546061000,1789808652587145000,1789808652587941000,1789808652620725000,1789808653422792000,1789808653795860000,1789808653871291000
5152786ae627fd022be51ad8b623320d1862fe20539c26796bd8e58529d4d8ef,1789808652595897000,1789808652596050000,1789808652652612000,1789808652653409000,1789808652682706000,1789808653422792000,1789808653807786000,1789808653883608000
652ea1e730902354986f4bdcce334f05dcdc92a4963b5ab9aeb6ce3ca7ef7b5f,1789808652645897000,1789808652645887000,1789808652692346000,1789808652693173000,1789808652719737000,1789808653422792000,1789808653795048000,1789808653870464000
ef684ae9eedaa0833f5f4e124c3eae9cd5b91a3c52ec8c65e528ffbfff3adf2b,1789808652695897000,1789808652695909000,1789808652773629000,1789808652774429000,1789808652809751000,1789808653422792000,1789808653809885000,1789808653860613000
12747abc7b131ad0a4d1baae391077ad1813bd74f2ae7e807061313c9bfe9e23,1789808652745897000,1789808652745913000,1789808652790763000,1789808652791551000,1789808652853747000,1789808653917719000,1789808654253887000,1789808654304377000
ee9ab6328f918ee7c395a06c8c280d2d67ffed7a2e85fb1973cc47f82b666034,1789808652795897000,1789808652795881000,1789808652878542000,1789808652889333000,1789808652902788000,1789808653917719000,1789808654252957000,1789808654303430000
02968771b080b6a4dc2f9004df095a97ad7fa1ad186014623c9afe1f2d434754,1789808652845897000,1789808652845881000,1789808652899720000,1789808652900496000,1789808652926706000,1789808653917719000,1789808654251910000,1789808654302530000
7014753c606a75b05c6f6a00c2de8facf324d8e677ca2040dddcfc5f9b08ba2b,1789808652895896999,1789808652896695000,1789808652952581000,1789808652953380000,1789808652983697000,1789808653917719000,1789808654258863000,1789808654309436000
8aa357ae73d2d66517cdb822056ed5f1585051bb7999571238ecf4e678c40078,1789808652945897000,1789808652945906000,1789808652988588000,1789808652989388000,1789808653011723000,1789808653917719000,1789808654261892000,1789808654287514000
0cb877802e548481cacd9ccc0454c7c6fa78042a87766657b3c21b683cf863c3,1789808652995897000,1789808652996418000,1789808653054702000,1789808653055497000,1789808653090991000,1789808653917719000,1789808654265989000,1789808654291660000
91a75c284f528d03e83669b68685f5308cb0b15fc928f8d6828f007469ab1467,1789808653045897000,1789808653045911000,1789808653081692000,1789808653085450000,1789808653117681000,1789808653917719000,1789808654267775000,1789808654293525000
fd7bbc3508471517665c4f0537370876d6b9c7dfdc140d3959d9c634da3c9d40,1789808653095897000,1789808653096615000,1789808653157540000,1789808653158329000,1789808653185791000,1789808653917719000,1789808654260881000,1789808654311674000
f4c6c05391e18e878f8afa372082872db217966a656344de32f88093ed3fcdac,1789808653145897000,1789808653145909000,1789808653193491000,1789808653194304000,1789808653222861000,1789808653917719000,1789808654273037000,1789808654298892000
9c0694399472230ab55bb22821c0a7c8638811fc9faa70e0fdcaec05f72f8708,1789808653195897000,1789808653195902000,1789808653285247000,1789808653286088000,1789808653290789000,1789808653917719000,1789808654266008000,1789808654291717000
d5bb667f6f04eb63c7de932a8b245799450c3e61f4d34016ef60532701c5ab78,1789808653245897000,1789808653245929000,1789808653297750000,1789808653298555000,1789808653368905000,1789808653917719000,1789808654271941000,1789808654294470000
1381d9f3185d849df685fd45910f2f0d22ea1bb9a3ac871de5908097dba8a050,1789808653295897000,1789808653295882000,1789808653351553000,1789808653353330000,1789808653383721000,1789808653917719000,1789808654258879000,1789808654309434000
656cd2392e322c6d7f5fd41e4d0fad4e5b79fec767f169008c5459c0c5b9f8de,1789808653345897000,1789808653345886000,1789808653438395000,1789808653439747000,1789808653465804000,1789808653917719000,1789808654265975000,1789808654291742000
f0bddf9ca92c0af798c3093e53af9b605de728e3c0864c6e8a3954326f0a753e,1789808653395897000,1789808653395964000,1789808653438248000,1789808653439054000,1789808653487722000,1789808653917719000,1789808654262916000,1789808654288464000
25782bcc311d03c22685acd72deefeb64f73529ab2bfd2a520dbecf3c226ad17,1789808653445897000,1789808653445897000,1789808653506570000,1789808653507376000,1789808653531693000,1789808654341707000,1789808654631888000,1789808654673410000
b8c9c6ca8d9a960f3946bf4f4222bd019f656d161b43a13e68b71bfa580caaf7,1789808653495897000,1789808653495950000,1789808653538477000,1789808653539256000,1789808653557799000,1789808654341707000,1789808654632997000,1789808654657166000
cd0aa87e1053c58a622d285e1e328eb2852ed40f5ca149977d20b9d2ef2effd6,1789808653545897000,1789808653545926000,1789808653602775000,1789808653603578000,1789808653631658000,1789808654341707000,1789808654631834000,1789808654673416000
a9e48bb44f0b861e31be01d56dc0bc69388d8d3eb7f73433bf545ae290c3a558,1789808653595897000,1789808653595972000,1789808653646792000,1789808653647611000,1789808653662745000,1789808654341707000,1789808654638007000,1789808654657230000
f5b11dbd047ed8c3b9ce0bd7ddca6c132ee5d220a220f63ba09cbaee25301ac1,1789808653645897000,1789808653645989000,1789808653667769000,1789808653668504000,1789808653693774000,1789808654341707000,1789808654643791000,1789808654657200000
70d2c6d69a328fec4bcc9989e1b53953b144b7cd9608e004707eb7da92b4a323,1789808653695897000,1789808653696022000,1789808653759031000,1789808653759817000,1789808653767770000,1789808654668745000,1789808655142808000,1789808655168509000
df61098405decb1e6c55297910aeb6130b95cfec206f4dfae540548022f34269,1789808653745897000,1789808653745893000,1789808653828641000,1789808653836407000,1789808653864709000,1789808654668745000,1789808655139791000,1789808655165472000
5359de408c2b53fbcdfe4f0a9914b3a9ddba56e1c47cef64c7b6fd212fac79b3,1789808653795897000,1789808653795869000,1789808653871897000,1789808653872693000,1789808653893776000,1789808654668745000,1789808655143884000,1789808655169390000
3e47053a69bde88eebcef8643d089579a471ba81439b8f7a0e4c2c5d8b7c5061,1789808653845897000,1789808653845893000,1789808653907483000,1789808653923931000,1789808653942721000,1789808654668745000,1789808655142829000,1789808655168559000
7ccbff0110655ed3e79edae853d128d913ba9c56e94864b727e26be16dd515e8,1789808653895897000,1789808653896144000,1789808653933889000,1789808653934704000,1789808653966733000,1789808654668745000,1789808655141725000,1789808655168075000
cf6a5f949848070b87558076c8109c732574978dedf2a81e085567350ec90426,1789808653945897000,1789808653946053000,1789808653996921000,1789808653997644000,1789808654025720000,1789808654668745000,1789808655125926000,1789808655176381000
5625919a32ce7317a765ae5870ef1939a058dbfb1a6a23e67737d6b8916f73b0,1789808653995897000,1789808653996012000,1789808654045468000,1789808654046263000,1789808654067715000,1789808654668745000,1789808655142821000,1789808655168398000
c5d284ecebdde600597adc40a453d76c16ecb48610cac7d04f51a029724b3c1b,1789808654045897000,1789808654046104000,1789808654106592000,1789808654107394000,1789808654141769000,1789808654668745000,1789808655141983000,1789808655167949000
ffb4e2a42c9081cab3267a47212fd2257d14fe5c59da4e88f2acbfe9596bc848,1789808654095897000,1789808654096342000,1789808654142003000,1789808654142797000,1789808654169810000,1789808654668745000,1789808655144909000,1789808655170408000
29408e3452851a4e07444c17e416314385a17e6c5a7c740ca0732010a409ca9b,1789808654145897000,1789808654145951000,1789808654208678000,1789808654209479000,1789808654231716000,1789808655167689000,1789808655531883000,1789808655585578000
6b163410821adbad091c0c3f780ea21f55a5c47f01007e5c6a3fe3b10f55f63b,1789808654195897000,1789808654196050000,1789808654246591000,1789808654247396000,1789808654299827000,1789808655167689000,1789808655550020000,1789808655578436000
b03a165137b93eba5433929290792af78c65d7c9fec9739dafb0bf2149b646d9,1789808654245897000,1789808654249958000,1789808654342776000,1789808654349647000,1789808654380791000,1789808655167689000,1789808655531212000,1789808655585439000
d5bdee523549c343f594fd7240eaf636a0777eb945dd9bcd9f018910d3ad8ef5,1789808654295897000,1789808654296187000,1789808654359557000,1789808654360311000,1789808654400738000,1789808655167689000,1789808655550893000,1789808655578569000
56c4d0004ba5ed5b3bcb152a50d74be8b32536d990868688e6aa21e760c4ca64,1789808654345897000,1789808654346152000,1789808654413128000,1789808654413920000,1789808654431795000,1789808655167689000,1789808655531871000,1789808655585540000
e55b742cf72f617f248c93d4c734c6b079d8fd85fd4625e114f7cdf637988d3e,1789808654395897000,1789808654396146000,1789808654432921000,1789808654433728000,1789808654461738000,1789808655167689000,1789808655536878000,1789808655588165000
3f8d33d2cc07661a33557149e19e250675626d5048877b47b85ab0cd2a3bb553,1789808654445897000,1789808654445920000,1789808654503173000,1789808654504015000,1789808654519720000,1789808655167689000,1789808655545209000,1789808655578484000
9a43d23a23708fc844a792c4a3a3ac9a4869232935687f68cdac9d0e5f33b532,1789808654495897000,1789808654496097000,1789808654520619000,1789808654521417000,1789808654544797000,1789808655167689000,1789808655545187000,1789808655578468000
ea40c25e07d2d4b4dfb50e0ba020f3e13aad13558eb32f585da9278cc22f3d85,1789808654545897000,1789808654546055000,1789808654574452000,1789808654575263000,1789808654607004000,1789808655167689000,1789808655532042000,1789808655585561000
e6de45793381058b602c761b7abd1f016125c050e6927d2d67ce485f00226a7f,1789808654595897000,1789808654607123000,1789808654687741000,1789808654688521000,1789808654721718000,1789808655587766000,1789808655996855000,1789808656053522000
195f716256432d9475b2b010d7f36896ed15e5e7b76520dcda265a2b57d663ee,1789808654645897000,1789808654646140000,1789808654712531000,1789808654713325000,1789808654738865000,1789808655587766000,1789808655989120000,1789808656039645000
fae4b712cf31247e0f91feb120ccd8b38e9a3382169a857f5f945a5ec981a8bb,1789808654695897000,1789808654696117000,1789808654779623000,1789808654785912000,1789808654809764000,1789808655587766000,1789808655985267000,1789808656035793000
d1280fc0a021c6f94c02f433a1e803226912be5dddc02d5fb402629664ef6784,1789808654745897000,1789808654745957000,1789808654803460000,1789808654804260000,1789808654824769000,1789808655587766000,1789808655999998000,1789808656053605000
f0cbd58d38e46922cf04fdc2b9a58f79a6225450b96fdca9c469baacf9befdd3,1789808654795897000,1789808654795941000,1789808654855517000,1789808654856313000,1789808654880719000,1789808655587766000,1789808655980830000,1789808656056450000
929c1781feb87c9903269043642b776a682a7884975ece4cad74b317cf2bbe79,1789808654845897000,1789808654845965000,1789808654892055000,1789808654892806000,1789808654914699000,1789808655587766000,1789808655989727000,1789808656040205000
a6bf9af91476d0bfd81f06a628cc8cc5578a4132361bdcc86402aed7d3c3f87d,1789808654895897000,1789808654895870000,1789808654951782000,1789808654952594000,1789808654976866000,1789808655587766000,1789808656001875000,1789808656053607000
a39f96838133cb40475dbf6606a4bbeadd0f7dc9eae4d1708cfbbb546a1bf6fc,1789808654945896999,1789808654945864000,1789808654993624000,1789808654994383000,1789808655016777000,1789808655587766000,1789808655991938000,1789808656042687000
d6877c5fd5b63893b9b229bcc4a42f9ea08388a4c9d71d47b5584ef2ae828260,1789808654995897000,1789808654996128000,1789808655059581000,1789808655060405000,1789808655110761000,1789808655587766000,1789808655985877000,1789808656036307000
2f9c9dcfd2406091c9ac7fbc9ebdee3a029c296d80cc00b494f58fd661964cab,1789808655045897000,1789808655046075000,1789808655124654000,1789808655125457000,1789808655167680000,1789808655587766000,1789808655992817000,1789808656043209000
6f3131d680d0c26093e5c8f16465b8bda18af212087cb81d68e59ad055240ca0,1789808655095897000,1789808655095977000,1789808655172748000,1789808655174919000,1789808655197692000,1789808655587766000,1789808655997860000,1789808656053653000
130070605ad0844a20a8ddf4abe9bcbe0e588923231fa0aeb9b4c86ec300e2b4,1789808655145897000,1789808655146069000,1789808655219725000,1789808655220553000,1789808655240754000,1789808656049419000,1789808656491031000,1789808656530218000
20c111da6cfefd3aab1bf15b12bf11d8787f2e4672f222be12823c257156f373,1789808655195897000,1789808655195895000,1789808655257449000,1789808655258258000,1789808655282715000,1789808656049419000,1789808656482729000,1789808656530199000
0cf332b7fe9daacea61c037b36777a1d160289f125edcf67943a28a3c7d11a15,1789808655245897000,1789808655245898000,1789808655299186000,1789808655299996000,1789808655313674000,1789808656049419000,1789808656489127000,1789808656530087000
78ed604b151cf365b81ab26783336368eb890cf32b9937e219541eb4ecada9ee,1789808655295897000,1789808655296106000,1789808655328461000,1789808655329231000,1789808655352684000,1789808656049419000,1789808656477924000,1789808656519368000
36d79fa0a7ed1d2ccebc0149804ac0910fa36277f276cec71c064667da479210,1789808655345897000,1789808655346101000,1789808655375528000,1789808655376328000,1789808655392677000,1789808656049419000,1789808656492893000,1789808656530113000
7d3da6da3bac682ebdc3876c2e0602252c8095a26bb200ffdac26f5e1994fb09,1789808655395897000,1789808655396022000,1789808655448494000,1789808655449314000,1789808655473693000,1789808656049419000,1789808656473758000,1789808656519418000
a2400ba8a64036e7d392acf56ca2728eceb9292ed489134fe913c6af2bdb0e63,1789808655445897000,1789808655446009000,1789808655477555000,1789808655478354000,1789808655506756000,1789808656049419000,1789808656482488000,1789808656530196000
55618afa86255717fb3cef20e92f592a008f7bfb205523620df68c901b3d8a9f,1789808655495897000,1789808655496048000,1789808655566539000,1789808655592601000,1789808655614546000,1789808656543725000,1789808656889618000,1789808656941673000
ea4122f00b0d7351bc7d133acfb6c9f45dbdaf4b14dc23ff101e89a18fc22331,1789808655545897000,1789808655545980000,1789808655592763000,1789808655593571000,1789808655634729000,1789808656543725000,1789808656884860000,1789808656925769000
5443290d6151ff2726babebf3ffd3aa3b93739dbd79416e0bdcddafa58aa94b6,1789808655595897000,1789808655596615000,1789808655652589000,1789808655653420000,1789808655694738000,1789808656543725000,1789808656894770000,1789808656941499000
6213a62bbc64af2c5fee5eaf5a23b8ebaf2dabe059b8abdd57015cacd2c032dc,1789808655645897000,1789808655646607000,1789808655695583000,1789808655696411000,1789808655722718000,1789808656543725000,1789808656897964000,1789808656941512000
67f9836601f36132b7bda79c98620ed9c917f93d32087a79c03a74ce7e36bea4,1789808655695897000,1789808655695971000,1789808655762096000,1789808655762908000,1789808655793735000,1789808656543725000,1789808656894159000,1789808656925780000
2be5bf596f61d675bf54f3b5b1c5fe18b5a0766e769c30034a7c18cd1b116dbc,1789808655745897000,1789808655746028000,1789808655788577000,1789808655789418000,1789808655813673000,1789808656543725000,1789808656889155000,1789808656925769000
ce216da0f407719440a5dbebb400f26c5423325588e624a0676aff336bfbe55a,1789808655795897000,1789808655796097000,1789808655842528000,1789808655843315000,1789808655863713000,1789808656543725000,1789808656889133000,1789808656925804000
ba2b7ee56dbef7b1981a9dc802d67998d7c491515dda64d82febf177e4bd1027,1789808655845897000,1789808655846139000,1789808655930566000,1789808655931376000,1789808655961817000,1789808656950721000,1789808657361823000,1789808657362421000
b34d1128674f1dd357d6ccab4a4e1d60ac497dae125c8f51444ed4a7fab546e7,1789808655895897000,1789808655895910000,1789808655987321000,1789808655988160000,1789808656001682000,1789808656950721000,1789808657351803000,1789808657379280000
cf45335c6bf3fcc3e1bb4c033b56d179f3d8553931a7233b72a31fad8285b1b1,1789808655945897000,1789808655946060000,1789808656049844000,1789808656056071000,1789808656070698000,1789808656950721000,1789808657370961000,1789808657373024000
207575a8d6febed5dccac0fae008190644311fff166cbcfec7d234c14c4c06aa,1789808655995897000,1789808655996060000,1789808656091626000,1789808656092423000,1789808656125722000,1789808656950721000,1789808657350957000,1789808657385083000
7c6b1d9649f76820da4fa2ebd9842f3ca37de4cbbdc79539df8bd0d2acf23316,1789808656045897000,1789808656045907000,1789808656097485000,1789808656098319000,1789808656151693000,1789808656950721000,1789808657351822000,1789808657385116000
52d052502daef7cd62707b7728d4c72a59afcfc6ff036ba5fc244c5edfb01d15,1789808656095897000,1789808656095863000,1789808656163622000,1789808656164417000,1789808656190735000,1789808656950721000,1789808657365745000,1789808657372962000
286e6747f2296c3838344cabd012771b6da7ae5f1bb6910ec20d957495c746a5,1789808656145897000,1789808656145877000,1789808656191940000,1789808656192755000,1789808656222785000,1789808656950721000,1789808657347939000,1789808657379276000
5e22b2ce3152586eb0c3ce60c491b789e5b66f4b29e04981b829371d80e57985,1789808656195897000,1789808656195923000,1789808656262701000,1789808656263514000,1789808656285759000,1789808656950721000,1789808657361279000,1789808657361904000
a900c94b3a50c59f36fe66023a6cf05f8644a17e4b3c28f73c125fa644a38bc4,1789808656245897000,1789808656245857000,1789808656290444000,1789808656291254000,1789808656321702000,1789808656950721000,1789808657346806000,1789808657373037000
19c1eec3f2a3452a870b1f11ed78c55305d6175d4957206ad457338542a66ed8,1789808656295897000,1789808656295928000,1789808656374492000,1789808656375294000,1789808656403710000,1789808656950721000,1789808657353961000,1789808657354679000
9be062a81238af2f1960c2695a0a34b3e95645c2eb15b6ee1edb3f96fe977833,1789808656345897000,1789808656345879000,1789808656410767000,1789808656411563000,1789808656441796000,1789808656950721000,1789808657366928000,1789808657373005000
bd64f9c5541e5b5d8fd329341b5ffcda2b8bf66cc566d5fc481a5800c31cbf28,1789808656395897000,1789808656395881000,1789808656451858000,1789808656452716000,1789808656513737000,1789808656950721000,1789808657363852000,1789808657364436000
2404c188effe00126d376ca035abb84966dfe29f37a54c6f90f938c1befd26e9,1789808656445897000,1789808656445834000,1789808656519705000,1789808656551281000,1789808656540692000,1789808657419687000,1789808657865828000,1789808657891370000
a04e58f6018f04464b3923b529dbfcbda51a30756eb288cd5775e301ba592908,1789808656495897000,1789808656495934000,1789808656548509000,1789808656551988000,1789808656568704000,1789808657419687000,1789808657869237000,1789808657894789000
aa9cdf25556be463a060da1edd3b9da3efde5f77388f6231c3e4b6d06296a707,1789808656545897000,1789808656545923000,1789808656591530000,1789808656592354000,1789808656613720000,1789808657419687000,1789808657863743000,1789808657889636000
32262c3cbfb7f0818f69bbace51aac8f1e599f00a90fc96eee2a31e484fe6800,1789808656595897000,1789808656595849000,1789808656655468000,1789808656656269000,1789808656674712000,1789808657419687000,1789808657874892000,1789808657900750000
e7b1aa105c824939376e1eec5671bca53c814b4f5f2407a6a70805ae811dd9f9,1789808656645897000,1789808656645915000,1789808656678651000,1789808656679475000,1789808656710690000,1789808657419687000,1789808657860739000,1789808657886390000
07b2ffb3e6a181f235e7f43fcff36994608fd215b9eae918c34b2cfe0bed4469,1789808656695897000,1789808656695869000,1789808656744527000,1789808656745328000,1789808656769653000,1789808657419687000,1789808657869725000,1789808657895203000
aab5ec2eb42fc60b3afa92b66b2a60485dcc9e386432cebaa80264842f1801f0,1789808656745897000,1789808656745982000,1789808656815031000,1789808656815847000,1789808656825729000,1789808657419687000,1789808657875745000,1789808657901261000
de906e34e7831b0c987c105d3289dc35b5fc530696ab224637a904a3663fb5a9,1789808656795897000,1789808656795928000,1789808656829654000,1789808656830389000,1789808656857778000,1789808657419687000,1789808657857980000,1789808657883590000
b0e50933ba46b9b9f9512e648a0ff3964f0985d18e298fcff09c912a70a2abb1,1789808656845897000,1789808656845870000,1789808656910932000,1789808656911768000,1789808656932702000,1789808657419687000,1789808657857939000,1789808657883583000
acc6aa2bb1863c15bb79cc1e8687ed65a826f96b35266b0d6747c4b690e0c4ed,1789808656895897000,1789808656895949000,1789808656942228000,1789808656956610000,1789808656964820000,1789808657419687000,1789808657864834000,1789808657890447000
0ee4edc21b7ff3ef59e775c0add26f9f12561e8dcf081a6f1f3ec01860b9eeb9,1789808656945897000,1789808656946031000,1789808657000990000,1789808657001808000,1789808657020730000,1789808657934652000,1789808658296841000,1789808658327330000
6d4f9b670d1dc537f14d9b2fc5109e26ba2bc29a7020c19b3103bbc646ba9d57,1789808656995897000,1789808656995820000,1789808657031538000,1789808657032366000,1789808657060669000,1789808657934652000,1789808658310812000,1789808658323189000
6a7eec6cd9766e40ed0cc978e47bc225c105d2789ad5f38f386e6ee0ad5af3d5,1789808657045897000,1789808657045819000,1789808657096543000,1789808657097337000,1789808657116759000,1789808657934652000,1789808658296804000,1789808658327359000
0058706f316768939db7a77b2175e79c78e43813b0ef98e0d937b0bf08a9240e,1789808657095897000,1789808657096061000,1789808657172469000,1789808657173286000,1789808657203785000,1789808657934652000,1789808658304004000,1789808658323180000
d1add3a395e1ce90e5a179270ac3b08db0b953c278c4d1030bb7867073a3cc95,1789808657145897000,1789808657145961000,1789808657183503000,1789808657184325000,1789808657229682000,1789808657934652000,1789808658304804000,1789808658323324000
5638cafc2412c6949b539ecd09cafe37b3f4c2b3f10015592a8ea2a3f417c5fb,1789808657195897000,1789808657195840000,1789808657259857000,1789808657260669000,1789808657285656000,1789808657934652000,1789808658310830000,1789808658323279000
64751b8b1ff2e23f8fb9bbfb4f95ee22c526c7e650a44489cc38e68733dffc99,1789808657245897000,1789808657245841000,1789808657293660000,1789808657294401000,1789808657322733000,1789808657934652000,1789808658297750000,1789808658327323000
f1bae99124422a20af4c96bfb77449086b36f69693ab3ebbecc2bed00fe2c18c,1789808657295897000,1789808657295934000,1789808657379733000,1789808657380563000,1789808657412846000,1789808657934652000,1789808658312875000,1789808658323278000
514297b43644ad4906268f3617798c40f0548b099f084a9d0381ac6e0850b89e,1789808657345897000,1789808657345947000,1789808657403688000,1789808657425201000,1789808657437719000,1789808657934652000,1789808658312761000,1789808658323227000
cb463fb7e19568925f05b347adbb888642b114f3ecd2f23d5c8937f99bf097c8,1789808657395897000,1789808657396032000,1789808657472548000,1789808657473355000,1789808657502685000,1789808658370706000,1789808658752790000,1789808658806016000
13578a20b1da0309711c838f11b4a6b2127feffdbb71ee021f9be8921739a8b7,1789808657445897000,1789808657446046000,1789808657509517000,1789808657510319000,1789808657531677000,1789808658370706000,1789808658756837000,1789808658807489000
2013dfe3407f7dc363f849f77512a32a3f0e59f0c1dd9316d1596a64e0773283,1789808657495897000,1789808657495969000,1789808657529568000,1789808657530262000,1789808657558654000,1789808658370706000,1789808658758889000,1789808658784531000
cd9ef26aad79b40832c572976c88febf05e3bbf8bd7a31e7d7ec7fa16d262ac5,1789808657545897000,1789808657545979000,1789808657601972000,1789808657602773000,1789808657624668000,1789808658370706000,1789808658749770000,1789808658805867000
ccd64dd69d5c784e0badb6f10f2a8a06632b0c02fa4de1c944fe72451e0cd9ba,1789808657595897000,1789808657595976000,1789808657625450000,1789808657626262000,1789808657651742000,1789808658370706000,1789808658752137000,1789808658805898000
e42ee63b635203f07e9893fa192259945ecaafa03c01d88922570b969c7c4834,1789808657645897000,1789808657645838000,1789808657701735000,1789808657702546000,1789808657739694000,1789808658370706000,1789808658765880000,1789808658790875000
b2a2546c743eb2f81f73aa0cc9387c7a565cad153b3f0b5bd37a19b8680273e3,1789808657695897000,1789808657696176000,1789808657734577000,1789808657735362000,1789808657765713000,1789808658370706000,1789808658765876000,1789808658791356000
4c70a6b3457d56c66d38ed96111550583986bddb8259c28b875dcbe15d7c8107,1789808657745897000,1789808657746015000,1789808657797787000,1789808657798594000,1789808657818722000,1789808658828675000,1789808659293754000,1789808659319629000
550c2a8d8411a4cb7a299e0ff8a7deec5832bfa8c2d743bd090f6dab5d050553,1789808657795897000,1789808657796029000,1789808657855877000,1789808657869199000,1789808657882666000,1789808658828675000,1789808659282830000,1789808659333405000
3ff397c05192cbe8820e7d0724384f91c32377b114c13887e5a8d9fbad7ff78a,1789808657845897000,1789808657845947000,1789808657923619000,1789808657941357000,1789808657947707000,1789808658828675000,1789808659297711000,1789808659323250000
5adb5847329964c81c80b7991f2dac6ef0de6d2a3bbc27ffe2c874e9ac7822e3,1789808657895897000,1789808657895857000,1789808657948238000,1789808657949057000,1789808657965691000,1789808658828675000,1789808659291673000,1789808659317447000
84aa86dd88017c360edd626647fe73a69a5a949259c6a3d3d4f3cdea759ebaef,1789808657945897000,1789808657945887000,1789808658020511000,1789808658021308000,1789808658048641000,1789808658828675000,1789808659298760000,1789808659324386000
fb91fcc6fe69a120e2ed99c69d7aa408315c9fae6843fa0d1d257c140dd9bad4,1789808657995897000,1789808657996189000,1789808658043705000,1789808658044489000,1789808658069663000,1789808658828675000,1789808659294780000,1789808659320320000
82d11139fd1b6ab11444e45f0b4d8c2f33a109491ddca74f5514d957b5f4cb0c,1789808658045897000,1789808658046243000,1789808658128463000,1789808658129272000,1789808658151692000,1789808658828675000,1789808659276878000,1789808659327548000
ed628355dd6062a0f22f511409c776666a2e4c157a0d9fdb3800c8c34d71899a,1789808658095897000,1789808658095969000,1789808658166539000,1789808658167335000,1789808658171662000,1789808658828675000,1789808659296873000,1789808659322403000
dbde1d0df830d712657b7a2b89ca8bf876ae3ad28f3d09a55c54c13926223727,1789808658145897000,1789808658146007000,1789808658192717000,1789808658193412000,1789808658222713000,1789808658828675000,1789808659297720000,1789808659323233000
0c548534c4d2209c08649d343658666882db105dc1dfc3aa4811ea6c39806265,1789808658195897000,1789808658195902000,1789808658274571000,1789808658275385000,1789808658318723000,1789808659341668000,1789808659718900000,1789808659744248000
2aae80806d28029d15a6841b548c4a17ffa3281c003b0d8a3f7e6d8a213355a3,1789808658245897000,1789808658245917000,1789808658290399000,1789808658291220000,1789808658342753000,1789808659341668000,1789808659717872000,1789808659744134000
bb6857ed3e5497fc7a771830c68763eb28422bc3b72737e1941a091d30a4f78c,1789808658295897000,1789808658296811000,1789808658374561000,1789808658378429000,1789808658402763000,1789808659341668000,1789808659727845000,1789808659753442000
d1e7a1e83229bfd4fac96101b640410594b12c607df43b5028076937db530d0a,1789808658345897000,1789808658345941000,1789808658389522000,1789808658390312000,1789808658447632000,1789808659341668000,1789808659722724000,1789808659748887000
7d2ce750b41883d2645d74a82c29f2448a40ccdd7cb8da5b12094d77d8ff80b1,1789808658395897000,1789808658396042000,1789808658492874000,1789808658493737000,1789808658499625000,1789808659341668000,1789808659724788000,1789808659750357000
de321967bb6423a805cb7a7fb792ce0e58c689205ad92223b775191382174f47,1789808658445897000,1789808658445833000,1789808658493745000,1789808658494591000,1789808658519656000,1789808659341668000,1789808659719671000,1789808659745264000
2dc147634ffdba2f13fd79397c3245e5cdcfdcf4f2d5d40dd70b3ce9efc4c75e,1789808658495897000,1789808658495931000,1789808658569868000,1789808658570678000,1789808658594680000,1789808659341668000,1789808659719687000,1789808659745257000
e8fd86ba5cba8856b8d4a331dd6e326bf42209afb7ba791cd6a6367968898223,1789808658545897000,1789808658546091000,1789808658610313000,1789808658611134000,1789808658630775000,1789808659341668000,1789808659731100000,1789808659731785000
1d45212405ad5dfae2449b06409a8e4da0aec27e687df3b7226071a267e8d882,1789808658595897000,1789808658596112000,1789808658644421000,1789808658645215000,1789808658671647000,1789808659341668000,1789808659721775000,1789808659748860000
71a4dd2516a21fe8215a2c92d315a1e46b2605ac0fe41c3ff8e58e8101a55ce8,1789808658645897000,1789808658645896000,1789808658705498000,1789808658706308000,1789808658730645000,1789808659341668000,1789808659731074000,1789808659731728000
4e2ae4fd2babf1e112a7659d6aff838405abb3ca20a102c75487c32c8622cbb6,1789808658695897000,1789808658696040000,1789808658754781000,1789808658755593000,1789808658805653000,1789808659341668000,1789808659731092000,1789808659731729000
d162beed5fd348045d3c743f26c70e5cde97708f8f35183bbbbf987f93329c79,1789808658745897000,1789808658745814000,1789808658816543000,1789808658836047000,1789808658842662000,1789808659341668000,1789808659717791000,1789808659744156000
6117c333a37c5f7d1301ff84cd9b9d04a0f9a5c93312e65621f0bcf16fe913b2,1789808658795897000,1789808658795934000,1789808658883533000,1789808658884330000,1789808658903758000,1789808659777688000,1789808660154241000,1789808660162229000
8524e9eecf7fe50b934c20e1a4bf2cc033d85fc5bd713e54e8d580d7c613a736,1789808658845897000,1789808658846033000,1789808658904593000,1789808658905398000,1789808658935623000,1789808659777688000,1789808660160743000,1789808660177427000
eb9b8d1c6b40c050b63a1301752eb5c1d8438164fb47b3a9baaf31536dbe13dc,1789808658895897000,1789808658895983000,1789808658940357000,1789808658941168000,1789808658960693000,1789808659777688000,1789808660160751000,1789808660177512000
72bed7d855ac305e82681db57e8e8926be60e6b49a7e1e9a3a8392a5d32f322a,1789808658945897000,1789808658945973000,1789808659003690000,1789808659004499000,1789808659031667000,1789808659777688000,1789808660156822000,1789808660177416000
0cb97db16a0903355ccc0150a85d27971f26afcdd49efcf30f52f3cf1d195f2d,1789808658995897000,1789808658996010000,1789808659028765000,1789808659029561000,1789808659061689000,1789808659777688000,1789808660136749000,1789808660177515000
96405506fde8251d2a8accde2cbaa1cf2817890c2e5bc26c7a2b737fc2d35a4a,1789808659045896999,1789808659045817000,1789808659102616000,1789808659103407000,1789808659125649000,1789808659777688000,1789808660150863000,1789808660177488000
9e4e41d76aa92d31206e03a2391e4c15f06899b9fb8959c54413ff5505c377de,1789808659095897000,1789808659096049000,1789808659130478000,1789808659131208000,1789808659157685000,1789808659777688000,1789808660157722000,1789808660177543000
445df0c531bd522536e5ef0c9783b145ed0a9a26f42424acb5562df858469c43,1789808659145897000,1789808659146032000,1789808659217743000,1789808659218549000,1789808659258704000,1789808660200639000,1789808660608704000,1789808660609326000
a3ed653b6ee90168d228b1b0efb7186301ab49d5c77698e6717048aef6f507e3,1789808659195897000,1789808659196042000,1789808659265513000,1789808659266808000,1789808659317703000,1789808660200639000,1789808660592930000,1789808660618337000
ad8ac0c31f9fa362283cd83970f43117c19204398b51b9983ee0b5696a9f2a36,1789808659245897000,1789808659246022000,1789808659312458000,1789808659347897000,1789808659335611000,1789808660200639000,1789808660585653000,1789808660611196000
8051900e13eaa04ef6c9498342626fc11346551897ffeaa7ab62ba2e6350f237,1789808659295896999,1789808659295942000,1789808659356540000,1789808659357334000,1789808659409739000,1789808660200639000,1789808660609851000,1789808660610447000
cec7a03bb59b88ec2dd35e122af71a2d07cd38d799f13b0f22127217a2d33d33,1789808659345897000,1789808659346084000,1789808659400637000,1789808659401414000,1789808659435694000,1789808660200639000,1789808660585695000,1789808660611257000
061859d99d46ac292b6dd61d975ca718ee0d73dcc3822cb541316b690e73fb47,1789808659395897000,1789808659395820000,1789808659440555000,1789808659441370000,1789808659463701000,1789808660200639000,1789808660588967000,1789808660614831000
9633a0fed6fea7c54d31b035604267b3e563f0039029a5ec251dbcb8bf066f9f,1789808659445897000,1789808659445953000,1789808659500522000,1789808659501311000,1789808659532722000,1789808660200639000,1789808660607811000,1789808660608471000
35a7a87870fa10aff96515f24c1de83eb6815f08a7caeca76ea53488842f4934,1789808659495897000,1789808659495806000,1789808659543522000,1789808659544383000,1789808659573719000,1789808660200639000,1789808660598951000,1789808660599517000
bd0fe4f2c256a526857a404d83b0eba10e2a53e959ab54a064c10dcdfccb5aac,1789808659545897000,1789808659546040000,1789808659601967000,1789808659602770000,1789808659626686000,1789808660200639000,1789808660602168000,1789808660602889000
adbcda0afb5a23cf9878443663ac081bfd2263aca8e37196f6cebdfb07469333,1789808659595897000,1789808659595889000,1789808659635562000,1789808659636361000,1789808659669606000,1789808660200639000,1789808660594942000,1789808660595656000
32e9c32a05d2f5daafb50f0bf451b7228033231b7f7bb158dffd2b47647fa61a,1789808659645897000,1789808659646052000,1789808659703860000,1789808659704661000,1789808659745687000,1789808660612697000,1789808660995868000,1789808660996584000
01eedc263eab0190c0311b96965aebdc4c89c8999f69903b2248f57610fcb8c8,1789808659695897000,1789808659696060000,1789808659736410000,1789808659746575000,1789808659771633000,1789808660612697000,1789808660996629000,1789808660997186000
21f26c54dfd8678ff80b329f006c16f9fb918a465cef07db3410bcc81cff0e80,1789808659745897000,1789808659745951000,1789808659801540000,1789808659802279000,1789808659826644000,1789808660612697000,1789808661001857000,1789808661007031000
cd3e15627f63a6837f34dee66e1f5b7206842ce96d780b22527e66bedc971b81,1789808659795897000,1789808659795976000,1789808659836482000,1789808659837298000,1789808659855641000,1789808660612697000,1789808661006083000,1789808661006690000
95753af273760bcb46e1c8439bd3b9ac7318bf71f4b7b93f06ac8c7c21253b23,1789808659845897000,1789808659845836000,1789808659902803000,1789808659903749000,1789808659908629000,1789808660612697000,1789808660983815000,1789808661009317000
d08e7cb38a3cc3007ae255bc98384ac483e27662890f84afe2dc7a4d3cac3433,1789808659895897000,1789808659895786000,1789808659955758000,1789808659956566000,1789808659982603000,1789808660612697000,1789808660982819000,1789808661008340000
e912846594fc8282efae0d3f81bb2ab4b2f568cca2115608509ded553c4c8c28,1789808659945897000,1789808659945945000,1789808659987417000,1789808659988120000,1789808660020642000,1789808660612697000,1789808660995882000,1789808660996613000
dce29ed3a1ec0260139e4d1432579a390e6a794e3a5462cf6c5adff8fcea950a,1789808659995897000,1789808659995780000,1789808660054948000,1789808660055755000,1789808660074683000,1789808660612697000,1789808660999935000,1789808661000593000
d75fa129f37a85e895d1194fb56057fb25ebb13935c22e6196b5b7983f95ede7,1789808660045897000,1789808660045807000,1789808660090457000,1789808660091270000,1789808660117693000,1789808661052620000,1789808661467788000,1789808661518286000
382f785756501614d30bfb4ffdcc5921465f76e6ac3a8574ed72aa600397513c,1789808660095897000,1789808660095872000,1789808660183509000,1789808660207708000,1789808660203692000,1789808661052620000,1789808661453789000,1789808661540106000
556a81aca92801c35966d691daf038d4198d29dcdb8f8b9864b7edd321f8fac6,1789808660145897000,1789808660145782000,1789808660208642000,1789808660209442000,1789808660247657000,1789808661052620000,1789808661447808000,1789808661523224000
d832a7690e3a057d00ca02b5004ebec288b956e28a49551540a60446f2e46671,1789808660195897000,1789808660195948000,1789808660273430000,1789808660274241000,1789808660296630000,1789808661052620000,1789808661446764000,1789808661522517000
7a9d480195e2f44e4078619fb9feb55d3cf1d79c4623873160db87a08e4c903e,1789808660245897000,1789808660245774000,1789808660306655000,1789808660307479000,1789808660331649000,1789808661052620000,1789808661456740000,1789808661540190000
9ef23e142f01a961933e70985c90e84f13dd23ad54c5f03a2c3889067448d0ce,1789808660295897000,1789808660295849000,1789808660326587000,1789808660330051000,1789808660348683000,1789808661052620000,1789808661448859000,1789808661534569000
fa7a2fd2527e8a561d32d874dda4fd6ed6a7789dd4e60b776ba06c9436c9d5a2,1789808660345897000,1789808660345854000,1789808660391339000,1789808660392133000,1789808660427625000,1789808661052620000,1789808661452875000,1789808661534504000
0f9155bc88a98aa49232406e90ded10dedc0229f07048f316beb8201b77ecc13,1789808660395897000,1789808660395905000,1789808660461519000,1789808660462398000,1789808660491687000,1789808661052620000,1789808661466741000,1789808661517600000
16473f4452bb7937aa69d3398b58a88442e507f6632b612a79f8a87feaaafcdd,1789808660445897000,1789808660445844000,1789808660500963000,1789808660501774000,1789808660532683000,1789808661052620000,1789808661457959000,1789808661534599000
a28eb450534baa0597f347e3622cdc5396460cf776ebbd1ed7b45c964e7b953b,1789808660495897000,1789808660495888000,1789808660559466000,1789808660560266000,1789808660625825000,1789808661052620000,1789808661451021000,1789808661534542000
7b4a87c7b0fd0bb36e7c808e28d525b70c2bff8e24d55261b8ce5241f9ecb0c7,1789808660545897000,1789808660545812000,1789808660607429000,1789808660619518000,1789808660657716000,1789808661052620000,1789808661457941000,1789808661540191000
a84ba18e36a0ad0b609905f0f888d7beb13a1248598b88d3c40d6cf46e273714,1789808660595897000,1789808660595797000,1789808660648650000,1789808660658327000,1789808660683594000,1789808661527624000,1789808661983713000,1789808662009476000
242abad60a689c6600955527babe4165074eba114bb56bf96d4bb201618b9a90,1789808660645897000,1789808660646392000,1789808660684458000,1789808660685270000,1789808660708650000,1789808661527624000,1789808661983696000,1789808662009471000
8629c9860f36c5b3501bff7b945d80640df0a4a7c9a536c58212216b5a94a75b,1789808660695897000,1789808660696404000,1789808660744436000,1789808660745222000,1789808660768753000,1789808661527624000,1789808661968942000,1789808662024887000
6ab26b3d3801917e6ab724112733ead8d9b3b0cd7e862ab5514d436b1a760f6e,1789808660745897000,1789808660745763000,1789808660798744000,1789808660799546000,1789808660838680000,1789808661527624000,1789808661988689000,1789808662024886000
f21a5631edac58615d6d7f95892b57d4cf484e61f319a5bfa9ad47e42491fac2,1789808660795897000,1789808660795784000,1789808660833349000,1789808660834160000,1789808660865701000,1789808661527624000,1789808661966146000,1789808662024897000
48acf8be8280e47dc33b68477146096718e8a0f58dee2f4b86159d1623de6d35,1789808660845897000,1789808660845947000,1789808660908484000,1789808660909266000,1789808660945626000,1789808661527624000,1789808661970886000,1789808662024922000
389a9d9f446b63eadcb8e28f2d4c9a46dedc7767717369dea25f094f9cfc2d17,1789808660895897000,1789808660895784000,1789808660934597000,1789808660935392000,1789808660966665000,1789808662078574000,1789808662391889000,1789808662442274000
11c9af5c95848dbe7f7e8e3d57b002ef6aa96695fca82bdafd0b3e8ed90bdaf5,1789808660945897000,1789808660945799000,1789808661020501000,1789808661021316000,1789808661048724000,1789808662078574000,1789808662385817000,1789808662468239000
d5e6fc23f20a93b2f22378aebb61de25030fee45413a9ed84daa9938fa0f3bda,1789808660995897000,1789808660995842000,1789808661053450000,1789808661058212000,1789808661081615000,1789808662078574000,1789808662385810000,1789808662432405000
f11b48619b39da2ec7986c766b22ee2f7e613e0435652bc218a8c5942fcb6e72,1789808661045897000,1789808661046091000,1789808661094653000,1789808661095471000,1789808661126684000,1789808662078574000,1789808662385828000,1789808662455485000
bcbe96ae2e51c174a0951ad132b3e40de6674b029e5cda4151c24970522b6205,1789808661095897000,1789808661095754000,1789808661174465000,1789808661175269000,1789808661200604000,1789808662078574000,1789808662385953000,1789808662455499000
2ddaeebbf169e0544bdc60799fd25ef9fdc9f286f4ed0ff93500952b7bdeb9b2,1789808661145897000,1789808661146105000,1789808661197468000,1789808661198277000,1789808661222633000,1789808662078574000,1789808662385868000,1789808662455476000
1fb5fd6f5157003ccf41b44ca5e4d76bc9375de74a6e7156edf5c1e05e66eaa7,1789808661195897000,1789808661196015000,1789808661247442000,1789808661248189000,1789808661269621000,1789808662078574000,1789808662394698000,1789808662445346000
130e1500ceb7c742283a272f12e3902da217ebd14689ac6698cc8d7e5421d2e7,1789808661245897000,1789808661246086000,1789808661294066000,1789808661294866000,1789808661315660000,1789808662078574000,1789808662386041000,1789808662441445000
fd2f39289ec6590be9eb5d033d5ccd129e48e23e75337ba8700eac0b3c1d0966,1789808661295897000,1789808661295790000,1789808661352471000,1789808661353285000,1789808661375691000,1789808662078574000,1789808662385875000,1789808662455490000
20217c67e4bbf9e8faba2c8059d7e4edef6b522f72099a054eab2c5bb8d20817,1789808661345897000,1789808661345821000,1789808661376526000,1789808661377330000,1789808661402654000,1789808662078574000,1789808662385975000,1789808662455040000
a2e36c8cfbbe365ee1e480ade306922d92e8b25ddf227054e38e09a7b30e9b6a,1789808661395897000,1789808661395813000,1789808661456679000,1789808661457502000,1789808661501666000,1789808662078574000,1789808662401768000,1789808662455522000
66e12b84fc9244ed2bac18491867af953a69b1a3b3e5b59c9dd271f85a781886,1789808661445897000,1789808661445915000,1789808661522933000,1789808661534967000,1789808661556657000,1789808662078574000,1789808662406808000,1789808662432444000
1d548335946292e4b005aee6443020a4b70fba5a3492949e65b9c4f809286e46,1789808661495897000,1789808661495830000,1789808661551547000,1789808661552322000,1789808661579642000,1789808662078574000,1789808662386060000,1789808662430337000
22d709d41606518eecb5cc5788fde6f33ae61880b4943ae03e1ff974620fc712,1789808661545897000,1789808661545791000,1789808661583471000,1789808661584273000,1789808661603627000,1789808662459574000,1789808662854347000,1789808662892196000
9e9a2bc4ceba7b87d5065ceca70f55636f46cb6b6b79c8664d3d3b81a77fe513,1789808661595897000,1789808661595785000,1789808661634484000,1789808661635315000,1789808661663572000,1789808662459574000,1789808662838769000,1789808662895317000
096250c6ce03c542d7b7f6fe89299043c54220818876ee919a1568e8231d845e,1789808661645897000,1789808661645930000,1789808661706660000,1789808661707468000,1789808661730653000,1789808662459574000,1789808662830872000,1789808662892301000
aff9edd84d83a497bd3a66a629a36430cba11a9922a128d916a0f0aefcca2329,1789808661695897000,1789808661695774000,1789808661728587000,1789808661729345000,1789808661761594000,1789808662459574000,1789808662836855000,1789808662892268000
905fa5bfdf43806ee2970911f67fb40c945a477e13b064ea590fd89380b3236b,1789808661745897000,1789808661745871000,1789808661784536000,1789808661785320000,1789808661811585000,1789808662459574000,1789808662836828000,1789808662892235000
e94cf43d5374ec3beaed409d17853710e1c08567ebb5466680f131ba3e02f37e,1789808661795897000,1789808661795842000,1789808661854506000,1789808661855300000,1789808661882584000,1789808662459574000,1789808662832747000,1789808662892268000
13c0b04d0bde272361398a77a8b26dbec51b01be7483f08da3ead9250162e669,1789808661845897000,1789808661845922000,1789808661877629000,1789808661878513000,1789808661912609000,1789808662459574000,1789808662837807000,1789808662892173000
9157060ed08c6e803fd33af77fa7251892d271f69476894b0468e5c3abbeae41,1789808661895897000,1789808661895870000,1789808661945501000,1789808661946320000,1789808662011636000,1789808662934638000,1789808663311729000,1789808663349666000
6955edc3e6887ae804f5f0c94aaa9a8eafc60d926516b84ad80cf4668ad1e255,1789808661945897000,1789808661945771000,1789808662054300000,1789808662085325000,1789808662093725000,1789808662934638000,1789808663318901000,1789808663349749000
f84341204ac68b6f0caaf5fec3526a0b0d38d3adc8c832aef0a506fa34ec36f6,1789808661995897000,1789808661995849000,1789808662036442000,1789808662037237000,1789808662060715000,1789808662934638000,1789808663310772000,1789808663349568000
1589cc5ae9755c49986483e28ba36809ded69f26d86d977312ef453dafecc0c9,1789808662045897000,1789808662045786000,1789808662102455000,1789808662103295000,1789808662125598000,1789808662934638000,1789808663300610000,1789808663337399000
e46d3e5decaba741ba9adcc2793493c0bfeca8734a5f2c7794ca5ade91cac16a,1789808662095897000,1789808662095841000,1789808662130693000,1789808662131488000,1789808662163584000,1789808662934638000,1789808663313696000,1789808663349613000
e40744e34ca2bdb49a396aece10dcda33cb316742ec35482b0570e48dccd6782,1789808662145897000,1789808662145972000,1789808662195452000,1789808662196260000,1789808662215595000,1789808662934638000,1789808663315791000,1789808663349702000
45986ddaa5b56b5ff5f3684ecca668d7fe115a337b677fb174f343627bdcc9d3,1789808662195897000,1789808662195948000,1789808662268551000,1789808662269342000,1789808662293628000,1789808662934638000,1789808663318880000,1789808663349669000
73890a457ac60204eccce349b2d14dab04663b1e99f46459a270770f8624a5cf,1789808662245897000,1789808662245806000,1789808662283519000,1789808662284227000,1789808662311632000,1789808662934638000,1789808663311711000,1789808663337530000
b24bf672de65929bf37c1ab4918c5239b9a0a545ae862f69bd767184963f968b,1789808662295897000,1789808662295778000,1789808662363394000,1789808662364238000,1789808662428650000,1789808662934638000,1789808663304248000,1789808663337387000
7bda1fbb56035dea7ebf0955c50ad42285f2db6a584079fa094644a87965a3e7,1789808662345897000,1789808662346014000,1789808662402576000,1789808662403355000,1789808662449612000,1789808662934638000,1789808663299915000,1789808663337394000
32f203e513399df195c4e5639c3fa561b484f9e9042168ef45d6a146eb29759f,1789808662395897000,1789808662401868000,1789808662494396000,1789808662495195000,1789808662528595000,1789808663368585000,1789808663778646000,1789808663853051000
81778d4a210746753b2ab91b72202107467a798d74f34aa124efad096f967a5c,1789808662445897000,1789808662445857000,1789808662511026000,1789808662511866000,1789808662554580000,1789808663368585000,1789808663779699000,1789808663853159000
149bddd6b6b1aa646247adfd69e683035cbee56fb8f4be14df16d991ee48d02f,1789808662495897000,1789808662496183000,1789808662571570000,1789808662572356000,1789808662597583000,1789808663368585000,1789808663772735000,1789808663847321000
887e6b93fe0ca6dcd56321e09c4cc39f824dbcb5156020bb62bbd458c2995c2b,1789808662545897000,1789808662545790000,1789808662601588000,1789808662602395000,1789808662625635000,1789808663368585000,1789808663775702000,1789808663847263000
04a4ab6a171d5deab596b368df7b983fc7e75b6d5f152a4ba2a836797d650854,1789808662595897000,1789808662595942000,1789808662634492000,1789808662635260000,1789808662655591000,1789808663368585000,1789808663780662000,1789808663853134000
01cc2464761585f31500d520c3204e1cf5d7434b362461dd745c32f94d09fc1c,1789808662645897000,1789808662646190000,1789808662704391000,1789808662705204000,1789808662734579000,1789808663368585000,1789808663785024000,1789808663852998000
ed60fdb5c0ef5820c6bd395dc25587b8d7ac1cb884812f3de3daf00c4ea02416,1789808662695897000,1789808662696190000,1789808662739484000,1789808662740322000,1789808662769577000,1789808663368585000,1789808663769659000,1789808663853104000
2f0f9a7cc400a91ca2f18c53ef4347c4cf51d01e0895b6a7e85c8a56ae455bfb,1789808662745897000,1789808662745939000,1789808662824620000,1789808662825433000,1789808662866661000,1789808663852644000,1789808664317120000,1789808664322578000
325b50be21dc476f029a726841d706ebf0b3e5c9a45577e637dfc3ccc5ffd459,1789808662795897000,1789808662796021000,1789808662850528000,1789808662851294000,1789808662894635000,1789808663852644000,1789808664319822000,1789808664322559000
dac29326155b653c12dce6b082278e00ac753d7a05406f696ad7a111c3d4f174,1789808662845897000,1789808662845997000,1789808662905471000,1789808662940842000,1789808662938561000,1789808663852644000,1789808664313719000,1789808664322438000
dbd94e49e63832f7ba23413804c258915edb12df68519f73eddae180d248ee47,1789808662895897000,1789808662895858000,1789808662939408000,1789808662941463000,1789808662967591000,1789808663852644000,1789808664317661000,1789808664322466000
f07d3392b7473e4af9e516d6f0b98bce1c23e18e25f853577c6c624915e1a625,1789808662945897000,1789808662945990000,1789808663014551000,1789808663015393000,1789808663063654000,1789808663852644000,1789808664313698000,1789808664322525000
a1973ffa0d6d53f50d1e64742493c58d1a9c12d65fac5266caa666411cae7cc1,1789808662995897000,1789808662995945000,1789808663038404000,1789808663039192000,1789808663081648000,1789808663852644000,1789808664306834000,1789808664322534000
a75fd9c4aea8b418c5986f2f2a050ea31a03cb165aa85f7244a652731531dc61,1789808663045897000,1789808663045743000,1789808663090354000,1789808663091142000,1789808663128578000,1789808663852644000,1789808664328801000,1789808664329370000
28d665e6193bcbd3cadc50e3cc7fac056c9f052f2d0b00abd3f77a8c583621d7,1789808663095897000,1789808663095925000,1789808663172484000,1789808663173277000,1789808663189655000,1789808663852644000,1789808664314845000,1789808664322569000
28e3087a4b0350148ec27265d3770443cb85ec355fcf0f3afb90b20969e5abac,1789808663145897000,1789808663145823000,1789808663187464000,1789808663188179000,1789808663224567000,1789808663852644000,1789808664324760000,1789808664325362000
bf8e32472d91def7aaa8e0e7f8ee95ab4fe76f4781eb2610406546611e0aba74,1789808663195897000,1789808663195953000,1789808663274503000,1789808663275292000,1789808663332589000,1789808664355676000,1789808664782727000,1789808664874864000
5bffcbe8ab2b6b9033b6b59c02f7ae443517c86278bbe20b3e688f811414948e,1789808663245897000,1789808663245814000,1789808663315378000,1789808663316183000,1789808663360576000,1789808664355676000,1789808664785713000,1789808664871059000
a6169697d15fa966765d6ae1cd7fc85b4bcf50c64e728231076257bb8b52e1f3,1789808663295897000,1789808663296031000,1789808663355335000,1789808663375653000,1789808663384594000,1789808664355676000,1789808664784843000,1789808664874723000
431c043ca83047c9c3d068d652f2ff694fedf52d3352c607c5ac7a37c600d890,1789808663345897000,1789808663345858000,1789808663407467000,1789808663408282000,1789808663426568000,1789808664355676000,1789808664777047000,1789808664841438000
a3693cdc0dbf89ffab546e80f0c0d8f040278d9a767e81777bd0ba036fc3f64b,1789808663395897000,1789808663395912000,1789808663437398000,1789808663438210000,1789808663464593000,1789808664355676000,1789808664765003000,1789808664857123000
a175875d700584130618073125118feff23b7ff292fae946e6eaebed765f3399,1789808663445897000,1789808663445861000,1789808663498219000,1789808663499045000,1789808663531686000,1789808664355676000,1789808664781735000,1789808664874870000
e49795a54df6b89722e6023df68b1c6cb7b224fcf1d409151f393bf0faeafb29,1789808663495897000,1789808663495983000,1789808663527553000,1789808663528340000,1789808663556566000,1789808664355676000,1789808664781708000,1789808664874888000
1827c8e0d92b636a183dee647c9b1ceb22233ca38f0420e4926ad35723d7d992,1789808663545897000,1789808663545747000,1789808663605365000,1789808663606184000,1789808663627628000,1789808664355676000,1789808664777636000,1789808664841776000
b3a846a22703828659a74b489bf06d38d0358baa7de3e3c1cb9403fce68e5b41,1789808663595897000,1789808663595984000,1789808663625486000,1789808663626273000,1789808663648568000,1789808664355676000,1789808664773769000,1789808664871128000
c84de647b6d28bf63428bddb14593e9968489bfeee9705b45cd5e24b94bb135a,1789808663645897000,1789808663645763000,1789808663694363000,1789808663695161000,1789808663717595000,1789808664355676000,1789808664768025000,1789808664874896000
d48fcca25174d1c8903a73a7c257ee0fd3659a5f8c04dbf1fa2c1370eecc911a,1789808663695897000,1789808663695956000,1789808663770661000,1789808663775975000,1789808663810637000,1789808664880542000,1789808665310656000,1789808665311356000
67026560be2807f2de013dd312e0acae1a58cfd99b9708416298a27fcdcffe01,1789808663745897000,1789808663745752000,1789808663811483000,1789808663812246000,1789808663846580000,1789808664880542000,1789808665322172000,1789808665322826000
37c8d7eb44614405775335806c542fe45ef64f1c2ae2e97f7e2757999bd1fda4,1789808663795897000,1789808663795864000,1789808663864431000,1789808663865230000,1789808663899560000,1789808664880542000,1789808665324998000,1789808665325577000
c154a35e2668263dd0dea1483acec996a5e1e03dc60b27f51244c6de34bdb019,1789808663845897000,1789808663847146000,1789808663900452000,1789808663901284000,1789808663924629000,1789808664880542000,1789808665325019000,1789808665325577000
83aee65056477b5005fb3a331002a569f5282dbd3a771904fcf77b768e6dbcc6,1789808663895897000,1789808663895928000,1789808663951364000,1789808663952175000,1789808663992519000,1789808664880542000,1789808665317661000,1789808665318549000
c9cdff8aea40ae53be2f47051eb217e8a60d0ed0c0e1120dac54fc3051e117b5,1789808663945897000,1789808663945749000,1789808663983455000,1789808663984262000,1789808664010585000,1789808664880542000,1789808665310637000,1789808665311356000
c22ed3f08f9bb30f92526e8d2d7109e639ddb77f08c3cd8b0df8a41d1190c40f,1789808663995897000,1789808663995883000,1789808664042526000,1789808664043322000,1789808664071561000,1789808664880542000,1789808665322136000,1789808665322815000
f58f9e742bb962846299afc6ec31c9bb327fda57f2a8da35b981243c7607e36a,1789808664045897000,1789808664045808000,1789808664110515000,1789808664111422000,1789808664134687000,1789808664880542000,1789808665309740000,1789808665310396000
d17eef12ff2c97ac9545026d3c1ada5baa2faa7bfef413cb0da47dacf9566ea7,1789808664095897000,1789808664095855000,1789808664135676000,1789808664136394000,1789808664180556000,1789808664880542000,1789808665331022000,1789808665331659000
a01ea539d004b47ca97070c92d09db9df0596bb0d13562ba8fe6b07b1be75e91,1789808664145897000,1789808664145875000,1789808664203465000,1789808664204277000,1789808664227595000,1789808664880542000,1789808665327613000,1789808665328260000
20482d8348eb50dde829895d1bfb45a1ddbc0f005141cd45f6c7357538292515,1789808664195897000,1789808664196007000,1789808664234473000,1789808664235319000,1789808664268686000,1789808664880542000,1789808665318682000,1789808665319279000
fe8d9870e0fd3262c47453db6de5846e9ed11d1c851d1f8300ce3563ead49876,1789808664245897000,1789808664245885000,1789808664331362000,1789808664362713000,1789808664355720000,1789808664880542000,1789808665331020000,1789808665331652000
f0b0c5398865e27e7bb949befbd4fb21aada914714b33c7c2ffd9e49d77feef1,1789808664295897000,1789808664296014000,1789808664352500000,1789808664363409000,1789808664383555000,1789808664880542000,1789808665308622000,1789808665309468000
437e028e51090380533f69ec4d4954aad970c5e799c1b1ed167388f63ed50ce8,1789808664345897000,1789808664346218000,1789808664419396000,1789808664420214000,1789808664462569000,1789808665358633000,1789808665712786000,1789808665713422000
8a8dbce605188a57d6c63b5bcf21fcdab20e18af5c275560f353a6981f5f5cf0,1789808664395897000,1789808664396212000,1789808664451572000,1789808664452379000,1789808664477564000,1789808665358633000,1789808665702569000,1789808665728104000
af9328e450dd49781bc6f033846bfff1ceab6ca4746a988be762cde1f5271c70,1789808664445897000,1789808664445799000,1789808664489310000,1789808664490101000,1789808664515536000,1789808665358633000,1789808665715758000,1789808665716390000
859713b0feaae8482735ba8e69ce983e6815acadea74170db5302e328e5395fb,1789808664495897000,1789808664496219000,1789808664557061000,1789808664557843000,1789808664597621000,1789808665358633000,1789808665697690000,1789808665723582000
aa33f4830fc1bda6d87ff37535d535cdec6cf0bdc1cb858df02260f320385eaf,1789808664545897000,1789808664546279000,1789808664592322000,1789808664593157000,1789808664626613000,1789808665358633000,1789808665702061000,1789808665727677000
d71b1bc8170d378098babda3f5296a35011e131c49f0316aa4fb77adc7feed3a,1789808664595897000,1789808664597888000,1789808664674392000,1789808664675186000,1789808664703556000,1789808665358633000,1789808665703634000,1789808665729195000
698a081c51ac103420871e9d383ce6ff5dc3531b3a2db54b96defb1535ef2e11,1789808664645897000,1789808664646194000,1789808664698577000,1789808664699379000,1789808664728771000,1789808665358633000,1789808665703791000,1789808665729342000
f8e3743976656e689eb0559aea1901271c87dbda6409541e000b59cf2512b545,1789808664695897000,1789808664695876000,1789808664756491000,1789808664757326000,1789808664793619000,1789808665358633000,1789808665693804000,1789808665719335000
70cce5aa2ce8d59083a5465459f2a0b199dead4b7f59099ae1aa5a17db6d7e42,1789808664745897000,1789808664745956000,1789808664822434000,1789808664823168000,1789808664856692000,1789808665358633000,1789808665707037000,1789808665732559000
475fe2cd909d84fe656d924c899c4b7799002a8d1eb38818dbfe36a6027390a1,1789808664795897000,1789808664796120000,1789808664884406000,1789808664887372000,1789808664907556000,1789808665718563000,1789808666132594000,1789808666133215000
b74172607b67ed84cbcb438d430b0758694692eba44c26ad5dacf2ae8b32a180,1789808664845897000,1789808664856740000,1789808664917434000,1789808664918225000,1789808664938557000,1789808665718563000,1789808666138623000,1789808666139205000
41b1cb4d3054425c3f4d225e98a1f15fe421b026d9e8f4362c5492ddedc9d0ef,1789808664895897000,1789808664895835000,1789808664976360000,1789808664977149000,1789808665006621000,1789808665718563000,1789808666132056000,1789808666132756000
4f6399e12137f78665a971000e5509695450d34f194ed3ea7bf128bf42d49271,1789808664945897000,1789808664946244000,1789808665001436000,1789808665002242000,1789808665022613000,1789808665718563000,1789808666122808000,1789808666123561000
a62905425cf03675215ee12ee2428bceab25184b2f7752ecc9dd52b75ead7ae8,1789808664995897000,1789808664996188000,1789808665053617000,1789808665054434000,1789808665078564000,1789808665718563000,1789808666128740000,1789808666129481000
f415cba2d59920330bfcf68d3d7b060cf8b373db5ebbf741e9d9f903ca856846,1789808665045897000,1789808665045767000,1789808665086417000,1789808665087235000,1789808665111502000,1789808665718563000,1789808666136527000,1789808666137282000
471e82e46070ee7d0cb7f03a2e178b1044909b6fb639c0368c691e11bbe1751b,1789808665095897000,1789808665096095000,1789808665173325000,1789808665174152000,1789808665228532000,1789808665718563000,1789808666128764000,1789808666129479000
586edf2eb8905b1f6a4f898cc9f746ed95ba6dd966aaa788941fc98f6f1767ea,1789808665145897000,1789808665145825000,1789808665201350000,1789808665202159000,1789808665242598000,1789808665718563000,1789808666117874000,1789808666143308000
0b594d626b21ae875e30414930cdf4913f20ef78475786fd21b2ed178c9ab526,1789808665195897000,1789808665196223000,1789808665253337000,1789808665254178000,1789808665286640000,1789808666181555000,1789808666586783000,1789808666632983000
80fb5176de50054c6ff3d99347ef547dd48f9fcb589da18d6ace3777a40ce161,1789808665245897000,1789808665245715000,1789808665318624000,1789808665319431000,1789808665352576000,1789808666181555000,1789808666602843000,1789808666633513000
1ce5d007e1b16f237daaff4b955e926399ae2f79f8570edf26a70aa55df8b349,1789808665295897000,1789808665296171000,1789808665363316000,1789808665365558000,1789808665389554000,1789808666181555000,1789808666589805000,1789808666632951000
ec9ffb2a2d94715476166ccfbce0d56bf619aa9ee95a134a0890910e35ebce50,1789808665345897000,1789808665346226000,1789808665397606000,1789808665398399000,1789808665424537000,1789808666181555000,1789808666599814000,1789808666632947000
772d124d996f0efe75209d2e339dee6ee5ccfeab46dd4f750d5cc0dd8cd86fe0,1789808665395897000,1789808665395876000,1789808665429359000,1789808665430159000,1789808665447617000,1789808666181555000,1789808666598075000,1789808666633003000
ddbbfcf1b5e18f1d0ea4adc6af79526df22995ac2b4e2cf71656bf278d4abe0d,1789808665445897000,1789808665445732000,1789808665482306000,1789808665483104000,1789808665497577000,1789808666181555000,1789808666598049000,1789808666632736000
96672fb0959658993dc5dde09968dcf166128a5a02a5001b67433a3e9ffdd144,1789808665495897000,1789808665496200000,1789808665536739000,1789808665537539000,1789808665564570000,1789808666181555000,1789808666589825000,1789808666633046000
c1ab8ef1773698e0755a46cb82ead387aca521d9f4d77c9e07e3722e3619c572,1789808665545897000,1789808665545836000,1789808665604413000,1789808665605211000,1789808665629748000,1789808666746519000,1789808667180077000,1789808667180714000
d27f54eebc12b97403f4ae3cb7bcb86e6c395a84e7377afb4c53f39df4e54bdd,1789808665595897000,1789808665595741000,1789808665624700000,1789808665625517000,1789808665669596000,1789808666746519000,1789808667195169000,1789808667195751000
9e0932226d8a79b558a4220ab59d0a36913a17528c7939feb2f5cf954ae69f28,1789808665645897000,1789808665654822000,1789808665725442000,1789808665726235000,1789808665766590000,1789808666746519000,1789808667191640000,1789808667192228000
6efa037acbcd8e1bd53ebd65d0342eebf858ce76b331e2748290a3b94616125d,1789808665695897000,1789808665695924000,1789808665753565000,1789808665754382000,1789808665790578000,1789808666746519000,1789808667190798000,1789808667191391000
282fd3c2d36800e4230bdcecb400688525c7e1541c149b7c4135bf2512bc8ad3,1789808665745897000,1789808665745974000,1789808665812329000,1789808665813173000,1789808665838541000,1789808666746519000,1789808667188606000,1789808667189253000
dd88678fa160d7bc34251adea7ea84cba579412f64615b5d5fe35bcdbeac18de,1789808665795897000,1789808665795753000,1789808665847503000,1789808665848319000,1789808665870522000,1789808666746519000,1789808667195546000,1789808667196175000
2d55fa1136da5d70d897c90e3fd2026cb5711cf22b860011b84bed8270a32cc5,1789808665845897000,1789808665845923000,1789808665878462000,1789808665879262000,1789808665907593000,1789808666746519000,1789808667182801000,1789808667183347000
e0a6ef714c7db1e3d119bb16998f2993caf1fd5ebeee061158e70cf5b7ecf2e0,1789808665895897000,1789808665895690000,1789808665948909000,1789808665949733000,1789808665978553000,1789808666746519000,1789808667178560000,1789808667179185000
2776986b7d136eade99dbd18cdb0a9a7aaccedcdf113d8052b0a0065b5815e2d,1789808665945897000,1789808665945718000,1789808665986592000,1789808665987313000,1789808666022609000,1789808666746519000,1789808667172702000,1789808667173447000
6fb2e9c4828e4e7d52ad7197a839eae5c291ee3e4d5a1765d8a5d09da855dbd0,1789808665995897000,1789808666006818000,1789808666064452000,1789808666065266000,1789808666095570000,1789808666746519000,1789808667195578000,1789808667196182000
d2fc02ddaeefe603456ec0f459b884ede7264fa4f5dc42f90bb1205deaafd5e0,1789808666045897000,1789808666045741000,1789808666112818000,1789808666117967000,1789808666178527000,1789808666746519000,1789808667178579000,1789808667179203000
2ae7a8de74c3f0a50e72d0f53dc5e495fa434409086f2ed42d8bfede5153b6dd,1789808666095897000,1789808666095757000,1789808666179503000,1789808666189446000,1789808666199549000,1789808666746519000,1789808667174782000,1789808667175415000
92879f9a648a819956bce057eb0e8bc400dc5021fe2e3132b06cc8ef412ab772,1789808666145897000,1789808666145704000,1789808666234715000,1789808666240887000,1789808666256534000,1789808667227683000,1789808667631769000,1789808667632376000
cbe65a8a3eae247f5a79bc81fba46abd56e96783b50fe7207fb6a8b5e910283a,1789808666195897000,1789808666195695000,1789808666264518000,1789808666265425000,1789808666287525000,1789808667227683000,1789808667612775000,1789808667613519000
159c484218b49dec122790347a5c1e4c4f623c8ceda02f5ff56a6dcf62d82f2d,1789808666245897000,1789808666245708000,1789808666298832000,1789808666299637000,1789808666326545000,1789808667227683000,1789808667627053000,1789808667627667000
53d07cceaac166b3f4232f65e6ce465aedcd585dfe1625f3f52e0ea50df28bf5,1789808666295897000,1789808666295722000,1789808666341285000,1789808666342105000,1789808666363538000,1789808667227683000,1789808667613533000,1789808667614208000
644cfc0825e127b2974101fd70d7bf3296bedc36afca1c9a8847d3a71f9ba566,1789808666345897000,1789808666345698000,1789808666403568000,1789808666404399000,1789808666451597000,1789808667227683000,1789808667627014000,1789808667627623000
8337b5852c0cbac9456da0cd8b3bfbb493886cc034456c130a545027788bade2,1789808666395897000,1789808666395710000,1789808666442431000,1789808666443235000,1789808666483567000,1789808667227683000,1789808667608628000,1789808667609459000
acfdac4bc2ef51bdf9ec42a9f3d25de217f59ce6c183e8428ff333b924f87ca9,1789808666445897000,1789808666445736000,1789808666520392000,1789808666521227000,1789808666560580000,1789808667643568000,1789808668061065000,1789808668111458000
6c11b4488f084deb881b133baf2be820bdd120c7bfb3c96c9b2cd538dd45bb8f,1789808666495897000,1789808666495707000,1789808666567565000,1789808666568402000,1789808666632549000,1789808667643568000,1789808668057760000,1789808668108222000
4634ec21b809194998ee52b632ee794a2ef3677f6a19d664ad7e27b22905665c,1789808666545897000,1789808666545776000,1789808666637721000,1789808666638498000,1789808666660592000,1789808667643568000,1789808668061083000,1789808668111347000
73487259dbda7283f9f417e119b9e1ef4eeef62373835f91fe2093777baa85ec,1789808666595897000,1789808666595673000,1789808666673417000,1789808666752854000,1789808666702616000,1789808667643568000,1789808668052633000,1789808668103164000
954d8fa5910b85362d6b8203b33a4711e26afacd326aba6eab23b02090858d03,1789808666645897000,1789808666645778000,1789808666717074000,1789808666753516000,1789808666726988000,1789808667643568000,1789808668052019000,1789808668102525000
1af6929f011fd4ebcc56ad5a87c9f04530ae50a5b5a71bec0c0765d065bbc8ea,1789808666695897000,1789808666695700000,1789808666760293000,1789808666761080000,1789808666794560000,1789808667643568000,1789808668045524000,1789808668121251000
c33722bdf996d745071d88e783f09fe8b0615098693af1036d08d288cfbf7411,1789808666745897000,1789808666745694000,1789808666802664000,1789808666803491000,1789808666828502000,1789808667643568000,1789808668053573000,1789808668104031000
6de873239a05adca71557dcaddf599a18411bae86d639cd881892e9a127d7d4a,1789808666795897000,1789808666795674000,1789808666880360000,1789808666881183000,1789808666905554000,1789808667643568000,1789808668056081000,1789808668106165000
b554a434d83b97e1da7da75104104b7969651163d74f923e039cc3326b06bb85,1789808666845897000,1789808666845692000,1789808666900297000,1789808666901113000,1789808666927511000,1789808667643568000,1789808668052570000,1789808668103022000
216484da239f06e11ca018f0dca1b3f038bd4431ded9f00dd0f0d18c0baf51ee,1789808666895897000,1789808666895711000,1789808666967466000,1789808666968296000,1789808666998540000,1789808667643568000,1789808668048769000,1789808668124083000
c73612a850e30c306769d8977e3ba1fe5cb029b1fd7afc9d1f8e13955a975b3f,1789808666945897000,1789808666945716000,1789808666994355000,1789808666995179000,1789808667026640000,1789808667643568000,1789808668051670000,1789808668102377000
fa39bdc7043dc32c9c4b8ece2ef1abc1b6b268436775e0c1272d3f479e8aa0cb,1789808666995896999,1789808666995702000,1789808667051490000,1789808667052326000,1789808667096614000,1789808667643568000,1789808668046841000,1789808668122303000
1b758f7aad347984df7801a3e45aca4309d131fef4815908c7d0e3347dc21961,1789808667045897000,1789808667045742000,1789808667094420000,1789808667095190000,1789808667133543000,1789808668069526000,1789808668433584000,1789808668447534000
fc7ac20a535b6e05ea509a278ac63fd41453adc3600301c1ac8777e39fdf7f6b,1789808667095897000,1789808667095744000,1789808667203665000,1789808667236493000,1789808667231752000,1789808668069526000,1789808668431797000,1789808668447719000
90f28df2a69851cd68981ddf2296bbd24f374bbf07b4217b23868c75f9f80114,1789808667145897000,1789808667145705000,1789808667203746000,1789808667237107000,1789808667249515000,1789808668069526000,1789808668424717000,1789808668450314000
628457c4bcfebab3c04d57158185e4f70ebbb53ba96579e5e52e59c9d6cd2777,1789808667195897000,1789808667195694000,1789808667232365000,1789808667237731000,1789808667276523000,1789808668069526000,1789808668426579000,1789808668452299000
d253ba76ff8bd15b4900baddf0a446f88baec6cecd09603cddb6759f38c78216,1789808667245896999,1789808667245818000,1789808667289357000,1789808667290158000,1789808667311482000,1789808668069526000,1789808668411719000,1789808668447699000
0ceda397062648f188e83e4918c9c85ca2dd6a09f6a0e156c2cfba1a42e2d1e4,1789808667295897000,1789808667295914000,1789808667344303000,1789808667345120000,1789808667365518000,1789808668069526000,1789808668415585000,1789808668447652000
86716eb27a02e236f354acb5df862c76fe7d65b96007d6a6158726b4dd28716e,1789808667345897000,1789808667345916000,1789808667404394000,1789808667405220000,1789808667438549000,1789808668069526000,1789808668413565000,1789808668447677000
309cb159bb30b794dcbbeea0295be12bbd066fe29e8c8cb0847ff2d522553603,1789808667395897000,1789808667395703000,1789808667438997000,1789808667439777000,1789808667456523000,1789808668069526000,1789808668431588000,1789808668457314000
15d48f96aa277d6903ae24fe00a4e24ceb9020eb124469aa2173880ca0fe2bcd,1789808667445897000,1789808667445742000,1789808667519469000,1789808667520264000,1789808667558044000,1789808668479514000,1789808668883226000,1789808668933723000
b88c0b2615ea26d6e5f3ffb86caf6ac668728164a006091be04f16787b5d887d,1789808667495896999,1789808667495719000,1789808667557456000,1789808667558285000,1789808667597543000,1789808668479514000,1789808668872563000,1789808668923185000
93a72c0c62726306854cc7bbc4eb999ce29fb42753acab55f3bfaba68bfbf574,1789808667545897000,1789808667545948000,1789808667601946000,1789808667602747000,1789808667639575000,1789808668479514000,1789808668864602000,1789808668919110000
e4b7947db8c9b248c430602448bc7ba02b79bab6b2e11b03c7569161f86ee5ee,1789808667595897000,1789808667595940000,1789808667648428000,1789808667651186000,1789808667680545000,1789808668479514000,1789808668880674000,1789808668932168000
5cb65f2381edb8e090c45f85dca779d78fdb624d79aaa628f852246bdc79368f,1789808667645897000,1789808667645758000,1789808667689876000,1789808667690669000,1789808667712513000,1789808668479514000,1789808668862591000,1789808668913455000
f449fabaad2ed7905ce4a7479774bdaa9b35aaf9debea2dec2ede64e83ce44a9,1789808667695897000,1789808667695705000,1789808667740386000,1789808667741203000,1789808667757542000,1789808668479514000,1789808668882927000,1789808668933130000
bb096c67a87d5696506b25eca41a5112f64d1bdaa10c5949e8bb7718a570bab2,1789808667745896999,1789808667745743000,1789808667787346000,1789808667788161000,1789808667812556000,1789808668479514000,1789808668862583000,1789808668913425000
0275a4f7e10333899a2ee9f35f658ebed6a084ebda4a73dabde8cb3864aef005,1789808667795897000,1789808667795691000,1789808667872401000,1789808667873202000,1789808667901700000,1789808668479514000,1789808668876724000,1789808668927393000
f1d20d4968d481bfee7e7786eeb6c18320ea07db48515cb63c73ce0b1a3e947a,1789808667845897000,1789808667845956000,1789808667890556000,1789808667891356000,1789808667924539000,1789808668479514000,1789808668874553000,1789808668925149000
729f0df2c9dc02456b702ea90ed1d59a97df558570f02ff49987837cee41363f,1789808667895897000,1789808667895723000,1789808667993782000,1789808667994717000,1789808668050572000,1789808668479514000,1789808668875598000,1789808668912991000
d430d12e59380eb8551a27d5c60a71ccc2d9a975a9c3592f384b9da7b2e0337a,1789808667945897000,1789808667945745000,1789808667994027000,1789808667995390000,1789808668008604000,1789808668479514000,1789808668883613000,1789808668934126000
92f28529d5dbfcd5f84b02b06f7980b18b06871ecbeb88fe9f2e1f9068e77b5d,1789808667995896999,1789808667995752000,1789808668126304000,1789808668127721000,1789808668188508000,1789808668937547000,1789808669288606000,1789808669310108000
d74cf0b934f6caa2ad9da916e5826974be5c5496c775b0ed3a4b666d63f3aee7,1789808668045897000,1789808668045697000,1789808668126185000,1789808668126979000,1789808668166581000,1789808668937547000,1789808669266657000,1789808669310100000
945b4443754b388ca3321a6442e4498753e6d9d02dbb5852807151fc5041ee84,1789808668095897000,1789808668095656000,1789808668152467000,1789808668153308000,1789808668188504000,1789808668937547000,1789808669288605000,1789808669310120000
9e6d3bdda344dd4e9fc0204bb50346dcda1eef5bf038fb11a3fd6708eb950149,1789808668145897000,1789808668145691000,1789808668229475000,1789808668230400000,1789808668260574000,1789808668937547000,1789808669285572000,1789808669309979000
daf15c04d6c915fdddc908cdb69f400ed5a11729473d8ca2f4cce50673e681cc,1789808668195897000,1789808668196694000,1789808668229488000,1789808668231289000,1789808668273495000,1789808668937547000,1789808669273588000,1789808669310033000
0752fa18064654c3a6a6c7e7d5d1c6e11dbfb1308fdc58acd624a18261b0b68c,1789808668245897000,1789808668246656000,1789808668304464000,1789808668305283000,1789808668333550000,1789808668937547000,1789808669283911000,1789808669310039000
a64b90978f39749b9a0b60082d35756cb4492081be35f721789a77a759b143d5,1789808668295897000,1789808668295920000,1789808668340271000,1789808668341091000,1789808668364487000,1789808668937547000,1789808669289720000,1789808669309953000
83edddb58a71a79ef63d8e4243c6dda074c3558bbd055dd5cb5c780296f2ebeb,1789808668345897000,1789808668345851000,1789808668441352000,1789808668442131000,1789808668469568000,1789808669344550000,1789808669769766000,1789808669770509000
3d2321b20911f4dd37767716bfe7cebf5312e0f2fb91b8f005e08353f0a3dfaa,1789808668395897000,1789808668396652000,1789808668470596000,1789808668485025000,1789808668497642000,1789808669344550000,1789808669773014000,1789808669773660000
d77b5a3d111f32edc041bc660b4dfb864b9f2d0d49d84a8c65d6b81861357580,1789808668445897000,1789808668446791000,1789808668521612000,1789808668522347000,1789808668551620000,1789808669344550000,1789808669776707000,1789808669777291000
e58e9cb6241206ecf41800de62329a513d80165b26575052371e4780414c806e,1789808668495897000,1789808668495782000,1789808668552805000,1789808668553611000,1789808668588524000,1789808669344550000,1789808669763521000,1789808669789112000
de6791f5de622b27ebc2866ceb97b8dbd7ae8a0c9967e4a76034002bc3e6dde2,1789808668545897000,1789808668551657000,1789808668612246000,1789808668613061000,1789808668638499000,1789808669344550000,1789808669763509000,1789808669789106000
a3052da7ee8809deb11c26040e893f33374bd1aef6dc77d038596aeefc6a8d46,1789808668595897000,1789808668595876000,1789808668639304000,1789808668640113000,1789808668662740000,1789808669344550000,1789808669762797000,1789808669788454000
d23c79b06610f55640192d0b759fa30363f2de55ec1e60d4356bd58d8b2085b4,1789808668645897000,1789808668645768000,1789808668686681000,1789808668687482000,1789808668714487000,1789808669344550000,1789808669764511000,1789808669790186000
b1b92ead4bbe2231e74b51eabcf487918ffe40e8d67feb34a63533edcb02ab47,1789808668695897000,1789808668695732000,1789808668764791000,1789808668765645000,1789808668775503000,1789808669344550000,1789808669775653000,1789808669776310000
c05ce3177dd8a8c78cddb623f3aec03b6557e425a9c9bfce90830ac07124afdc,1789808668745897000,1789808668745774000,1789808668776404000,1789808668777197000,1789808668807482000,1789808669344550000,1789808669757534000,1789808669783226000
c75e9d2c75a4aaeeddc9abe8711a72e7addf7605be28ec9e54128c297b581ddc,1789808668795897000,1789808668795766000,1789808668871817000,1789808668872674000,1789808668900513000,1789808669830453000,1789808670225706000,1789808670276317000
6a8494056bb3964e279183eff5bdb7245dd615324822e1a48aa8eeda64372a6a,1789808668845897000,1789808668845776000,1789808668913481000,1789808668944422000,1789808668943541000,1789808669830453000,1789808670218695000,1789808670269278000
bce33e228acff964f0764b318bf8239d1c2d959850ed225236445405d6c7c9b5,1789808668895897000,1789808668895778000,1789808668950276000,1789808668951115000,1789808668998546000,1789808669830453000,1789808670223561000,1789808670274347000
afabe73edb23616443c6ba60e077ba1b5fc039ad17359daa5f436c01a9246931,1789808668945897000,1789808668945769000,1789808668993480000,1789808668994275000,1789808669018573000,1789808669830453000,1789808670218685000,1789808670269268000
9cb8cb851812d65e144f3b442976efd3670b69916938829de46afc49f3ffd1fc,1789808668995897000,1789808668995901000,1789808669049401000,1789808669050215000,1789808669068599000,1789808669830453000,1789808670218710000,1789808670269276000
15922af1bd6061a055856061c279d6cec9d08e9181353c6fc7d3aaae08c1e891,1789808669045897000,1789808669045666000,1789808669088774000,1789808669089588000,1789808669118531000,1789808669830453000,1789808670218707000,1789808670269336000
e52b95cb61b2ab40f917dcb5edd6fd0d8e1ebdf4e928112c5847f34085119b0b,1789808669095897000,1789808669095750000,1789808669166380000,1789808669167191000,1789808669193618000,1789808669830453000,1789808670218692000,1789808670269274000
fbfaf643c496099d11084dae0367370adb2034c3a5572e511a8ce571f60287b3,1789808669145897000,1789808669145765000,1789808669190348000,1789808669191082000,1789808669216583000,1789808669830453000,1789808670217182000,1789808670267821000
c0719832084e5ff2f19f1caac10946f62fd88de8521f488ab85340aada893971,1789808669195897000,1789808669195946000,1789808669272183000,1789808669280541000,1789808669312567000,1789808670288457000,1789808670712571000,1789808670738305000
4b1ebfd01e05c395dfe9767bfc23297fa35a8a3828da3ca2b524ab266f0b9e0d,1789808669245897000,1789808669245885000,1789808669310642000,1789808669350552000,1789808669347535000,1789808670288457000,1789808670697819000,1789808670748342000
1d7c2896fe52ae048db76a33483e0e1f4a744827f01fc1c7d681ea1283133abd,1789808669295897000,1789808669295712000,1789808669363422000,1789808669364195000,1789808669398531000,1789808670288457000,1789808670698673000,1789808670749138000
b990400e48308287a7f1f569b96b371050f0a6f8ac91a26da7d4df4617569298,1789808669345897000,1789808669345906000,1789808669406425000,1789808669407215000,1789808669445466000,1789808670288457000,1789808670695750000,1789808670746046000
1b3d5ea77ed7fab007d3147b77be0aa84f114e187ba92d677f258600089fefcc,1789808669395897000,1789808669395923000,1789808669455500000,1789808669456339000,1789808669487464000,1789808670288457000,1789808670712574000,1789808670738304000
5b5e936e840a3757e1e24e640f5b58e5eb8c89782ef4397b9d25a8d48a7e4fd8,1789808669445897000,1789808669445765000,1789808669492410000,1789808669493204000,1789808669525656000,1789808670288457000,1789808670700705000,1789808670751231000
bdae6f6bc5e7769584aa81d8ed2d6a0d0bb89c7f4ba4ef88461d71ebb0d6a1a5,1789808669495897000,1789808669495661000,1789808669557280000,1789808669558082000,1789808669597669000,1789808670288457000,1789808670697797000,1789808670748344000
db214365903f33a01fa1fdcf544f8b0067d97c530a7533a4af30175ce4fac11c,1789808669545897000,1789808669545652000,1789808669594354000,1789808669595210000,1789808669619545000,1789808670288457000,1789808670695629000,1789808670745407000
1002bd091fcc6249d67fceca3433f5563be21a41721443f342d8aa99318ca462,1789808669595897000,1789808669597787000,1789808669662422000,1789808669663237000,1789808669681606000,1789808670288457000,1789808670707070000,1789808670732250000
a9b7cf9e92dcc779ae2c8ac8760f10db050c02245afa01891704abb64c43f15b,1789808669645897000,1789808669645680000,1789808669690781000,1789808669691617000,1789808669710501000,1789808670288457000,1789808670710621000,1789808670738249000
ae1b3104c2c8771e70a5a868dcd449cfac584729423f075ba145ec58500aa18e,1789808669695897000,1789808669695670000,1789808669776363000,1789808669777161000,1789808669806704000,1789808670288457000,1789808670707092000,1789808670738210000
e98ba8feabca93f2fdf7ef9040f91dda349ed8494f82cca4d89b4ad726c66807,1789808669745897000,1789808669745645000,1789808669789309000,1789808669790129000,1789808669839578000,1789808670288457000,1789808670695603000,1789808670740223000
174baeaa70511d6ed43b405e55d158c65630b1e1ed350723bcc3cbd1b4f9cef6,1789808669795897000,1789808669795714000,1789808669873285000,1789808669874106000,1789808669909486000,1789808670791479000,1789808671034897000,1789808671035697000
c34a0d8294da11b4679878597f76ac70f9bd8fa284f66a132919c9f9c5d99ea7,1789808669845897000,1789808669845775000,1789808669906333000,1789808669907155000,1789808669934473000,1789808670791479000,1789808671034903000,1789808671035734000
c5bdf078283ccb4e6b4e2c56f94bd908d42bce67dd3338c836b47d34a027cc87,1789808669895897000,1789808669895690000,1789808669953399000,1789808669954206000,1789808669986520000,1789808670791479000,1789808671036568000,1789808671037184000
33b3b45b90c5485a94e0a73f1d355250f52fa518e4b7aa6b01492be93ada00e7,1789808669945897000,1789808669945679000,1789808669990443000,1789808669992338000,1789808670010484000,1789808670791479000,1789808671035559000,1789808671036184000
2198184b706a79e5b7b2381b88c604dc2d1886265bd0c452e71e7ba168452172,1789808669995897000,1789808669995666000,1789808670052353000,1789808670053183000,1789808670074530000,1789808670791479000,1789808671050229000,1789808671050893000
a8678bdef353f89a553fb45d216e070e573f444d5501f6c7427846dcd0d7c04c,1789808670045897000,1789808670045666000,1789808670082562000,1789808670083398000,1789808670103538000,1789808670791479000,1789808671029023000,1789808671029868000
36a5cfe704075b09df83f19e483272a7ea38c368fd977f3146f20a6b0a021749,1789808670095897000,1789808670095728000,1789808670142462000,1789808670143255000,1789808670167520000,1789808670791479000,1789808671042669000,1789808671043305000
21ac0c4d52eb41c08fc0a0ee4620bc8e30f8c94dd0bc1b3f02c0c8dd96f16967,1789808670145897000,1789808670145656000,1789808670202619000,1789808670203436000,1789808670237496000,1789808670791479000,1789808671037552000,1789808671038116000
1934df6bd483b977dee1524408a138d045aa1c5a3d752f9928c8b07b3a50f693,1789808670195897000,1789808670195647000,1789808670277406000,1789808670294015000,1789808670309598000,1789808670791479000,1789808671034879000,1789808671035781000
d7546181481ee3371f5ca96b10292e6af6c75f91bed4a6d7d203fc16065d97b5,1789808670245897000,1789808670245701000,1789808670310392000,1789808670311194000,1789808670337460000,1789808670791479000,1789808671037568000,1789808671038122000
4aad89b9fcc8a3f8371fb015e2f97904c06fdeca8facb0dca52e3a6da6978de7,1789808670295897000,1789808670295741000,1789808670362306000,1789808670363139000,1789808670389499000,1789808671067449000,1789808671214570000,1789808671240442000
047d199b5385f6b45cb3741ea47e67ea1e3830037c851c5009e4ba9a48c758e7,1789808670345897000,1789808670345631000,1789808670390332000,1789808670391166000,1789808670421434000,1789808671067449000,1789808671221616000,1789808671247088000
7b67c7d2d6575ee182897b39fad1ef5d510102c6118f65909e7e6a500c1ff383,1789808670395897000,1789808670395714000,1789808670477246000,1789808670478039000,1789808670501470000,1789808671067449000,1789808671226639000,1789808671234032000
f638e9e7ea48572d885f64fbfb11a2cb7913dac4c673f5a8f99d725effe6b4ae,1789808670445897000,1789808670445654000,1789808670494315000,1789808670495079000,1789808670525541000,1789808671067449000,1789808671225596000,1789808671234021000
d454eed1baafcf13b8c2416f26575b5a1ffc50398c60edf59cc5245caf805381,1789808670495897000,1789808670495647000,1789808670571331000,1789808670572131000,1789808670599437000,1789808671067449000,1789808671224591000,1789808671250325000
32f290c3d1e8b2cef25a86ab731ee63bf9c078b5e21b0ef0578133635c321b10,1789808670545897000,1789808670545650000,1789808670600374000,1789808670601161000,1789808670626463000,1789808671067449000,1789808671226621000,1789808671234097000
32835b584d765c07e1da1e7483e279a653655024ba75716a29335cdfbce7926e,1789808670595897000,1789808670595630000,1789808670630288000,1789808670631074000,1789808670657495000,1789808671067449000,1789808671232535000,1789808671234031000
591d5f76089424f2e8cf26c875921d0b7e0c8c07f27986e79b016fabb46b4402,1789808670645897000,1789808670645678000,1789808670740765000,1789808670741701000,1789808670767474000,1789808671263512000,1789808671417515000,1789808671418315000
2b43a4c4d1baeb293177205348a8f98f0321570f8455bc1dae4270d650f473ef,1789808670695897000,1789808670695644000,1789808670786401000,1789808670797521000,1789808670812534000,1789808671263512000,1789808671412745000,1789808671438471000
2f3eb1dc00148293dbfeb4f1c43505c67f02f8d511bbe5aeef648e29a6c0effa,1789808670745897000,1789808670745634000,1789808670795753000,1789808670798206000,1789808670841477000,1789808671263512000,1789808671417414000,1789808671418310000
33dcc9b7e2a091e349ad2e8cfb0a180a4b8881dc2d516ab6a7f65d6aadf79263,1789808670795897000,1789808670795790000,1789808670884396000,1789808670885192000,1789808670910479000,1789808671263512000,1789808671411728000,1789808671436491000
