lane,sequence,spend,start_unix_ns,fast_us,wallet_ready_us,final_proof_us,credit_closed_us,proof_queue_us,credit_queue_us,error
7,0,ea1d69cf5b7eba5c039a89cf5905847fbb4d3dc910fbd9eede406c03e76f15e7,1789722476768864000,30899,57959,1597620,2447865,7,15,
5,0,ffa923cf1664ca4e67477ba7f33082494d68b6bcd8f1fffe51972a611bab12c1,1789722476777882000,52692,93970,2871645,5712891,15,224,
1,0,82b1f938425f477b885cde562052f684a8a44553833bdd6c58db2621a54d8255,1789722476777893000,62539,94128,2961845,5045252,34,21969,
6,0,5a1405917d11e1e7e44c97c5b169a74829bbcadb2bf432dfc1f982c7fbfdb8d2,1789722476777903000,62102,94012,2872303,5581966,18,22093,
3,0,bce05afde3447b790e3ffeb519801f9cac936f7369d6050e993811dc59a5bea1,1789722476777913000,52699,93922,2872535,5059875,44,226,
0,0,4d05c71cdb9bb5c72f5d1b3a26689393f2bfe58829347b130f9bbd86b51ad5d1,1789722476777931000,62312,93959,2871497,5340106,65,203,
2,0,3a9c58ac4dcc75960468acb04a60a4a09e30b7e9426ac129bc7e50a5bee73130,1789722476777959000,52625,93879,2872328,5044909,21,131,
4,0,f71be7344fd8ec35e22720ae95f00bf9ad0b3eb5595df96e9aa21fe3eb9e1361,1789722476777985000,62159,93859,2871285,5569411,74,225,
7,1,6b643ffa1810f4d7089db8455ccc152486a22dcf26094f78533db2d91a4fb215,1789722476854009000,53362,96215,2795603,3887464,15,68,
4,1,22ce28e0a008573c439277f0be1c291ef2ebd28fcea0775b5b3ef0281356a711,1789722476933034000,303839,349869,2717418,5340471,59,50,
1,1,865912f10c0ced03d2ebb9127f29922aad69fca34a80ffa50e35d4a99b93e68a,1789722476933072000,258743,349872,4226265,7477160,62,7,
2,1,89bc7121d74e717ce21194e53424fdccdfd943bbfe3a9d4d7ae8070f33392bbb,1789722476933098000,255588,350068,4235095,7477105,1083318,1933564,
6,1,361f0c19b6ccd1cd8a0800d2fa307019f18649efba801406e18f1e9cb618e4b6,1789722476933125000,255524,310719,4226190,6336368,11,23,
3,1,cfd5ca61c5ed4f44734c0bb6b89f31d2e772d2c57bcc5bc3c5986bcf2149f7a0,1789722476933163000,303558,349794,4237200,7480494,186,239,
5,1,114eb49e9023de76cf50db5ba3a56f07cebc4965a9e0f5c9d1f51b80991f3b15,1789722476933173000,255260,349821,4226039,6012209,161,223,
0,1,a01f432206bf58f520a1407e6feee579dd8b0809ec60f46955ed5d3b3219c65e,1789722476933290000,258479,349693,4237521,7762154,189,290,
7,2,90a7bdf0311bade86da6d90843ca1a0702103ec9e5403c2928a3716094c71b23,1789722477029163000,59637,109719,2620934,4874646,9,16,
7,3,4dbc5e824b98b5eb68813e2b31d909a4d554e4e1122adaf0565b78a2f3a2b71e,1789722477218652000,229894,365192,3940614,6208826,2065585,4239027,
6,2,0b5893df2561f66d6b60ee86e5ff02fb66643a2c556d4b90e57c610578803029,1789722477307192000,128552,168793,3852112,7403867,2173286,3265489,
1,2,5e59a45f4fc25c9e187c005727171eba97c29c4e1f66c252fa8b9e93007ebe29,1789722477435681000,222022,323194,3733679,6828446,1891576,4588522,
0,2,d82c6da1f6adfe227dd76e3db8ab97b2a9f24633e19c901903faa8f2ac964c72,1789722477435983000,131383,200907,3734678,6660440,2012638,4186257,
4,2,d0b00a3ffafebc6e5b4e617e363cce20c0ee34c0b09f64d73112f88a5457b22c,1789722477436188000,137837,273827,3723121,6660236,1939598,4127775,
2,2,7998eb5e6965e0167756670523e2b9a8bab291efbda8e56ffb53fd61fbf4df09,1789722477436244000,137785,273784,3734268,7074994,1940179,4408011,
5,2,02aa0f98cdb938a8b4319c1c585d95a11485043af102d121468eed904c904ce4,1789722477436255000,137964,273766,3723002,7174650,1940077,4193790,
3,2,3cf1a10acb13075d2a2a508332d707967cef3442da1d9cdb3180e96f9b0a0576,1789722477436613000,137673,273421,3722623,6264116,1940255,4563473,
6,3,0e76bdf2932ff7d568ee63edf23fb265d53ff9e1cd145864c6f800dcd39dd705,1789722477567494000,288060,354352,3602133,5377724,1728608,4438026,
7,4,83d10df282364f80f43076ee6c3078e6fbef935aad9d69677767b376074999a2,1789722477710521000,182995,251343,3457853,6800760,3197442,5833698,
0,3,a91d0682579d12e1a7ab4982e8de692c30aa88968c04416b6d968c8f6077006d,1789722477772335000,83425,180703,3392780,6938785,3206176,4992180,
2,3,64c12b1f52678ec6c866d0dbc633fe533dd6545fd81724cfd727ef6b14a5530d,1789722477803049000,105457,150312,3365610,6119683,3205906,5747370,
5,3,f23263e7346467e1c5b1ff2aeed78c4a9faea823d4462e1cff443f8df0c11aae,1789722477803058000,99687,149990,3362209,6892407,3206172,4992337,
4,3,600e7993a01b49c16f2ece27ae50577481be5939cd2424eda430edcedd0c90da,1789722477803061000,93916,150005,3366269,5992501,3206195,5474414,
3,3,858bde955a11fb70039a6080939159aebe9a05422a59957602a6340b76d70ed1,1789722477803138000,99613,149918,3365865,6625146,3206181,5316438,
1,3,d374803d8ac2ef8e08457a486ead8d467dfba9ce33d9e8f51ea62f6f221b7c16,1789722477831273000,71052,121699,3327947,6679965,1786772,4537803,
6,4,6666c9a810eeb3e9e6cedef86e2804ec37c6d5ac6c58294a7626e8519b035a63,1789722477994125000,93113,151718,3174726,6617469,3013468,5776890,
4,4,b683ad90287b61c80b6f2f3ebe75e3cf8706cd2a764e58e3cd68e393eb688950,1789722478040113000,343516,472860,4499812,7332278,2655402,5900686,
2,4,75bdea78c88d44bdd7c925d2d7ad73905135a9d89d5df59ee9c524e5697c7812,1789722478040149000,343100,472730,4497669,6671660,2652389,5751273,
5,4,e837437f3882551470b2471c60bdee2ec11024d39dce753b525336f17f1f6e3a,1789722478040161000,343527,472820,4494563,7448531,2655677,5915303,
0,4,540c803a1c29ebfa395f94d68f0f506e617b31b70e6b1b2faaabb151b83a9a79,1789722478040195000,343266,472691,4496918,7494935,2655017,5897320,
3,4,af35ddd79057350fc89e7c37db00424ff58d5fc5e722f4d268255f5ea61d0a4c,1789722478040216000,343067,472670,4497830,7125276,2655310,5897348,
1,4,060ae32f0179e6a857132c3d47b46c17404dd3997f2673c5dde5eb854935b5bc,1789722478040235000,343489,472636,4497406,6670934,2652245,5616086,
7,5,1202849c7fd39d9e80a0dabc5c252cbed422df453bf6d8430d5066b5b7802291,1789722478100096000,266517,342751,3067806,6028860,2716493,5653579,
6,5,b737a566e921f847b26a06f626a2150b275bee5fd066087571c90d08530e07b8,1789722478193115000,104678,172900,4346518,6718551,2793303,5730411,
6,6,1a214aa5d9ca3c63a92225d69c78f2995edde647cac4aa580817a5890d438eed,1789722478403044000,310663,438818,4133537,6433616,2327500,5669926,
7,6,73cbef05bbebc380940a62a798fad39be2a525099f6e5295170454f8ba18700c,1789722478492115000,168780,210695,4043574,6220397,2466196,5808432,
3,5,76d14419a5b001ff04024f02c0a02a4d9ca2cdcedbed8d2e57ccabc3d64cf4b3,1789722478549218000,111470,149588,3988074,5962570,2470046,5812435,
0,5,b2cb54948a86f2dd228d278d3a0021aa542c97342e25c593cecdd67f5efad53e,1789722478585037000,144587,224037,3949326,6250663,2360258,5702208,
2,5,776bf8be7ab6fb541f4ee27e31331c81efa65a8f5952ef75159f31d1309fe4ca,1789722478585044000,315674,500085,3950084,6116551,2085534,5610337,
4,5,6440de8d4678c114a140ceac185b24b5ff3436cfb0a7763f1b33d33aa9861f47,1789722478585048000,315832,500072,3954722,6120011,2085394,5610327,
1,5,51bd9f40547063b4060f1363bb7b39946ae58c09c23c63798c8de6b7f52d26fc,1789722478588975000,312096,496250,3947282,7078119,2085590,5616370,
5,5,c8ef1d2fbe60eb27f9670db912ad3aef5037dac13a8c9ef90eeaebcd5f481530,1789722478589000000,344804,556901,3952794,6671524,3388824,5559698,
3,6,4ff5bdf42227ebcfaa7a8c3c19d13e319e582c0f4b048f2a9dae6abed615183b,1789722478726059000,240819,270792,3812330,6796892,2173515,5614744,
7,7,a7511a740140ce8f710941f43eb1753a1914e83dc11c154e98627f8dfc3382d7,1789722478726066000,207736,419830,3815430,5979534,3388468,5559164,
0,6,c9572239f50269745185d4234accdcef8bc33b67a1e085b788fcee2bae23fd1b,1789722478856057000,110800,140785,3684182,6667102,2172789,5614068,
6,7,01739a9de1dfb2ff6ded1b089070b8eb8cc6116fb0961e6949330e9991e7d6d7,1789722478891261000,114153,254658,3650681,7064367,3389210,5565144,
0,7,432274cb469dc910c74803b1fafc4d9abca4043229cc61666b705d934e925df2,1789722479111113000,103114,145744,3431109,6323726,3278832,5454267,
3,7,e8e2ad23eef7d1ca5fa817221c8e5bcb9eee757dda86f0fc5c3f140a0fbc7f20,1789722479111207000,121117,186678,4514976,6455108,3238374,5413287,
1,6,473f82a8489f01dea82295d54c623f937bba59df94047845a64685d7f759b7ee,1789722479196711000,153638,242222,3346442,6086599,3098362,5396769,
4,6,c27a83832bfd82b9d46c9f8ebf9e67211064501ba839c76f6cf39206f39607e5,1789722479196889000,70001,115948,4430637,6326291,3223746,5398975,
2,6,781690f89d9eb1153b6774f6d6f654ffa4561898b85eb48b0efda752befb8b98,1789722479197082000,153611,241852,3346369,5670025,3098709,5397727,
7,8,209f263d8e4c1b8839773a50e1df140e91ddb468297c3e711d455c172cc07464,1789722479226085000,165801,307774,4400486,6702300,3003961,5333249,
5,6,3138945f30b2cfeb86a60a088e5f2bfbaff17b1dba4a16d73aaaeebbc791feb7,1789722479226140000,165662,307724,4401755,6803247,3004186,5377805,
6,8,781df9ab269f3f888e3933a2cd86dbc0e36e45ae22ccaf650882196b0c986e5d,1789722479226526000,123890,212395,4396888,6601470,3098195,5273594,
0,8,84a4e9a87eb2ab347ab211996b8587b4d245c6610c3ecfe63fd36c439c2e3ec2,1789722479350776000,600842,670060,4241705,6575678,2520960,5467859,
4,7,f5ca65cde78851c8820de4a5aa8b6fbea4d0c2dc029074ba1fadcac56ef66de3,1789722479391501000,201351,292452,4236261,6275690,2854439,5481544,
3,8,61b1fb4e12286275872cfcf24aa083f6781f549871aef9187b608805a97ac661,1789722479416127000,601390,644738,4210238,6309681,2482589,5462296,
1,7,b4f90dd02f7ee886d7bd0a2526f9469d921c70a747259196e7844c701887b44a,1789722479639346000,234390,278522,3984522,5734322,2622061,5454527,
2,7,420a64b2e9057cbf736add42a9051688849442a88d4f7a3be2db7e7a0ed29775,1789722479639381000,137063,206550,3987879,6601667,2693841,5437379,
6,9,58f69345ebeb6fd37cf21affd18b370f0bfc6cb5acb529de8aab42bb7b83ee7b,1789722479639632000,136772,184314,3952183,6718613,2715690,5436581,
7,9,ec728cc15efb3e185f21fb63fab9546f4584c89b884dfcff3f1e07418254d6d9,1789722479684125000,189613,233750,3943996,5951187,2622367,5455795,
5,7,4e46f79a7c678cb3b5b0283b1391e61cc0870f0c5a3cae523d7e201482853e99,1789722479684193000,189538,233688,3909040,6876062,2623617,5516960,
4,8,3089a9468620b2d7756fa14aaca311d74304564f582ccadf4009d84e513be70e,1789722479729103000,240501,331734,3898072,6336692,2481109,5462118,
6,10,3f6915296e805cd8a65f0a566639c2ec93c523697afc3084d75b2d6ccafcd8fb,1789722479877054000,92550,183803,3749705,6188852,2481367,5462326,
2,8,46bad49f221df32567c5bdd2700998d0ba457a1ccf8059f133bf328f5fc58a87,1789722479918085000,89544,142777,3674607,6264712,2482293,5474273,
7,10,e23b849efb7dbb60beb53df5ae95f0f0658fd8e1b14e75174382267a9e5d34ca,1789722479989055000,171333,243841,3607391,5607301,3359374,5334024,
1,8,544516612ebe1a568ac271777e9f997475bc174a1ea13f16353e06135108d558,1789722480016976000,276706,369171,3582482,5709326,3210451,5339664,
5,8,e2a8f5f424d746932c3d7e6e50847a202ebc53037b3ac7041b9f8e644f138349,1789722480016984000,273966,368836,3576064,5720867,3206874,5249494,
0,9,a1acc965f6d3ee74437829676365ff9d26f66638767857951398349a5b9d8421,1789722480080046000,32880,70921,3512224,5486874,3440850,5415352,
6,11,aada6de683f876dbf2183e4816b66bae9e8c2094089a86a20ecd5ae955b3cddd,1789722480106044000,54288,183838,3490554,5529288,3302601,5306474,
2,9,40d5a9cdd0fa8d3f51a6fe095b7b06da43a41f62dabbc39e1dd8cce3879dde83,1789722480106052000,97395,279777,3490949,6134998,3207405,5281269,
4,9,bc06c7a2cc12a9f60ca783f3a90687c2aaf2e850f7ef52e37503d148f894c7ee,1789722480106059000,97382,279765,4630736,6507269,3207224,5249509,
3,9,7c0fd94bc0b965f2aa57a25c829b88fdd249a569c6a7f1f34753d14780bcc2af,1789722480106059000,97455,279838,3493245,5849417,3210548,5281295,
7,11,cc4e3b65fc179b9a0ffd72cb92be84551b07b32f95b8d65b1c384aba4789ba18,1789722480275111000,365411,486861,4461806,6369084,2837817,5164485,
0,10,4c1f6fd1d382f1401b17bed3af157da52f3519d1b5e530f6eaf0f1e854b51e79,1789722480290088000,286066,397932,3309696,5950835,2908982,5038283,
6,12,51609954168c768c0817f4e006d757dfa1f89a9e94499aedc179495970797f95,1789722480433261000,386367,438599,4342032,5877825,2752011,5083773,
5,9,7064da98ad0ca430619e378f1d1ed52622503f00deae81e7439394ddb117dd42,1789722480512673000,127653,249213,3101347,5799395,2837420,4975989,
1,9,91f3ba511a77fb3ed4a2c6ad3b5d34cd53c7513c514e492801026066dceaa58e,1789722480512918000,127548,248993,4224222,6231490,2837549,5066089,
4,10,0dabc241a7bf88a00a9dd0838cd0af9b8fb4d92f32d7b38d25f67d2b1776a4b9,1789722480524052000,164297,303806,4213237,6133466,2786794,5101090,
2,10,c0c094e9fc8c9b4397447729fdd7cd6634c36bcbf3b0b17219443ac7af14c7ef,1789722480524054000,164491,303785,3090598,5404895,2786182,5100550,
3,10,e55bdb72e4b5b9061401e999e4ea52d511d22279304e1359f8f53498859ae89a,1789722480524354000,164001,303508,4250811,6035794,2795555,5127617,
0,11,a86e4b468e3886ab54a17dcce3328e1efb3d629549e43d9f6838bda947620d00,1789722480758106000,263204,438825,4017542,6087677,2429256,4832460,
1,10,f4426a5b9dd3208eeb8c888f780ad355109d536f9c0a75a75e0333c3d086148b,1789722480898201000,387680,437746,3865117,5652985,2291819,4975141,
7,12,b8c124da0993fe3a2085312522b8095396f0c5eaba7abe195ef48360a0a7cffa,1789722480898322000,299161,393617,3876715,5443510,2335240,4948985,
5,10,997e17c817c5a9f9a485d400aec747a424dfea1599b221f4092df9d9da1a3e73,1789722480898358000,375846,437577,3865382,5544727,2291597,4905119,
4,11,8f865269e44f86361660c8adeefe76bab4646328245b33e0fff3988063bd3655,1789722480966167000,127688,306951,3797342,5812164,2353458,4792792,
2,11,6d6c3a078d417a0ce40bedcd99efd8015d784f64f963bbe63688374b9b432cc7,1789722480966224000,127573,292647,4960018,5917981,2367499,4806928,
3,11,c07d6b289223f9a0e1e5181ec5a59f658b0dff9d73a8fce09b7d11da9143a93d,1789722480966309000,193098,307109,3809093,5621462,2353345,4909383,
6,13,a5e2fc91443e23679caf3e8848799673c380e15ece1730adfb00bd9e6fa277dd,1789722481041258000,190694,268675,3734257,5719233,2317332,4931119,
0,12,095398aa28b47710f00a8ba8c8f2f42cd3f04735730c18286947d42bb702a59d,1789722481310101000,361660,406962,3429191,5278210,3021273,4843197,
3,12,a13ee46fe8d50aa2e47b2d197fab21da8ec2a6296f7a7d71755a97f3f45501b6,1789722481340257000,250196,337593,4602983,5321110,3060213,4882301,
4,12,025e0c14d3b27b98c0494a2fccd4511766e92ca446b02d50779b4098c0ee62f5,1789722481340339000,163337,298552,3397997,5317197,3098399,4912297,
2,12,023c441aaab7c96b228f86ae733258bc2447997594c417ad5e276342a7eb9c3e,1789722481340505000,59874,113397,4586634,5474189,2173998,4858169,
6,14,33c8ae2d33bc855ef398e90fb06eb59cbb6224773dd4afd77340d0fe7bc7503f,1789722481368078000,57609,122886,3369985,4991100,3245835,4867285,
7,13,309602bafd39821b1b388355b2c67310e23bcad87ea2646d03dc7756a5bf6f7e,1789722481400140000,44691,72799,4526537,5552437,2155186,4868895,
1,11,4190d70f7fdfa629448bf7808015746ae478e7b0d058966f94f02a5beb3cea81,1789722481415088000,88595,223783,4528448,5431247,3098272,4804217,
5,11,286abcb839de0dbc99cc3d7f4f303a247b3befb5df9df86024341ac41d6b86e5,1789722481415111000,88518,174918,4528289,5546099,3146891,4769149,
7,14,bb163220e9a535e4f1e614751a43e4cb716211d543f9e76be00c381617d295f0,1789722481499120000,295337,356716,4426265,5190375,2907484,4732475,
2,13,139a956bb2e41f4204b163055ecdd0c0c54c343ef9710b80ae4cd672a26ec35a,1789722481590594000,285478,376326,4330629,5577284,2808248,4690616,
6,15,1ca927fa188ee8c724b4cbd9614102f637cb5a158a5be34d380f33f9fe4d2c7e,1789722481639397000,98571,194428,4304331,5351010,2905467,4753948,
5,12,e99e0b50d461e429dcf720884acfc05472097db8030ee8cfa0f536db3634c174,1789722481674100000,464045,529734,4248202,5099500,2571682,4540578,
1,12,73ad00851ff25c618bcce64c47a5378fecd34315060c54f95ec3e12cf99f9377,1789722481704661000,197319,259189,4221493,5209988,2799677,4649482,
4,13,e30595011715ad44a3e8dca32d5a2ee9c6fe7ab5fc04d88952010fa08e52f3b2,1789722481717367000,158666,249537,4208228,5249394,2808135,4690618,
3,13,d9206577191e7f5630846c3a4f50d9d47b87c15c2efc69450fee706e0fef904c,1789722481793569000,174111,296306,4132356,5072957,2685422,4571494,
0,13,ca4664d027e331be9cb4ca9cf155b0166acc5e92a17f296f664bb31068534496,1789722481822160000,85624,144736,4104818,5130392,2796850,4677304,
7,15,c320757e2550641488c42e2473ddda507d2fd2be87052deaa3379ba640db917d,1789722481897138000,220861,287704,4024828,4993814,2590563,4504655,
0,14,13db63bd2d3e4eba9cbaa67b71aa87c520b28753e65b560991e4593014fd1216,1789722482056464000,212390,305389,4588487,4822859,3560113,4416482,
1,13,9617d6095e7dbedabb1e467a115fa16ebba33e4ed0b585138c114b8171bb9341,1789722482063092000,284108,451781,3862705,4783325,3410513,4330914,
2,14,160e0e7b1ee4e43183b91f833a5d095e2e5c1aae81329adafc0800c0621d73b2,1789722482090068000,178682,271774,4554672,4771415,2413810,4398651,
4,14,4518314a9aaebb78055b921661adf37aefc6848813bed22c8d51b286df72bd93,1789722482090107000,178558,271741,3837188,4784552,3559378,4411754,
3,14,54a1c97466d9203ab2064fabd048a5912e09ee5359ec5c8f651850f60f749cf7,1789722482157009000,148556,204862,3770740,4758434,3560433,4452827,
5,13,5488eca739931e89b8d5bfc55fbc9e39a080b954600f8d97fa8b2a76f102961b,1789722482256259000,145490,258627,3675473,4590668,3410711,4331453,
0,15,dfc5e16a6465c1268c8a505d1bd457cc2e6f91b23028270d1912ba562699336e,1789722482431184000,294252,381658,4213863,4521369,3113404,4034749,
4,15,98f59f7a8fe8603386eb2699f7dd2b3b884c5d17f7e2e890d8e6e949e769945f,1789722482431185000,294350,381659,3501131,4435291,3113837,4048641,
2,15,753d2695d05283430600b7cfe4da4a34c6cb6610ffe064d812a4c63246cfbcf0,1789722482431234000,294474,381605,4213892,4722286,3113317,4034404,
3,15,75c43fe29889cbc8f5a2b35cfadbabab7924591a82ce5b124b7c4e017aa6b4eb,1789722482431261000,294158,381586,3501363,4536475,3114134,4053629,
1,14,dd89c7510f8a299501754846cfb27be4d9ad1ef896e4e995234a3dfe94800e43,1789722482583404000,102478,205749,3348483,4263841,3136648,4057267,
5,14,2c15160491591f0a53edf3b84b275796db8b28b496451fab57a654028ff4b770,1789722482583417000,102455,205870,4061591,4264174,3136641,4057642,
5,15,4af7d627473d088a83a377ca8ed280c1ab71d278c7735309855cc71c6b8b5799,1789722482861048000,195639,264840,3783681,4315377,2801410,3748774,
1,15,fdd816615abf8db70217de43b305d65ce681221c24c48c999d5195337f98bc29,1789722482861050000,195825,264824,3784113,4106434,2801271,3740657,
