label,second,sent,ready,public,all_members,active_members,public_pending,all_member_pending,active_member_pending,oldest_public_s,ready_p95_ms
v3-B1-r1,0,0,0,0,0,0,0,0,0,0,
v3-B1-r1,1,1,1,0,0,0,1,1,1,0.999884,2.014458
v3-B1-r1,2,1,1,0,0,0,1,1,1,1.999884,2.014458
v3-B1-r1,3,1,1,0,0,0,1,1,1,2.999884,2.014458
v3-B1-r1,4,1,1,0,0,0,1,1,1,3.999884,2.014458
v3-B1-r1,5,1,1,0,0,0,1,1,1,4.999884,2.014458
v3-B1-r1,6,1,1,0,0,0,1,1,1,5.999884,2.014458
v3-B1-r1,7,1,1,0,0,0,1,1,1,6.999884,2.014458
v3-B1-r1,8,1,1,0,0,0,1,1,1,7.999884,2.014458
v3-B1-r1,9,1,1,0,0,0,1,1,1,8.999884,2.014458
v3-B1-r1,10,1,1,0,0,0,1,1,1,9.999884,2.014458
v3-B1-r1,11,1,1,1,1,1,0,0,0,0,
v3-B1-r2,0,0,0,0,0,0,0,0,0,0,
v3-B1-r2,1,1,1,0,0,0,1,1,1,0.999883,2.011708
v3-B1-r2,2,1,1,0,0,0,1,1,1,1.999883,2.011708
v3-B1-r2,3,1,1,0,0,0,1,1,1,2.999883,2.011708
v3-B1-r2,4,1,1,0,0,0,1,1,1,3.999883,2.011708
v3-B1-r2,5,1,1,0,0,0,1,1,1,4.999883,2.011708
v3-B1-r2,6,1,1,0,0,0,1,1,1,5.999883,2.011708
v3-B1-r2,7,1,1,0,0,0,1,1,1,6.999883,2.011708
v3-B1-r2,8,1,1,0,0,0,1,1,1,7.999883,2.011708
v3-B1-r2,9,1,1,0,0,0,1,1,1,8.999883,2.011708
v3-B1-r2,10,1,1,0,0,0,1,1,1,9.999883,2.011708
v3-B1-r2,11,1,1,1,1,1,0,0,0,0,
v3-B1-r3,0,0,0,0,0,0,0,0,0,0,
v3-B1-r3,1,1,1,0,0,0,1,1,1,0.999884,2.146042
v3-B1-r3,2,1,1,0,0,0,1,1,1,1.999884,2.146042
v3-B1-r3,3,1,1,0,0,0,1,1,1,2.999884,2.146042
v3-B1-r3,4,1,1,0,0,0,1,1,1,3.999884,2.146042
v3-B1-r3,5,1,1,0,0,0,1,1,1,4.999884,2.146042
v3-B1-r3,6,1,1,0,0,0,1,1,1,5.999884,2.146042
v3-B1-r3,7,1,1,0,0,0,1,1,1,6.999884,2.146042
v3-B1-r3,8,1,1,0,0,0,1,1,1,7.999884,2.146042
v3-B1-r3,9,1,1,0,0,0,1,1,1,8.999884,2.146042
v3-B1-r3,10,1,1,0,0,0,1,1,1,9.999884,2.146042
v3-B1-r3,11,1,1,1,1,1,0,0,0,0,
v3-B2-r1,0,0,0,0,0,0,0,0,0,0,
v3-B2-r1,1,1,1,0,0,0,1,1,1,0.999896,2.298458
v3-B2-r1,2,1,1,0,0,0,1,1,1,1.999896,2.298458
v3-B2-r1,3,1,1,1,1,1,0,0,0,0,2.298458
v3-B2-r2,0,0,0,0,0,0,0,0,0,0,
v3-B2-r2,1,1,1,0,0,0,1,1,1,0.99989,2.035958
v3-B2-r2,2,1,1,0,0,0,1,1,1,1.99989,2.035958
v3-B2-r2,3,1,1,1,1,1,0,0,0,0,2.035958
v3-B2-r3,0,0,0,0,0,0,0,0,0,0,
v3-B2-r3,1,1,1,0,0,0,1,1,1,0.999891,2.053958
v3-B2-r3,2,1,1,0,0,0,1,1,1,1.999891,2.053958
v3-B2-r3,3,1,1,1,1,1,0,0,0,0,2.053958
v3-B3a-r1,0,0,0,0,0,0,0,0,0,0,
v3-B3a-r1,1,1,0,0,0,0,1,0,0,0.99973,10052.4085
v3-B3a-r1,2,1,0,0,0,0,1,0,0,1.99973,10052.4085
v3-B3a-r1,3,1,0,0,0,0,1,0,0,2.99973,10052.4085
v3-B3a-r1,4,1,0,0,0,0,1,0,0,3.99973,10052.4085
v3-B3a-r1,5,1,0,0,0,0,1,0,0,4.99973,10052.4085
v3-B3a-r1,6,1,0,0,0,0,1,0,0,5.99973,10052.4085
v3-B3a-r1,7,1,0,0,0,0,1,0,0,6.99973,10052.4085
v3-B3a-r1,8,1,0,0,0,0,1,0,0,7.99973,10052.4085
v3-B3a-r1,9,1,0,0,0,0,1,0,0,8.99973,10052.4085
v3-B3a-r1,10,1,0,0,0,0,1,0,0,9.99973,10052.4085
v3-B3a-r1,11,1,1,1,1,1,0,0,0,0,
v3-B3a-r2,0,0,0,0,0,0,0,0,0,0,
v3-B3a-r2,1,1,0,0,0,0,1,0,0,0.999883,10057.30725
v3-B3a-r2,2,1,0,0,0,0,1,0,0,1.999883,10057.30725
v3-B3a-r2,3,1,0,0,0,0,1,0,0,2.999883,10057.30725
v3-B3a-r2,4,1,0,0,0,0,1,0,0,3.999883,10057.30725
v3-B3a-r2,5,1,0,0,0,0,1,0,0,4.999883,10057.30725
v3-B3a-r2,6,1,0,0,0,0,1,0,0,5.999883,10057.30725
v3-B3a-r2,7,1,0,0,0,0,1,0,0,6.999883,10057.30725
v3-B3a-r2,8,1,0,0,0,0,1,0,0,7.999883,10057.30725
v3-B3a-r2,9,1,0,0,0,0,1,0,0,8.999883,10057.30725
v3-B3a-r2,10,1,0,0,0,0,1,0,0,9.999883,10057.30725
v3-B3a-r2,11,1,1,1,1,1,0,0,0,0,
v3-B3a-r3,0,0,0,0,0,0,0,0,0,0,
v3-B3a-r3,1,1,0,0,0,0,1,0,0,0.999888,10054.747
v3-B3a-r3,2,1,0,0,0,0,1,0,0,1.999888,10054.747
v3-B3a-r3,3,1,0,0,0,0,1,0,0,2.999888,10054.747
v3-B3a-r3,4,1,0,0,0,0,1,0,0,3.999888,10054.747
v3-B3a-r3,5,1,0,0,0,0,1,0,0,4.999888,10054.747
v3-B3a-r3,6,1,0,0,0,0,1,0,0,5.999888,10054.747
v3-B3a-r3,7,1,0,0,0,0,1,0,0,6.999888,10054.747
v3-B3a-r3,8,1,0,0,0,0,1,0,0,7.999888,10054.747
v3-B3a-r3,9,1,0,0,0,0,1,0,0,8.999888,10054.747
v3-B3a-r3,10,1,0,0,0,0,1,0,0,9.999888,10054.747
v3-B3a-r3,11,1,1,1,1,1,0,0,0,0,
v3-B3b-r1,0,0,0,0,0,0,0,0,0,0,
v3-B3b-r1,1,1,0,0,0,0,1,0,0,0.99989,10047.744958
v3-B3b-r1,2,1,0,0,0,0,1,0,0,1.99989,10047.744958
v3-B3b-r1,3,1,0,0,0,0,1,0,0,2.99989,10047.744958
v3-B3b-r1,4,1,0,0,0,0,1,0,0,3.99989,10047.744958
v3-B3b-r1,5,1,0,0,0,0,1,0,0,4.99989,10047.744958
v3-B3b-r1,6,1,0,0,0,0,1,0,0,5.99989,10047.744958
v3-B3b-r1,7,1,0,0,0,0,1,0,0,6.99989,10047.744958
v3-B3b-r1,8,1,0,0,0,0,1,0,0,7.99989,10047.744958
v3-B3b-r1,9,1,0,0,0,0,1,0,0,8.99989,10047.744958
v3-B3b-r1,10,1,1,0,0,0,1,1,1,9.99989,10047.744958
v3-B3b-r1,11,1,1,1,1,1,0,0,0,0,
v3-B3b-r2,0,0,0,0,0,0,0,0,0,0,
v3-B3b-r2,1,1,0,0,0,0,1,0,0,0.999873,10064.723459
v3-B3b-r2,2,1,0,0,0,0,1,0,0,1.999873,10064.723459
v3-B3b-r2,3,1,0,0,0,0,1,0,0,2.999873,10064.723459
v3-B3b-r2,4,1,0,0,0,0,1,0,0,3.999873,10064.723459
v3-B3b-r2,5,1,0,0,0,0,1,0,0,4.999873,10064.723459
v3-B3b-r2,6,1,0,0,0,0,1,0,0,5.999873,10064.723459
v3-B3b-r2,7,1,0,0,0,0,1,0,0,6.999873,10064.723459
v3-B3b-r2,8,1,0,0,0,0,1,0,0,7.999873,10064.723459
v3-B3b-r2,9,1,0,0,0,0,1,0,0,8.999873,10064.723459
v3-B3b-r2,10,1,0,0,0,0,1,0,0,9.999873,10064.723459
v3-B3b-r2,11,1,1,1,1,1,0,0,0,0,
v3-B3b-r3,0,0,0,0,0,0,0,0,0,0,
v3-B3b-r3,1,1,0,0,0,0,1,0,0,0.999893,10065.684416
v3-B3b-r3,2,1,0,0,0,0,1,0,0,1.999893,10065.684416
v3-B3b-r3,3,1,0,0,0,0,1,0,0,2.999893,10065.684416
v3-B3b-r3,4,1,0,0,0,0,1,0,0,3.999893,10065.684416
v3-B3b-r3,5,1,0,0,0,0,1,0,0,4.999893,10065.684416
v3-B3b-r3,6,1,0,0,0,0,1,0,0,5.999893,10065.684416
v3-B3b-r3,7,1,0,0,0,0,1,0,0,6.999893,10065.684416
v3-B3b-r3,8,1,0,0,0,0,1,0,0,7.999893,10065.684416
v3-B3b-r3,9,1,0,0,0,0,1,0,0,8.999893,10065.684416
v3-B3b-r3,10,1,0,0,0,0,1,0,0,9.999893,10065.684416
v3-B3b-r3,11,1,1,1,1,1,0,0,0,0,
v3-D-r1,0,0,0,0,0,0,0,0,0,0,
v3-D-r1,1,1,0,0,0,0,1,0,0,0.999895,3040.789708
v3-D-r1,2,1,0,0,0,0,1,0,0,1.999895,3040.789708
v3-D-r1,3,1,0,0,0,0,1,0,0,2.999895,3040.789708
v3-D-r1,4,1,1,1,1,1,0,0,0,0,3040.789708
v3-D-r2,0,0,0,0,0,0,0,0,0,0,
v3-D-r2,1,1,0,0,0,0,1,0,0,0.999886,3046.509792
v3-D-r2,2,1,0,0,0,0,1,0,0,1.999886,3046.509792
v3-D-r2,3,1,0,0,0,0,1,0,0,2.999886,3046.509792
v3-D-r2,4,1,1,1,1,1,0,0,0,0,3046.509792
v3-D-r3,0,0,0,0,0,0,0,0,0,0,
v3-D-r3,1,1,0,0,0,0,1,0,0,0.999879,3052.28375
v3-D-r3,2,1,0,0,0,0,1,0,0,1.999879,3052.28375
v3-D-r3,3,1,0,0,0,0,1,0,0,2.999879,3052.28375
v3-D-r3,4,1,1,1,1,1,0,0,0,0,3052.28375
v3-smoke,0,0,0,0,0,0,0,0,0,0,
v3-smoke,1,20,20,7,7,7,13,13,13,0.649737,4.473667
v3-smoke,2,40,40,26,26,26,14,14,14,0.699911,4.473667
v3-smoke,3,60,60,45,45,45,15,15,15,0.749932,4.052875
v3-smoke,4,80,80,64,64,64,16,16,16,0.799567,3.841333
v3-smoke,5,80,80,80,80,80,0,0,0,0,3.841333
v4-A0-pilot,0,0,0,0,0,0,0,0,0,0,
v4-A0-pilot,1,201,200,66,66,66,135,134,134,0.669887,3.926625
v4-A0-pilot,2,401,400,257,257,257,144,143,143,0.714018,3.943833
v4-A0-pilot,3,601,600,451,451,451,150,149,149,0.744938,3.918291
v4-A0-pilot,4,801,800,649,649,649,152,151,151,0.754992,3.996916
v4-A0-pilot,5,1001,1000,841,907,907,160,93,93,0.794954,3.996916
v4-A0-pilot,6,1201,1200,1102,1070,1070,99,130,130,0.490007,4.059583
v4-A0-pilot,7,1401,1400,1284,1243,1243,117,157,157,0.844048,4.038292
v4-A0-pilot,8,1601,1600,1490,1490,1490,111,110,110,0.549616,4.059583
v4-A0-pilot,9,1800,1800,1657,1666,1666,143,134,134,0.714093,4.100542
v4-A0-pilot,10,2001,2000,1889,1837,1837,112,163,163,0.555077,4.145042
v4-A0-pilot,11,2201,2200,2053,2076,2076,148,124,124,0.759824,4.24725
v4-A0-pilot,12,2400,2400,2286,2251,2251,114,149,149,0.569172,4.172333
v4-A0-pilot,13,2400,2400,2400,2400,2400,0,0,0,0,4.281667
v4-A1-pilot,0,0,0,0,0,0,0,0,0,0,
v4-A1-pilot,1,200,200,68,68,68,132,132,132,0.659963,4.0575
v4-A1-pilot,2,400,400,263,263,263,137,137,137,0.683997,3.926625
v4-A1-pilot,3,601,600,460,460,460,141,140,140,0.7,3.934625
v4-A1-pilot,4,801,800,651,651,651,150,149,149,0.744002,3.958958
v4-A1-pilot,5,1001,1000,844,844,844,157,156,156,0.784971,3.934625
v4-A1-pilot,6,1201,1200,1079,1043,1043,122,157,157,0.819056,3.934625
v4-A1-pilot,7,1400,1400,1300,1250,1250,100,150,150,0.504085,3.900708
v4-A1-pilot,8,1601,1600,1490,1453,1453,111,147,147,0.549475,3.89525
v4-A1-pilot,9,1800,1800,1682,1617,1617,118,183,183,0.589748,3.893834
v4-A1-pilot,10,2001,2000,1875,1875,1875,126,125,125,0.624604,3.915375
v4-A1-pilot,11,2201,2200,2067,2067,2067,134,133,133,0.665092,3.9015
v4-A1-pilot,12,2400,2400,2263,2263,2263,137,137,137,0.685094,3.900708
v4-A1-pilot,13,2400,2400,2400,2400,2400,0,0,0,0,3.89325
v4-A2-pilot,0,0,0,0,0,0,0,0,0,0,
v4-A2-pilot,1,200,200,67,67,67,133,133,133,0.664961,4.24325
v4-A2-pilot,2,401,400,261,261,261,140,139,139,0.694783,4.346084
v4-A2-pilot,3,601,600,459,459,459,142,141,141,0.704936,4.3585
v4-A2-pilot,4,801,800,658,459,658,143,341,142,0.710023,4.346084
v4-A2-pilot,5,1001,1000,853,459,853,148,541,147,0.734261,4.283667
v4-A2-pilot,6,1201,1200,1044,459,1098,157,741,102,0.779783,4.283667
v4-A2-pilot,7,1400,1400,1306,1277,1277,94,123,123,0.469054,4.223958
v4-A2-pilot,8,1601,1600,1437,1490,1490,164,110,110,0.814988,4.2265
v4-A2-pilot,9,1801,1800,1695,1674,1674,106,126,126,0.52511,4.223958
v4-A2-pilot,10,2001,2000,1892,1854,1876,109,146,124,0.539287,4.1715
v4-A2-pilot,11,2201,2200,2066,2027,2027,135,173,173,0.669142,4.125833
v4-A2-pilot,12,2400,2400,2267,2247,2266,133,153,134,0.890154,4.112333
v4-A2-pilot,13,2400,2400,2400,2400,2400,0,0,0,0,4.082792
v5-A0-r1,0,0,0,0,0,0,0,0,0,0,
v5-A0-r1,1,200,200,65,65,65,135,135,135,0.674693,4.293
v5-A0-r1,2,400,400,259,259,259,141,141,141,0.704583,4.121167
v5-A0-r1,3,600,600,515,450,450,85,150,150,0.42459,4.134958
v5-A0-r1,4,800,800,642,642,642,158,158,158,0.794917,4.154875
v5-A0-r1,5,1000,1000,874,833,833,126,167,167,0.804876,4.066417
v5-A0-r1,6,1200,1200,1081,1090,1090,119,110,110,0.594044,4.017125
v5-A0-r1,7,1401,1400,1278,1244,1244,123,156,156,0.614262,4.017125
v5-A0-r1,8,1600,1600,1443,1482,1482,157,118,118,0.829763,3.961875
v5-A0-r1,9,1800,1800,1675,1675,1675,125,125,125,0.624996,3.94025
v5-A0-r1,10,2000,2000,1871,1871,1871,129,129,129,0.649791,3.94025
v5-A0-r1,11,2201,2200,2068,2068,2068,133,132,132,0.659917,3.902417
v5-A0-r1,12,2401,2400,2267,2267,2267,134,133,133,0.66508,3.950875
v5-A0-r1,13,2600,2600,2468,2468,2468,132,132,132,0.659606,3.913708
v5-A0-r1,14,2801,2800,2662,2662,2662,139,138,138,0.689908,3.849958
v5-A0-r1,15,3001,2999,2858,2858,2858,143,141,141,0.710023,3.985375
v5-A0-r1,16,3201,3200,3053,3053,3053,148,147,147,0.73504,3.958667
v5-A0-r1,17,3401,3400,3246,3246,3246,155,154,154,0.76996,4.001291
v5-A0-r1,18,3601,3600,3446,3446,3446,155,154,154,0.769136,4.027542
v5-A0-r1,19,3801,3800,3705,3667,3667,96,133,133,0.475122,4.078417
v5-A0-r1,20,4000,4000,3870,3832,3832,130,168,168,0.650112,4.097833
v5-A0-r1,21,4200,4200,4067,4060,4060,133,140,140,0.854221,4.136584
v5-A0-r1,22,4401,4400,4264,4235,4235,137,165,165,0.889946,4.115958
v5-A0-r1,23,4601,4600,4483,4419,4419,118,181,181,0.589514,4.112542
v5-A0-r1,24,4801,4800,4679,4679,4679,122,121,121,0.605075,4.142084
v5-A0-r1,25,5000,5000,4872,4872,4872,128,128,128,0.639694,4.095834
v5-A0-r1,26,5201,5200,5069,5069,5069,132,131,131,0.655202,4.150958
v5-A0-r1,27,5400,5400,5266,5266,5266,134,134,134,0.669261,4.112542
v5-A0-r1,28,5600,5600,5461,5461,5461,139,139,139,0.695209,4.112542
v5-A0-r1,29,5801,5800,5655,5655,5655,146,145,145,0.730179,4.105834
v5-A0-r1,30,6001,6000,5850,5850,5850,151,150,150,0.750226,4.120291
v5-A0-r1,31,6201,6200,6047,6047,6047,154,153,153,0.765238,4.073667
v5-A0-r1,32,6401,6400,6241,6241,6241,160,159,159,0.799909,4.043584
v5-A0-r1,33,6600,6600,6503,6436,6436,97,164,164,0.485329,4.073667
v5-A0-r1,34,6801,6800,6631,6642,6642,170,158,158,0.845324,4.0835
v5-A0-r1,35,7001,7000,6891,6838,6838,110,162,162,0.544398,4.062709
v5-A0-r1,36,7200,7200,7085,7085,7085,115,115,115,0.575298,4.040917
v5-A0-r1,37,7401,7400,7279,7263,7263,122,137,137,0.605228,3.974667
v5-A0-r1,38,7601,7600,7475,7475,7475,126,125,125,0.625337,3.945875
v5-A0-r1,39,7800,7800,7670,7670,7670,130,130,130,0.650111,3.891375
v5-A0-r1,40,8001,8000,7863,7863,7863,138,137,137,0.685253,3.832125
v5-A0-r1,41,8201,8200,8054,8054,8054,147,146,146,0.729865,3.849333
v5-A0-r1,42,8401,8400,8251,8251,8251,150,149,149,0.745377,3.849333
v5-A0-r1,43,8601,8600,8446,8446,8446,155,154,154,0.775075,3.942666
v5-A0-r1,44,8801,8800,8644,8644,8644,157,156,156,0.779866,3.928292
v5-A0-r1,45,9001,9000,8905,8839,8839,96,161,161,0.475057,3.958292
v5-A0-r1,46,9201,9200,9078,9040,9040,123,160,160,0.610391,4.038041
v5-A0-r1,47,9401,9400,9267,9273,9273,134,127,127,0.840448,4.117792
v5-A0-r1,48,9601,9600,9468,9464,9464,133,136,136,0.880444,4.127875
v5-A0-r1,49,9801,9800,9685,9669,9669,116,131,131,0.575102,4.134625
v5-A0-r1,50,10001,10000,9864,9850,9850,137,150,150,0.680439,4.128291
v5-A0-r1,51,10201,10200,10079,10042,10042,122,158,158,0.605543,4.190792
v5-A0-r1,52,10401,10400,10275,10275,10275,126,125,125,0.625394,4.213292
v5-A0-r1,53,10601,10600,10467,10467,10467,134,133,133,0.664985,4.16675
v5-A0-r1,54,10801,10799,10664,10664,10664,137,135,135,0.679533,4.1825
v5-A0-r1,55,11001,11000,10859,10859,10859,142,141,141,0.70549,4.190792
v5-A0-r1,56,11201,11200,11056,11056,11056,145,144,144,0.725278,4.102375
v5-A0-r1,57,11401,11400,11253,11253,11253,148,147,147,0.73459,4.111833
v5-A0-r1,58,11601,11600,11445,11445,11445,156,155,155,0.780524,4.139375
v5-A0-r1,59,11801,11800,11681,11642,11642,120,158,158,0.789845,4.138291
v5-A0-r1,60,12001,12000,11833,11876,11876,168,124,124,0.835462,4.154083
v5-A0-r1,61,12201,12200,12092,12061,12061,109,139,139,0.540482,4.108958
v5-A0-r1,62,12401,12400,12262,12234,12234,139,166,166,0.690604,4.139375
v5-A0-r1,63,12601,12600,12485,12485,12485,116,115,115,0.575675,4.113916
v5-A0-r1,64,12801,12800,12643,12679,12679,158,121,121,0.78465,4.218667
v5-A0-r1,65,13001,13000,12877,12877,12877,124,123,123,0.615679,4.206292
v5-A0-r1,66,13201,13200,13073,13073,13073,128,127,127,0.635559,4.218667
v5-A0-r1,67,13401,13400,13269,13269,13269,132,131,131,0.65553,4.218667
v5-A0-r1,68,13601,13600,13468,13468,13468,133,132,132,0.660648,4.269583
v5-A0-r1,69,13801,13800,13666,13666,13666,135,134,134,0.670659,4.269583
v5-A0-r1,70,14001,13999,13860,13860,13860,141,139,139,0.700466,4.298459
v5-A0-r1,71,14201,14200,14052,14052,14052,149,148,148,0.740695,4.298459
v5-A0-r1,72,14401,14400,14245,14245,14245,156,155,155,0.775684,4.262166
v5-A0-r1,73,14601,14600,14442,14442,14442,159,158,158,0.789787,4.218667
v5-A0-r1,74,14801,14800,14637,14637,14637,164,163,163,0.819911,4.129375
v5-A0-r1,75,15001,15000,14901,14884,14884,100,116,116,0.495789,4.105208
v5-A0-r1,76,15201,15200,15064,15083,15083,137,117,117,0.680747,4.116833
v5-A0-r1,77,15401,15400,15291,15253,15253,110,147,147,0.545449,4.096375
v5-A0-r1,78,15601,15600,15486,15447,15447,115,153,153,0.570211,4.069459
v5-A0-r1,79,15801,15800,15681,15681,15681,120,119,119,0.594846,4.003416
v5-A0-r1,80,16001,16000,15831,15875,15875,170,125,125,0.950631,3.984541
v5-A0-r1,81,16201,16200,16071,16071,16071,130,129,129,0.645862,4.003416
v5-A0-r1,82,16401,16400,16270,16270,16270,131,130,130,0.650848,4.035875
v5-A0-r1,83,16601,16600,16466,16466,16466,135,134,134,0.670716,4.014666
v5-A0-r1,84,16801,16800,16658,16658,16658,143,142,142,0.710627,4.003416
v5-A0-r1,85,17001,17000,16849,16849,16849,152,151,151,0.755914,4.032583
v5-A0-r1,86,17201,17200,17090,17048,17048,111,152,152,0.700803,4.058958
v5-A0-r1,87,17401,17400,17244,17244,17244,157,156,156,0.780847,4.037084
v5-A0-r1,88,17601,17600,17504,17438,17438,97,162,162,0.485863,4.113375
v5-A0-r1,89,17801,17800,17667,17669,17669,134,131,131,0.725968,4.184792
v5-A0-r1,90,18001,18000,17886,17830,17830,115,170,170,0.850694,4.2425
v5-A0-r1,91,18201,18200,18084,18092,18092,117,108,108,0.855235,4.160791
v5-A0-r1,92,18401,18400,18288,18250,18250,113,150,150,0.560879,4.098417
v5-A0-r1,93,18601,18600,18473,18427,18427,128,173,173,0.910841,4.1045
v5-A0-r1,94,18801,18800,18682,18645,18645,119,155,155,0.590952,4.108459
v5-A0-r1,95,19001,19000,18879,18828,18828,122,172,172,0.605982,4.108666
v5-A0-r1,96,19201,19200,19039,19078,19078,162,122,122,0.891032,4.015583
v5-A0-r1,97,19401,19401,19272,19272,19272,129,129,129,0.640979,4.108666
v5-A0-r1,98,19601,19600,19465,19465,19465,136,135,135,0.675906,3.996583
v5-A0-r1,99,19801,19800,19661,19661,19661,140,139,139,0.695999,4.008583
v5-A0-r1,100,20001,20000,19861,19861,19861,140,139,139,0.696007,4.061
v5-A0-r1,101,20201,20199,20058,20058,20058,143,141,141,0.710954,4.081792
v5-A0-r1,102,20401,20401,20252,20252,20252,149,149,149,0.741079,4.126125
v5-A0-r1,103,20601,20601,20445,20445,20445,156,156,156,0.775873,4.116625
v5-A0-r1,104,20801,20800,20689,20639,20639,112,161,161,0.805168,4.098792
v5-A0-r1,105,21001,21001,20858,20863,20863,143,138,138,0.711153,4.075125
v5-A0-r1,106,21201,21200,21093,21061,21061,108,139,139,0.536092,4.070208
v5-A0-r1,107,21401,21401,21283,21229,21229,118,172,172,0.58516,4.0705
v5-A0-r1,108,21601,21600,21478,21478,21478,123,122,122,0.616023,4.070208
v5-A0-r1,109,21801,21801,21671,21671,21671,130,130,130,0.645899,4.020291
v5-A0-r1,110,22001,22000,21865,21865,21865,136,135,135,0.676158,3.989083
v5-A0-r1,111,22201,22200,22060,22060,22060,141,140,140,0.701082,4.021167
v5-A0-r1,112,22401,22401,22254,22254,22254,147,147,147,0.730947,4.003333
v5-A0-r1,113,22601,22600,22451,22451,22451,150,149,149,0.746142,4.049167
v5-A0-r1,114,22801,22801,22648,22648,22648,153,153,153,0.761236,4.067291
v5-A0-r1,115,23001,23001,22904,22842,22842,97,159,159,0.791104,4.094458
v5-A0-r1,116,23201,23201,23041,23041,23041,160,160,160,0.796193,4.164667
v5-A0-r1,117,23401,23400,23280,23236,23236,121,164,164,0.790689,4.146958
v5-A0-r1,118,23601,23601,23456,23467,23467,145,134,134,0.781218,4.164667
v5-A0-r1,119,23801,23801,23690,23688,23688,111,113,113,0.551256,4.146958
v5-A0-r1,120,24000,24000,23885,23863,23863,115,137,137,0.576065,4.125792
v5-A0-r1,121,24000,24000,24000,24000,24000,0,0,0,0,4.125792
v5-A0-r2,0,0,0,0,0,0,0,0,0,0,
v5-A0-r2,1,200,200,65,65,65,135,135,135,0.674954,4.189083
v5-A0-r2,2,400,400,258,258,258,142,142,142,0.709233,4.10025
v5-A0-r2,3,601,600,452,452,452,149,148,148,0.739309,3.936167
v5-A0-r2,4,801,800,646,646,646,155,154,154,0.775,4.189083
v5-A0-r2,5,1001,1000,843,843,843,158,157,157,0.78404,4.115792
v5-A0-r2,6,1201,1200,1102,1039,1039,99,161,161,0.489955,4.055875
v5-A0-r2,7,1401,1400,1296,1269,1269,105,131,131,0.519986,4.05775
v5-A0-r2,8,1601,1600,1469,1473,1473,132,127,127,0.65501,4.055875
v5-A0-r2,9,1800,1800,1685,1650,1650,115,150,150,0.57505,4.054083
v5-A0-r2,10,2000,2000,1873,1880,1880,127,120,120,0.929182,4.01275
v5-A0-r2,11,2200,2200,2074,2074,2074,126,126,126,0.630074,3.9855
v5-A0-r2,12,2401,2400,2270,2270,2270,131,130,130,0.650124,4.055875
v5-A0-r2,13,2601,2600,2464,2464,2464,137,136,136,0.680194,4.08475
v5-A0-r2,14,2801,2800,2656,2656,2656,145,144,144,0.720004,3.982416
v5-A0-r2,15,3001,3000,2854,2854,2854,147,146,146,0.734426,4.022083
v5-A0-r2,16,3201,3200,3090,3050,3050,111,150,150,0.670277,4.02925
v5-A0-r2,17,3401,3400,3242,3242,3242,159,158,158,0.794795,4.018334
v5-A0-r2,18,3600,3600,3438,3438,3438,162,162,162,0.810267,4.009542
v5-A0-r2,19,3801,3800,3700,3637,3637,101,163,163,0.500048,3.990833
v5-A0-r2,20,4001,4000,3834,3859,3859,167,141,141,0.830266,4.0255
v5-A0-r2,21,4201,4200,4076,4039,4039,125,161,161,0.839379,4.018334
v5-A0-r2,22,4401,4400,4292,4268,4268,109,132,132,0.540304,3.990833
v5-A0-r2,23,4601,4600,4487,4420,4420,114,180,180,0.564794,4.0255
v5-A0-r2,24,4801,4800,4679,4679,4679,122,121,121,0.605391,4.124792
v5-A0-r2,25,5001,5000,4870,4870,4870,131,130,130,0.650474,4.02325
v5-A0-r2,26,5201,5200,5063,5063,5063,138,137,137,0.685419,4.094708
v5-A0-r2,27,5401,5400,5256,5256,5256,145,144,144,0.729567,4.130625
v5-A0-r2,28,5601,5600,5451,5451,5451,150,149,149,0.745482,4.149958
v5-A0-r2,29,5801,5800,5709,5643,5643,92,157,157,0.455325,4.155
v5-A0-r2,30,6001,6000,5838,5875,5875,163,125,125,0.810524,4.155
v5-A0-r2,31,6201,6200,6099,6056,6056,102,144,144,0.825566,4.16825
v5-A0-r2,32,6401,6400,6291,6266,6266,110,134,134,0.544643,4.155
v5-A0-r2,33,6601,6600,6453,6441,6441,148,159,159,0.750576,4.094375
v5-A0-r2,34,6801,6800,6678,6678,6678,123,122,122,0.609883,4.127625
v5-A0-r2,35,7001,7000,6873,6873,6873,128,127,127,0.635648,4.127625
v5-A0-r2,36,7201,7200,7070,7070,7070,131,130,130,0.650459,4.062958
v5-A0-r2,37,7401,7400,7262,7262,7262,139,138,138,0.690624,4.094375
v5-A0-r2,38,7601,7600,7455,7455,7455,146,145,145,0.725627,4.107375
v5-A0-r2,39,7801,7800,7653,7653,7653,148,147,147,0.735608,4.171708
v5-A0-r2,40,8001,8000,7848,7848,7848,153,152,152,0.760116,4.127625
v5-A0-r2,41,8201,8200,8049,8049,8049,152,151,151,0.755719,4.143916
v5-A0-r2,42,8401,8400,8307,8245,8245,94,155,155,0.465602,4.111958
v5-A0-r2,43,8601,8600,8440,8483,8483,161,117,117,0.800639,4.1035
v5-A0-r2,44,8801,8800,8691,8659,8659,110,141,141,0.545779,4.128459
v5-A0-r2,45,9001,9000,8855,8888,8888,146,112,112,0.830722,4.143916
v5-A0-r2,46,9201,9200,9092,9074,9074,109,126,126,0.540423,4.14575
v5-A0-r2,47,9401,9400,9271,9247,9247,130,153,153,0.645827,4.112875
v5-A0-r2,48,9601,9600,9484,9442,9442,117,158,158,0.58061,4.098542
v5-A0-r2,49,9801,9800,9681,9681,9681,120,119,119,0.595653,4.04125
v5-A0-r2,50,10001,10000,9877,9877,9877,124,123,123,0.615721,4.07575
v5-A0-r2,51,10201,10200,10071,10071,10071,130,129,129,0.644948,4.053584
v5-A0-r2,52,10401,10400,10270,10270,10270,131,130,130,0.65088,4.07575
v5-A0-r2,53,10601,10600,10461,10461,10461,140,139,139,0.695,4.148875
v5-A0-r2,54,10801,10800,10658,10658,10658,143,142,142,0.710802,4.098542
v5-A0-r2,55,11001,11000,10855,10855,10855,146,145,145,0.725547,4.171208
v5-A0-r2,56,11201,11200,11048,11048,11048,153,152,152,0.760977,4.20275
v5-A0-r2,57,11401,11401,11304,11280,11280,97,121,121,0.481,4.268708
v5-A0-r2,58,11601,11601,11433,11458,11458,168,143,143,0.840911,4.271333
v5-A0-r2,59,11801,11801,11674,11651,11651,127,150,150,0.855029,4.286542
v5-A0-r2,60,12001,12000,11867,11895,11895,134,105,105,0.665883,4.271333
v5-A0-r2,61,12201,12200,12090,12051,12051,111,149,149,0.551095,4.276583
v5-A0-r2,62,12401,12401,12243,12283,12283,158,118,118,0.810084,4.282166
v5-A0-r2,63,12601,12600,12473,12473,12473,128,127,127,0.636085,4.247
v5-A0-r2,64,12801,12801,12673,12673,12673,128,128,128,0.635866,4.276583
v5-A0-r2,65,13001,13001,12870,12870,12870,131,131,131,0.650849,4.233291
v5-A0-r2,66,13201,13200,13065,13065,13065,136,135,135,0.676165,4.223125
v5-A0-r2,67,13401,13400,13259,13259,13259,142,141,141,0.70555,4.180792
v5-A0-r2,68,13601,13600,13456,13456,13456,145,144,144,0.720189,4.128625
v5-A0-r2,69,13801,13801,13651,13651,13651,150,150,150,0.746219,4.12025
v5-A0-r2,70,14001,14001,13845,13845,13845,156,156,156,0.780564,4.106125
v5-A0-r2,71,14201,14200,14039,14039,14039,162,161,161,0.811224,4.067791
v5-A0-r2,72,14401,14401,14237,14279,14279,164,122,122,0.820252,4.048042
v5-A0-r2,73,14601,14601,14494,14433,14433,107,168,168,0.531281,4.03925
v5-A0-r2,74,14801,14800,14629,14694,14694,172,106,106,0.856156,4.005667
v5-A0-r2,75,15001,15001,14882,14845,14845,119,156,156,0.590539,4.046625
v5-A0-r2,76,15201,15200,15088,15065,15065,113,135,135,0.56073,4.067791
v5-A0-r2,77,15401,15400,15281,15281,15281,120,119,119,0.596049,4.101875
v5-A0-r2,78,15601,15601,15475,15475,15475,126,126,126,0.630392,4.1215
v5-A0-r2,79,15801,15800,15668,15668,15668,133,132,132,0.660455,4.1215
v5-A0-r2,80,16001,16000,15867,15867,15867,134,133,133,0.665401,4.086625
v5-A0-r2,81,16201,16200,16063,16063,16063,138,137,137,0.691382,4.09175
v5-A0-r2,82,16401,16401,16255,16255,16255,146,146,146,0.730503,4.084583
v5-A0-r2,83,16601,16601,16448,16448,16448,153,153,153,0.761396,4.084583
v5-A0-r2,84,16801,16801,16642,16642,16642,159,159,159,0.796399,4.09175
v5-A0-r2,85,17001,17001,16839,16839,16839,162,162,162,0.805673,4.143375
v5-A0-r2,86,17201,17201,17100,17080,17080,101,121,121,0.820536,4.150667
v5-A0-r2,87,17401,17401,17272,17250,17250,129,151,151,0.641364,4.11775
v5-A0-r2,88,17601,17601,17434,17434,17434,167,167,167,0.831333,4.09175
v5-A0-r2,89,17801,17801,17695,17635,17635,106,166,166,0.526146,4.160583
v5-A0-r2,90,18001,18001,17863,17857,17857,138,144,144,0.736375,4.218667
v5-A0-r2,91,18201,18201,18089,18073,18073,112,128,128,0.855602,4.26725
v5-A0-r2,92,18401,18401,18276,18254,18254,125,147,147,0.891562,4.32825
v5-A0-r2,93,18601,18601,18481,18460,18460,120,141,141,0.595658,4.32825
v5-A0-r2,94,18801,18801,18652,18675,18675,149,126,126,0.74093,4.26725
v5-A0-r2,95,19001,19001,18873,18873,18873,128,128,128,0.636638,4.252
v5-A0-r2,96,19201,19201,19075,19075,19075,126,126,126,0.626256,4.224417
v5-A0-r2,97,19401,19400,19268,19268,19268,133,132,132,0.660667,4.255625
v5-A0-r2,98,19601,19600,19461,19461,19461,140,139,139,0.695684,4.173291
v5-A0-r2,99,19801,19800,19656,19656,19656,145,144,144,0.720707,4.134625
v5-A0-r2,100,20001,20000,19852,19852,19852,149,148,148,0.746734,4.112417
v5-A0-r2,101,20201,20200,20053,20053,20053,148,147,147,0.736615,4.055292
v5-A0-r2,102,20401,20401,20247,20247,20247,154,154,154,0.766755,4.112417
v5-A0-r2,103,20601,20601,20446,20446,20446,155,155,155,0.776684,4.072833
v5-A0-r2,104,20801,20801,20647,20647,20647,154,154,154,0.766761,4.072833
v5-A0-r2,105,21001,21001,20843,20843,20843,158,158,158,0.78682,4.096959
v5-A0-r2,106,21201,21201,21106,21038,21038,95,163,163,0.471819,4.101333
v5-A0-r2,107,21401,21401,21280,21255,21255,121,146,146,0.826836,4.012875
v5-A0-r2,108,21601,21601,21474,21434,21434,127,167,167,0.891483,4.096959
v5-A0-r2,109,21801,21801,21684,21684,21684,117,117,117,0.581785,4.152458
v5-A0-r2,110,22001,22001,21879,21879,21879,122,122,122,0.6059,4.152458
v5-A0-r2,111,22201,22201,22076,22076,22076,125,125,125,0.621917,4.178792
v5-A0-r2,112,22401,22401,22271,22271,22271,130,130,130,0.646793,4.022917
v5-A0-r2,113,22601,22600,22466,22466,22466,135,134,134,0.671023,4.101333
v5-A0-r2,114,22801,22800,22660,22660,22660,141,140,140,0.701661,4.202875
v5-A0-r2,115,23001,22999,22859,22859,22859,142,140,140,0.706932,4.241292
v5-A0-r2,116,23201,23200,23055,23055,23055,146,145,145,0.726755,4.249208
v5-A0-r2,117,23401,23400,23250,23250,23250,151,150,150,0.751734,4.33325
v5-A0-r2,118,23601,23601,23447,23447,23447,154,154,154,0.766939,4.369209
v5-A0-r2,119,23801,23801,23705,23641,23641,96,160,160,0.476929,4.293125
v5-A0-r2,120,24000,24000,23886,23846,23846,114,154,154,0.827016,4.257458
v5-A0-r2,121,24000,24000,24000,24000,24000,0,0,0,0,4.257917
v5-A0-r3,0,0,0,0,0,0,0,0,0,0,
v5-A0-r3,1,200,200,66,66,66,134,134,134,0.669804,4.775958
v5-A0-r3,2,401,400,261,261,261,140,139,139,0.694829,4.392875
v5-A0-r3,3,600,600,454,454,454,146,146,146,0.729636,4.392875
v5-A0-r3,4,801,800,650,650,650,151,150,150,0.754961,4.308
v5-A0-r3,5,1000,1000,849,849,849,151,151,151,0.754046,4.284625
v5-A0-r3,6,1200,1200,1046,1046,1046,154,154,154,0.769037,4.284625
v5-A0-r3,7,1401,1400,1246,1246,1246,155,154,154,0.769707,4.179084
v5-A0-r3,8,1601,1600,1442,1442,1442,159,158,158,0.789631,4.165667
v5-A0-r3,9,1800,1800,1703,1667,1667,97,133,133,0.489949,4.235458
v5-A0-r3,10,2000,2000,1836,1836,1836,164,164,164,0.825067,4.165667
v5-A0-r3,11,2201,2200,2099,2097,2097,102,103,103,0.504205,4.130625
v5-A0-r3,12,2401,2400,2293,2256,2256,108,144,144,0.534783,4.063209
v5-A0-r3,13,2600,2600,2470,2486,2486,130,114,114,0.650079,4.130625
v5-A0-r3,14,2801,2800,2640,2682,2682,161,118,118,0.88007,4.158167
v5-A0-r3,15,3001,3000,2880,2880,2880,121,120,120,0.605002,4.128417
v5-A0-r3,16,3200,3200,3075,3075,3075,125,125,125,0.625231,4.092709
v5-A0-r3,17,3400,3400,3270,3270,3270,130,130,130,0.654227,4.157541
v5-A0-r3,18,3601,3600,3468,3468,3468,133,132,132,0.665164,4.128417
v5-A0-r3,19,3800,3800,3669,3669,3669,131,131,131,0.654906,4.087458
v5-A0-r3,20,4001,4000,3863,3863,3863,138,137,137,0.68523,4.092709
v5-A0-r3,21,4201,4199,4059,4059,4059,142,140,140,0.705245,4.042084
v5-A0-r3,22,4401,4400,4257,4257,4257,144,143,143,0.719458,4.123166
v5-A0-r3,23,4601,4600,4451,4451,4451,150,149,149,0.745069,4.079125
v5-A0-r3,24,4801,4800,4648,4648,4648,153,152,152,0.76029,4.092709
v5-A0-r3,25,5001,5000,4895,4843,4843,106,157,157,0.525374,4.10175
v5-A0-r3,26,5201,5200,5039,5039,5039,162,161,161,0.805229,4.062166
v5-A0-r3,27,5401,5400,5238,5288,5288,163,112,112,0.810261,4.061125
v5-A0-r3,28,5601,5600,5501,5434,5434,100,166,166,0.494429,4.040875
v5-A0-r3,29,5801,5800,5697,5681,5681,104,119,119,0.514986,4.026667
v5-A0-r3,30,6001,6000,5877,5839,5839,124,161,161,0.615401,4.062166
v5-A0-r3,31,6201,6200,6044,6077,6077,157,123,123,0.905052,4.070625
v5-A0-r3,32,6401,6400,6280,6280,6280,121,120,120,0.600235,4.031625
v5-A0-r3,33,6601,6600,6473,6458,6458,128,142,142,0.635412,4.031625
v5-A0-r3,34,6801,6800,6668,6668,6668,133,132,132,0.664486,3.934625
v5-A0-r3,35,7001,6999,6867,6867,6867,134,132,132,0.665459,4.03025
v5-A0-r3,36,7201,7200,7062,7062,7062,139,138,138,0.690486,4.093917
v5-A0-r3,37,7401,7400,7256,7256,7256,145,144,144,0.719717,4.09425
v5-A0-r3,38,7601,7600,7453,7453,7453,148,147,147,0.734589,4.16125
v5-A0-r3,39,7801,7800,7649,7649,7649,152,151,151,0.754651,4.244209
v5-A0-r3,40,8001,8000,7849,7849,7849,152,151,151,0.755567,4.146333
v5-A0-r3,41,8201,8200,8099,8044,8044,102,156,156,0.504978,4.146333
v5-A0-r3,42,8401,8400,8238,8254,8254,163,146,146,0.810586,4.146333
v5-A0-r3,43,8601,8600,8436,8453,8453,165,147,147,0.820701,4.180084
v5-A0-r3,44,8801,8800,8679,8646,8646,122,154,154,0.860635,4.2815
v5-A0-r3,45,9001,9000,8891,8841,8841,110,159,159,0.54565,4.36825
v5-A0-r3,46,9201,9200,9062,9044,9044,139,156,156,0.69066,4.244209
v5-A0-r3,47,9401,9400,9282,9282,9282,119,118,118,0.590644,4.225917
v5-A0-r3,48,9601,9600,9475,9475,9475,126,125,125,0.62569,4.1825
v5-A0-r3,49,9801,9800,9671,9671,9671,130,129,129,0.64498,4.161833
v5-A0-r3,50,10001,10000,9868,9868,9868,133,132,132,0.66076,4.168125
v5-A0-r3,51,10201,10200,10063,10063,10063,138,137,137,0.685625,4.180084
v5-A0-r3,52,10401,10400,10263,10263,10263,138,137,137,0.685159,4.180084
v5-A0-r3,53,10601,10600,10451,10451,10451,150,149,149,0.750435,4.146042
v5-A0-r3,54,10801,10800,10644,10644,10644,157,156,156,0.780224,4.107333
v5-A0-r3,55,11001,11000,10910,10843,10843,91,157,157,0.450624,4.099708
v5-A0-r3,56,11201,11200,11041,11041,11041,160,159,159,0.795876,4.108166
v5-A0-r3,57,11401,11400,11272,11246,11246,129,154,154,0.820916,4.168125
v5-A0-r3,58,11601,11600,11474,11494,11494,127,106,106,0.850571,4.1835
v5-A0-r3,59,11801,11800,11689,11652,11652,112,148,148,0.555887,4.213959
v5-A0-r3,60,12001,12000,11850,11842,11842,151,158,158,0.865561,4.184291
v5-A0-r3,61,12201,12200,12086,12086,12086,115,114,114,0.570629,4.147792
v5-A0-r3,62,12401,12400,12246,12235,12235,155,165,165,0.770101,4.107333
v5-A0-r3,63,12601,12600,12473,12473,12473,128,127,127,0.640021,4.113584
v5-A0-r3,64,12801,12800,12669,12669,12669,132,131,131,0.655873,4.147792
v5-A0-r3,65,13001,13000,12861,12861,12861,140,139,139,0.695949,4.113584
v5-A0-r3,66,13201,13200,13056,13056,13056,145,144,144,0.721007,4.063083
v5-A0-r3,67,13401,13401,13251,13251,13251,150,150,150,0.745098,4.023708
v5-A0-r3,68,13601,13600,13506,13443,13443,95,157,157,0.476039,3.979875
v5-A0-r3,69,13801,13800,13635,13635,13635,166,165,165,0.826044,3.979875
v5-A0-r3,70,14001,14000,13889,13832,13832,112,168,168,0.556073,3.979875
v5-A0-r3,71,14201,14200,14055,14059,14059,146,141,141,0.815646,4.022125
v5-A0-r3,72,14401,14400,14291,14265,14265,110,135,135,0.545139,3.979875
v5-A0-r3,73,14601,14601,14451,14453,14453,150,148,148,0.856101,4.073666
v5-A0-r3,74,14801,14800,14683,14673,14673,118,127,127,0.585502,3.958041
v5-A0-r3,75,15001,15001,14867,14843,14843,134,158,158,0.666144,3.890708
v5-A0-r3,76,15201,15201,15074,15074,15074,127,127,127,0.631175,3.894667
v5-A0-r3,77,15401,15401,15270,15270,15270,131,131,131,0.651089,3.927459
v5-A0-r3,78,15601,15600,15467,15467,15467,134,133,133,0.665474,3.935875
v5-A0-r3,79,15801,15800,15662,15662,15662,139,138,138,0.691229,3.927459
v5-A0-r3,80,16001,16000,15854,15854,15854,147,146,146,0.730298,3.943917
v5-A0-r3,81,16201,16201,16050,16050,16050,151,151,151,0.751317,3.958041
v5-A0-r3,82,16401,16400,16245,16245,16245,156,155,155,0.775885,4.008958
v5-A0-r3,83,16601,16600,16500,16435,16435,101,165,165,0.50096,3.943917
v5-A0-r3,84,16801,16801,16691,16638,16638,110,163,163,0.845389,3.976417
v5-A0-r3,85,17001,17001,16890,16836,16836,111,165,165,0.55139,4.02
v5-A0-r3,86,17201,17201,17047,17039,17039,154,162,162,0.766021,3.979917
v5-A0-r3,87,17401,17400,17285,17234,17234,116,166,166,0.575981,3.989042
v5-A0-r3,88,17601,17601,17450,17450,17450,151,151,151,0.751273,3.979917
v5-A0-r3,89,17801,17801,17681,17657,17657,120,144,144,0.59641,4.01375
v5-A0-r3,90,18001,18001,17881,17881,17881,120,120,120,0.596323,4.01375
v5-A0-r3,91,18201,18201,18078,18078,18078,123,123,123,0.611409,3.9695
v5-A0-r3,92,18401,18400,18271,18271,18271,130,129,129,0.651443,3.9555
v5-A0-r3,93,18601,18600,18462,18462,18462,139,138,138,0.691443,3.944625
v5-A0-r3,94,18801,18800,18657,18657,18657,144,143,143,0.716271,3.979167
v5-A0-r3,95,19001,19000,18852,18852,18852,149,148,148,0.741479,4.025666
v5-A0-r3,96,19201,19201,19049,19049,19049,152,152,152,0.756553,4.038708
v5-A0-r3,97,19401,19401,19281,19242,19242,120,159,159,0.746526,4.038708
v5-A0-r3,98,19601,19601,19437,19437,19437,164,164,164,0.815736,4.038708
v5-A0-r3,99,19801,19801,19697,19698,19698,104,103,103,0.516523,4.043125
v5-A0-r3,100,20001,20001,19851,19841,19841,150,160,160,0.841593,4.048875
v5-A0-r3,101,20201,20201,20093,20054,20054,108,147,147,0.536498,3.940958
v5-A0-r3,102,20401,20401,20263,20278,20278,138,123,123,0.686589,3.957792
v5-A0-r3,103,20601,20601,20484,20422,20422,117,179,179,0.586628,3.954375
v5-A0-r3,104,20801,20801,20681,20665,20665,120,136,136,0.596642,3.938667
v5-A0-r3,105,21001,21001,20876,20876,20876,125,125,125,0.62155,3.916084
v5-A0-r3,106,21201,21201,21069,21069,21069,132,132,132,0.66144,3.938667
v5-A0-r3,107,21401,21401,21265,21265,21265,136,136,136,0.676705,3.894041
v5-A0-r3,108,21601,21601,21461,21461,21461,140,140,140,0.69667,3.892708
v5-A0-r3,109,21801,21801,21653,21653,21653,148,148,148,0.736733,3.877875
v5-A0-r3,110,22001,22001,21844,21844,21844,157,157,157,0.780816,3.823125
v5-A0-r3,111,22201,22201,22039,22088,22088,162,113,113,0.806761,3.83325
v5-A0-r3,112,22401,22401,22300,22235,22235,101,166,166,0.501782,3.865917
v5-A0-r3,113,22601,22601,22480,22432,22432,121,169,169,0.601482,3.867917
v5-A0-r3,114,22801,22801,22696,22652,22652,105,149,149,0.521862,3.832541
v5-A0-r3,115,23001,23001,22878,22836,22836,123,165,165,0.611834,3.839708
v5-A0-r3,116,23201,23201,23086,23086,23086,115,115,115,0.571031,3.863791
v5-A0-r3,117,23401,23401,23270,23248,23248,131,153,153,0.911633,3.86925
v5-A0-r3,118,23601,23601,23480,23475,23475,121,126,126,0.601601,3.858209
v5-A0-r3,119,23801,23801,23675,23675,23675,126,126,126,0.626512,3.869208
v5-A0-r3,120,24000,24000,23870,23870,23870,130,130,130,0.65188,3.87
v5-A0-r3,121,24000,24000,24000,24000,24000,0,0,0,0,3.877083
v5-A1-r1,0,0,0,0,0,0,0,0,0,0,
v5-A1-r1,1,200,200,64,64,64,136,136,136,0.684947,4.1
v5-A1-r1,2,400,400,259,259,259,141,141,141,0.704472,4.095209
v5-A1-r1,3,600,600,455,455,455,145,145,145,0.724557,3.999334
v5-A1-r1,4,800,800,649,649,649,151,151,151,0.754983,4.01275
v5-A1-r1,5,1000,1000,848,911,911,152,89,89,0.764994,4.007792
v5-A1-r1,6,1201,1200,1106,1042,1042,95,158,158,0.470015,4.011
v5-A1-r1,7,1400,1400,1238,1238,1238,162,162,162,0.809734,4.051959
v5-A1-r1,8,1601,1600,1480,1442,1442,121,158,158,0.600051,4.085833
v5-A1-r1,9,1800,1800,1676,1633,1633,124,167,167,0.860044,4.051959
v5-A1-r1,10,2001,2000,1890,1867,1867,111,133,133,0.550068,4.032042
v5-A1-r1,11,2201,2200,2056,2067,2067,145,133,133,0.719974,4.060625
v5-A1-r1,12,2401,2400,2281,2281,2281,120,119,119,0.594465,4.060625
v5-A1-r1,13,2601,2600,2474,2474,2474,127,126,126,0.629594,4.098709
v5-A1-r1,14,2800,2800,2667,2667,2667,133,133,133,0.665015,4.085833
v5-A1-r1,15,3001,3000,2867,2867,2867,134,133,133,0.665119,4.107958
v5-A1-r1,16,3201,3200,3063,3063,3063,138,137,137,0.685019,4.120708
v5-A1-r1,17,3401,3400,3256,3256,3256,145,144,144,0.720133,4.184041
v5-A1-r1,18,3601,3600,3452,3452,3452,149,148,148,0.745147,4.169334
v5-A1-r1,19,3800,3800,3646,3646,3646,154,154,154,0.769259,4.207459
v5-A1-r1,20,4001,4000,3907,3841,3841,94,159,159,0.465059,4.279667
v5-A1-r1,21,4201,4200,4037,4037,4037,164,163,163,0.819988,4.287417
v5-A1-r1,22,4400,4400,4294,4284,4284,106,116,116,0.830203,4.291084
v5-A1-r1,23,4601,4600,4491,4466,4466,110,134,134,0.5452,4.279667
v5-A1-r1,24,4801,4800,4649,4628,4628,152,172,172,0.754688,4.241583
v5-A1-r1,25,5000,5000,4879,4873,4873,121,127,127,0.604304,4.279667
v5-A1-r1,26,5201,5200,5074,5074,5074,127,126,126,0.630149,4.243584
v5-A1-r1,27,5401,5400,5273,5273,5273,128,127,127,0.635275,4.207042
v5-A1-r1,28,5601,5600,5466,5466,5466,135,134,134,0.670171,4.215959
v5-A1-r1,29,5801,5800,5661,5661,5661,140,139,139,0.694259,4.211167
v5-A1-r1,30,6001,6000,5858,5858,5858,143,142,142,0.710257,4.142375
v5-A1-r1,31,6201,6200,6050,6050,6050,151,150,150,0.749881,4.121584
v5-A1-r1,32,6400,6400,6279,6241,6241,121,159,159,0.764777,4.111708
v5-A1-r1,33,6601,6600,6434,6434,6434,167,166,166,0.830305,4.237375
v5-A1-r1,34,6801,6800,6695,6658,6658,106,142,142,0.525352,4.237375
v5-A1-r1,35,7001,7000,6886,6853,6853,115,147,147,0.570136,4.266375
v5-A1-r1,36,7201,7200,7081,7081,7081,120,119,119,0.595348,4.370167
v5-A1-r1,37,7401,7400,7277,7237,7237,124,163,163,0.615359,4.36675
v5-A1-r1,38,7601,7600,7474,7474,7474,127,126,126,0.63027,4.40325
v5-A1-r1,39,7801,7800,7670,7670,7670,131,130,130,0.650007,4.469458
v5-A1-r1,40,8001,8000,7864,7864,7864,137,136,136,0.679967,4.474459
v5-A1-r1,41,8201,8200,8061,8061,8061,140,139,139,0.695406,4.499291
v5-A1-r1,42,8401,8400,8254,8254,8254,147,146,146,0.729519,4.536333
v5-A1-r1,43,8601,8600,8446,8446,8446,155,154,154,0.770237,4.474459
v5-A1-r1,44,8801,8800,8699,8668,8668,102,132,132,0.505355,4.510541
v5-A1-r1,45,9001,9000,8889,8832,8832,112,168,168,0.554535,4.455084
v5-A1-r1,46,9201,9200,9066,9084,9084,135,116,116,0.669448,4.469458
v5-A1-r1,47,9401,9400,9282,9245,9245,119,155,155,0.590367,4.513667
v5-A1-r1,48,9601,9600,9475,9475,9475,126,125,125,0.625502,4.480792
v5-A1-r1,49,9801,9800,9672,9672,9672,129,128,128,0.6401,4.516833
v5-A1-r1,50,10001,10000,9866,9866,9866,135,134,134,0.675519,4.521208
v5-A1-r1,51,10201,10200,10062,10062,10062,139,138,138,0.694508,4.545875
v5-A1-r1,52,10401,10400,10256,10256,10256,145,144,144,0.720086,4.512
v5-A1-r1,53,10601,10600,10450,10450,10450,151,150,150,0.750456,4.521208
v5-A1-r1,54,10801,10800,10644,10644,10644,157,156,156,0.780462,4.4815
v5-A1-r1,55,11001,11000,10889,10837,10837,112,163,163,0.555152,4.521208
v5-A1-r1,56,11201,11200,11034,11034,11034,167,166,166,0.830587,4.404375
v5-A1-r1,57,11401,11400,11296,11246,11246,105,154,154,0.519588,4.365458
v5-A1-r1,58,11601,11600,11471,11491,11491,130,109,109,0.645571,4.355333
v5-A1-r1,59,11801,11800,11667,11655,11655,134,145,145,0.909823,4.363541
v5-A1-r1,60,12001,12000,11882,11874,11874,119,126,126,0.589606,4.355333
v5-A1-r1,61,12201,12200,12075,12075,12075,126,125,125,0.625549,4.363541
v5-A1-r1,62,12401,12400,12270,12270,12270,131,130,130,0.65024,4.363875
v5-A1-r1,63,12601,12600,12461,12461,12461,140,139,139,0.695667,4.347625
v5-A1-r1,64,12801,12800,12660,12660,12660,141,140,140,0.700596,4.347625
v5-A1-r1,65,13001,13000,12859,12859,12859,142,141,141,0.704665,4.32525
v5-A1-r1,66,13201,13200,13052,13052,13052,149,148,148,0.740302,4.363875
v5-A1-r1,67,13401,13400,13249,13249,13249,152,151,151,0.755511,4.344166
v5-A1-r1,68,13601,13600,13468,13442,13442,133,158,158,0.790716,4.372
v5-A1-r1,69,13801,13800,13642,13642,13642,159,158,158,0.790328,4.291459
v5-A1-r1,70,14001,14000,13893,13885,13885,108,115,115,0.825327,4.278625
v5-A1-r1,71,14201,14200,14092,14061,14061,109,139,139,0.540729,4.236667
v5-A1-r1,72,14401,14400,14275,14265,14265,126,135,135,0.625786,4.253292
v5-A1-r1,73,14601,14600,14444,14465,14465,157,135,135,0.885481,4.268333
v5-A1-r1,74,14801,14800,14682,14644,14644,119,156,156,0.590809,4.208667
v5-A1-r1,75,15001,15000,14880,14862,14862,121,138,138,0.600502,4.117209
v5-A1-r1,76,15201,15200,15074,15074,15074,127,126,126,0.630706,4.116042
v5-A1-r1,77,15401,15400,15271,15271,15271,130,129,129,0.645814,4.116042
v5-A1-r1,78,15601,15600,15465,15465,15465,136,135,135,0.675851,4.036416
v5-A1-r1,79,15801,15800,15660,15660,15660,141,140,140,0.70086,4.068833
v5-A1-r1,80,16001,16000,15863,15863,15863,138,137,137,0.684898,4.072667
v5-A1-r1,81,16201,16200,16060,16060,16060,141,140,140,0.700878,4.131834
v5-A1-r1,82,16401,16400,16254,16254,16254,147,146,146,0.730884,4.112625
v5-A1-r1,83,16601,16600,16448,16448,16448,153,152,152,0.760681,4.131834
v5-A1-r1,84,16801,16800,16680,16642,16642,121,158,158,0.600828,4.24925
v5-A1-r1,85,17001,17000,16835,16879,16879,166,121,121,0.825521,4.25275
v5-A1-r1,86,17201,17200,17091,17049,17049,110,151,151,0.54593,4.24225
v5-A1-r1,87,17401,17400,17264,17250,17250,137,150,150,0.680934,4.249042
v5-A1-r1,88,17601,17600,17480,17480,17480,121,120,120,0.600963,4.249042
v5-A1-r1,89,17801,17800,17673,17673,17673,128,127,127,0.63595,4.152417
v5-A1-r1,90,18001,18000,17868,17868,17868,133,132,132,0.660571,4.223375
v5-A1-r1,91,18201,18200,18062,18062,18062,139,138,138,0.690977,4.106042
v5-A1-r1,92,18401,18400,18256,18256,18256,145,144,144,0.725904,4.13675
v5-A1-r1,93,18601,18600,18450,18450,18450,151,150,150,0.750988,4.09225
v5-A1-r1,94,18801,18800,18645,18645,18645,156,155,155,0.776026,4.106042
v5-A1-r1,95,19001,19000,18842,18850,18850,159,150,150,0.790271,4.170625
v5-A1-r1,96,19201,19200,19039,19039,19039,162,161,161,0.80574,4.167875
v5-A1-r1,97,19401,19400,19285,19233,19233,116,167,167,0.576024,4.149375
v5-A1-r1,98,19601,19600,19489,19461,19461,112,139,139,0.556061,4.13675
v5-A1-r1,99,19801,19800,19688,19627,19627,113,173,173,0.561071,4.167875
v5-A1-r1,100,20001,20001,19861,19887,19887,140,114,114,0.69605,4.13675
v5-A1-r1,101,20201,20201,20080,20080,20080,121,121,121,0.601106,4.143791
v5-A1-r1,102,20401,20401,20271,20259,20259,130,142,142,0.64602,4.110667
v5-A1-r1,103,20601,20600,20471,20471,20471,130,129,129,0.646012,4.128125
v5-A1-r1,104,20801,20801,20666,20666,20666,135,135,135,0.670925,4.110667
v5-A1-r1,105,21001,21001,20863,20863,20863,138,138,138,0.68613,4.056958
v5-A1-r1,106,21201,21200,21062,21062,21062,139,138,138,0.691062,4.064459
v5-A1-r1,107,21401,21401,21257,21257,21257,144,144,144,0.720766,4.095291
v5-A1-r1,108,21601,21600,21456,21456,21456,145,144,144,0.720168,4.128125
v5-A1-r1,109,21801,21801,21649,21649,21649,152,152,152,0.756059,4.13025
v5-A1-r1,110,22001,22001,21894,21883,21883,107,118,118,0.806116,4.197833
v5-A1-r1,111,22201,22201,22090,22059,22059,111,142,142,0.551218,4.197833
v5-A1-r1,112,22401,22401,22271,22267,22267,130,134,134,0.646145,4.199791
v5-A1-r1,113,22601,22601,22465,22442,22442,136,159,159,0.675808,4.184875
v5-A1-r1,114,22801,22801,22686,22647,22647,115,154,154,0.571245,4.1655
v5-A1-r1,115,23001,23001,22864,22879,22879,137,122,122,0.681242,4.185875
v5-A1-r1,116,23201,23200,23077,23077,23077,124,123,123,0.616259,4.229
v5-A1-r1,117,23401,23401,23275,23275,23275,126,126,126,0.626284,4.214583
v5-A1-r1,118,23601,23600,23470,23470,23470,131,130,130,0.650873,4.214583
v5-A1-r1,119,23801,23800,23667,23667,23667,134,133,133,0.666006,4.211875
v5-A1-r1,120,24000,24000,23860,23860,23860,140,140,140,0.701329,4.195083
v5-A1-r1,121,24000,24000,24000,24000,24000,0,0,0,0,4.196375
v5-A1-r2,0,0,0,0,0,0,0,0,0,0,
v5-A1-r2,1,200,200,65,65,65,135,135,135,0.674921,4.092
v5-A1-r2,2,400,400,264,264,264,136,136,136,0.679509,4.092
v5-A1-r2,3,600,600,458,458,458,142,142,142,0.709619,4.19975
v5-A1-r2,4,800,800,652,652,652,148,148,148,0.739687,4.126958
v5-A1-r2,5,1000,1000,841,841,841,159,159,159,0.794503,4.126958
v5-A1-r2,6,1201,1200,1109,1041,1041,92,159,159,0.454833,4.175334
v5-A1-r2,7,1400,1400,1233,1271,1271,167,129,129,0.835044,4.144583
v5-A1-r2,8,1601,1600,1472,1474,1474,129,126,126,0.850022,4.184166
v5-A1-r2,9,1801,1800,1689,1689,1689,112,111,111,0.554964,4.175334
v5-A1-r2,10,2000,2000,1880,1857,1857,120,143,143,0.599719,4.144583
v5-A1-r2,11,2200,2200,2074,2074,2074,126,126,126,0.629691,4.136167
v5-A1-r2,12,2401,2400,2270,2270,2270,131,130,130,0.654459,4.144583
v5-A1-r2,13,2600,2600,2466,2466,2466,134,134,134,0.670084,4.110417
v5-A1-r2,14,2801,2800,2661,2661,2661,140,139,139,0.695112,4.042417
v5-A1-r2,15,3000,3000,2858,2858,2858,142,142,142,0.710103,4.020792
v5-A1-r2,16,3201,3200,3053,3053,3053,148,147,147,0.734117,4.020792
v5-A1-r2,17,3401,3400,3247,3247,3247,154,153,153,0.765051,4.036791
v5-A1-r2,18,3601,3600,3505,3457,3457,96,143,143,0.474988,3.936958
v5-A1-r2,19,3801,3800,3671,3636,3636,130,164,164,0.700135,3.913209
v5-A1-r2,20,4001,4000,3873,3833,3833,128,167,167,0.755133,3.924083
v5-A1-r2,21,4200,4200,4055,4045,4045,145,155,155,0.790173,3.936958
v5-A1-r2,22,4400,4400,4286,4266,4266,114,134,134,0.575191,3.895917
v5-A1-r2,23,4601,4600,4474,4478,4478,127,122,122,0.919681,3.981708
v5-A1-r2,24,4801,4800,4677,4677,4677,124,123,123,0.620216,4.021917
v5-A1-r2,25,5001,5000,4871,4871,4871,130,129,129,0.645142,4.111584
v5-A1-r2,26,5201,5200,5069,5069,5069,132,131,131,0.655228,4.169875
v5-A1-r2,27,5400,5400,5262,5262,5262,138,138,138,0.69022,4.220583
v5-A1-r2,28,5601,5600,5458,5458,5458,143,142,142,0.710062,4.349875
v5-A1-r2,29,5801,5800,5656,5656,5656,145,144,144,0.72011,4.298167
v5-A1-r2,30,6001,6000,5855,5855,5855,146,145,145,0.724945,4.208
v5-A1-r2,31,6201,6200,6050,6050,6050,151,150,150,0.750305,4.298167
v5-A1-r2,32,6401,6400,6287,6245,6245,114,155,155,0.579298,4.321167
v5-A1-r2,33,6600,6600,6441,6502,6502,159,98,98,0.795311,4.321167
v5-A1-r2,34,6801,6800,6675,6654,6654,126,146,146,0.625366,4.321167
v5-A1-r2,35,7001,7000,6852,6858,6858,149,142,142,0.785263,4.254417
v5-A1-r2,36,7201,7200,7084,7069,7069,117,131,131,0.580053,4.254417
v5-A1-r2,37,7401,7400,7281,7281,7281,120,119,119,0.595179,4.235125
v5-A1-r2,38,7601,7600,7473,7473,7473,128,127,127,0.635198,4.208
v5-A1-r2,39,7801,7800,7674,7674,7674,127,126,126,0.629624,4.235125
v5-A1-r2,40,8001,8000,7872,7872,7872,129,128,128,0.640271,4.379375
v5-A1-r2,41,8201,8200,8067,8067,8067,134,133,133,0.665292,4.482
v5-A1-r2,42,8401,8400,8265,8265,8265,136,135,135,0.680338,4.502208
v5-A1-r2,43,8601,8600,8458,8458,8458,143,142,142,0.71033,4.555583
v5-A1-r2,44,8801,8800,8653,8653,8653,148,147,147,0.734415,4.566417
v5-A1-r2,45,9001,9000,8843,8843,8843,158,157,157,0.785456,4.566417
v5-A1-r2,46,9201,9200,9044,9044,9044,157,156,156,0.780383,4.556792
v5-A1-r2,47,9401,9400,9283,9241,9241,118,159,159,0.739861,4.555583
v5-A1-r2,48,9601,9600,9462,9473,9473,139,127,127,0.719484,4.555583
v5-A1-r2,49,9801,9800,9692,9636,9636,109,164,164,0.539966,4.579375
v5-A1-r2,50,10001,10000,9885,9845,9845,116,155,155,0.575515,4.586417
v5-A1-r2,51,10201,10200,10083,10042,10042,118,158,158,0.585455,4.537125
v5-A1-r2,52,10401,10400,10244,10282,10282,157,118,118,0.86043,4.556792
v5-A1-r2,53,10601,10600,10477,10477,10477,124,123,123,0.615332,4.54425
v5-A1-r2,54,10801,10800,10671,10671,10671,130,129,129,0.645388,4.566875
v5-A1-r2,55,11001,11000,10869,10869,10869,132,131,131,0.654959,4.566875
v5-A1-r2,56,11201,11200,11068,11068,11068,133,132,132,0.659625,4.566583
v5-A1-r2,57,11401,11400,11263,11263,11263,138,137,137,0.690579,4.5505
v5-A1-r2,58,11601,11600,11458,11458,11458,143,142,142,0.715594,4.571333
v5-A1-r2,59,11801,11800,11653,11653,11653,148,147,147,0.734617,4.618583
v5-A1-r2,60,12001,12000,11846,11846,11846,155,154,154,0.770578,4.668125
v5-A1-r2,61,12201,12200,12103,12042,12042,98,158,158,0.789662,4.630125
v5-A1-r2,62,12401,12400,12302,12246,12246,99,154,154,0.490565,4.5505
v5-A1-r2,63,12601,12600,12483,12438,12438,118,162,162,0.584684,4.47525
v5-A1-r2,64,12801,12800,12656,12660,12660,145,140,140,0.720247,4.33925
v5-A1-r2,65,13001,13000,12855,12839,12839,146,161,161,0.905587,4.335666
v5-A1-r2,66,13201,13200,13078,13060,13060,123,140,140,0.610597,4.337458
v5-A1-r2,67,13401,13400,13275,13275,13275,126,125,125,0.625626,4.253541
v5-A1-r2,68,13601,13600,13468,13468,13468,133,132,132,0.66071,4.168916
v5-A1-r2,69,13801,13799,13661,13661,13661,140,138,138,0.69571,4.124375
v5-A1-r2,70,14001,14000,13851,13851,13851,150,149,149,0.744733,4.100209
v5-A1-r2,71,14201,14200,14050,14050,14050,151,150,150,0.750703,4.124375
v5-A1-r2,72,14401,14400,14250,14250,14250,151,150,150,0.750549,4.124375
v5-A1-r2,73,14601,14600,14445,14445,14445,156,155,155,0.775668,4.168916
v5-A1-r2,74,14801,14800,14680,14640,14640,121,160,160,0.600792,4.166708
v5-A1-r2,75,15001,15000,14878,14870,14870,123,130,130,0.720651,4.213042
v5-A1-r2,76,15201,15200,15062,15061,15061,139,139,139,0.705797,4.213042
v5-A1-r2,77,15401,15400,15270,15241,15241,131,159,159,0.88583,4.264375
v5-A1-r2,78,15601,15600,15484,15443,15443,117,157,157,0.580593,4.254875
v5-A1-r2,79,15801,15800,15684,15622,15622,117,178,178,0.579848,4.30075
v5-A1-r2,80,16001,16000,15888,15850,15850,113,150,150,0.560585,4.305834
v5-A1-r2,81,16201,16200,16081,16060,16060,120,140,140,0.595845,4.292375
v5-A1-r2,82,16401,16400,16279,16279,16279,122,121,121,0.609875,4.33
v5-A1-r2,83,16601,16600,16473,16473,16473,128,127,127,0.635185,4.332333
v5-A1-r2,84,16801,16800,16666,16666,16666,135,134,134,0.670901,4.442458
v5-A1-r2,85,17001,17000,16863,16863,16863,138,137,137,0.685034,4.563458
v5-A1-r2,86,17201,17200,17062,17062,17062,139,138,138,0.690922,4.547875
v5-A1-r2,87,17401,17400,17257,17257,17257,144,143,143,0.71575,4.550666
v5-A1-r2,88,17601,17600,17457,17457,17457,144,143,143,0.720824,4.536583
v5-A1-r2,89,17801,17800,17649,17649,17649,152,151,151,0.754977,4.488625
v5-A1-r2,90,18001,18000,17849,17849,17849,152,151,151,0.754946,4.476333
v5-A1-r2,91,18201,18201,18046,18046,18046,155,155,155,0.770011,4.485709
v5-A1-r2,92,18401,18400,18241,18241,18241,160,159,159,0.80058,4.443375
v5-A1-r2,93,18601,18600,18486,18498,18498,115,102,102,0.570934,4.429166
v5-A1-r2,94,18801,18800,18665,18674,18674,136,126,126,0.676017,4.331375
v5-A1-r2,95,19001,19000,18880,18818,18818,121,182,182,0.910914,4.1855
v5-A1-r2,96,19201,19201,19084,19067,19067,117,134,134,0.580827,4.210375
v5-A1-r2,97,19401,19400,19244,19282,19282,157,118,118,0.86603,4.136417
v5-A1-r2,98,19601,19600,19473,19473,19473,128,127,127,0.636,4.195208
v5-A1-r2,99,19801,19800,19663,19663,19663,138,137,137,0.685967,4.207542
v5-A1-r2,100,20001,20000,19857,19857,19857,144,143,143,0.715903,4.207542
v5-A1-r2,101,20201,20200,20051,20051,20051,150,149,149,0.745326,4.279334
v5-A1-r2,102,20401,20401,20241,20241,20241,160,160,160,0.795387,4.312959
v5-A1-r2,103,20601,20600,20441,20441,20441,160,159,159,0.796013,4.279334
v5-A1-r2,104,20801,20800,20637,20637,20637,164,163,163,0.816044,4.253208
v5-A1-r2,105,21001,21000,20897,20860,20860,104,140,140,0.520148,4.207542
v5-A1-r2,106,21201,21200,21092,21066,21066,109,134,134,0.541151,4.163625
v5-A1-r2,107,21401,21400,21271,21231,21231,130,169,169,0.645961,4.142416
v5-A1-r2,108,21601,21601,21466,21461,21461,135,140,140,0.90617,4.163625
v5-A1-r2,109,21801,21801,21678,21675,21675,123,126,126,0.611208,4.131958
v5-A1-r2,110,22001,22001,21831,21877,21877,170,124,124,0.946192,4.300833
v5-A1-r2,111,22201,22200,22072,22072,22072,129,128,128,0.641204,4.273416
v5-A1-r2,112,22401,22401,22269,22269,22269,132,132,132,0.655204,4.232542
v5-A1-r2,113,22601,22600,22469,22469,22469,132,131,131,0.65524,4.293125
v5-A1-r2,114,22801,22800,22661,22661,22661,140,139,139,0.696204,4.294083
v5-A1-r2,115,23001,23000,22855,22855,22855,146,145,145,0.726235,4.293125
v5-A1-r2,116,23201,23200,23049,23049,23049,152,151,151,0.756279,4.293125
v5-A1-r2,117,23401,23401,23249,23249,23249,152,152,152,0.75592,4.329375
v5-A1-r2,118,23601,23601,23445,23445,23445,156,156,156,0.776067,4.295041
v5-A1-r2,119,23801,23801,23697,23640,23640,104,161,161,0.515591,4.289042
v5-A1-r2,120,24000,24000,23835,23835,23835,165,165,165,0.826303,4.186125
v5-A1-r2,121,24000,24000,24000,24000,24000,0,0,0,0,4.177417
v5-A1-r3,0,0,0,0,0,0,0,0,0,0,
v5-A1-r3,1,200,200,70,70,70,130,130,130,0.649845,4.127667
v5-A1-r3,2,400,400,262,262,262,138,138,138,0.688948,3.762583
v5-A1-r3,3,600,600,454,454,454,146,146,146,0.729959,3.964917
v5-A1-r3,4,800,800,647,647,647,153,153,153,0.764785,3.848292
v5-A1-r3,5,1001,1000,840,892,892,161,108,108,0.799961,3.812375
v5-A1-r3,6,1200,1200,1089,1035,1035,111,165,165,0.554591,3.762583
v5-A1-r3,7,1400,1400,1290,1287,1287,110,113,113,0.550015,3.786041
v5-A1-r3,8,1601,1600,1451,1422,1422,150,178,178,0.744021,3.850167
v5-A1-r3,9,1801,1800,1679,1679,1679,122,121,121,0.604544,3.95225
v5-A1-r3,10,2001,2000,1871,1871,1871,130,129,129,0.644876,3.964917
v5-A1-r3,11,2201,2200,2063,2063,2063,138,137,137,0.684362,3.934875
v5-A1-r3,12,2400,2400,2262,2262,2262,138,138,138,0.690112,3.956792
v5-A1-r3,13,2601,2600,2456,2456,2456,145,144,144,0.725126,3.917459
v5-A1-r3,14,2801,2800,2648,2648,2648,153,152,152,0.760141,3.956792
v5-A1-r3,15,3001,3000,2841,2841,2841,160,159,159,0.794179,3.9685
v5-A1-r3,16,3201,3200,3098,3039,3039,103,161,161,0.805179,4.010167
v5-A1-r3,17,3401,3400,3295,3269,3269,106,131,131,0.525038,3.986208
v5-A1-r3,18,3601,3600,3474,3427,3427,127,173,173,0.630223,3.980542
v5-A1-r3,19,3801,3800,3681,3681,3681,120,119,119,0.595222,3.903875
v5-A1-r3,20,4001,4000,3875,3875,3875,126,125,125,0.624929,3.82625
v5-A1-r3,21,4201,4200,4068,4068,4068,133,132,132,0.659741,3.842375
v5-A1-r3,22,4400,4400,4264,4264,4264,136,136,136,0.680291,3.86025
v5-A1-r3,23,4600,4600,4456,4456,4456,144,144,144,0.719309,3.842375
v5-A1-r3,24,4801,4800,4654,4654,4654,147,146,146,0.730193,3.862625
v5-A1-r3,25,5001,5000,4849,4849,4849,152,151,151,0.755326,3.862625
v5-A1-r3,26,5201,5200,5044,5044,5044,157,156,156,0.779396,3.876541
v5-A1-r3,27,5401,5400,5275,5241,5241,126,159,159,0.630377,3.880334
v5-A1-r3,28,5601,5600,5436,5474,5474,165,126,126,0.820366,3.875125
v5-A1-r3,29,5801,5800,5695,5657,5657,106,143,143,0.525412,3.868584
v5-A1-r3,30,6001,6000,5858,5859,5859,143,141,141,0.815425,3.928542
v5-A1-r3,31,6201,6200,6091,6026,6026,110,174,174,0.545469,3.933291
v5-A1-r3,32,6401,6400,6260,6274,6274,141,126,126,0.765514,4.02575
v5-A1-r3,33,6601,6600,6485,6485,6485,116,115,115,0.575307,4.098709
v5-A1-r3,34,6801,6800,6638,6678,6678,163,122,122,0.860492,4.157375
v5-A1-r3,35,7001,7000,6869,6869,6869,132,131,131,0.655526,4.201708
v5-A1-r3,36,7201,7200,7063,7063,7063,138,137,137,0.685443,4.192375
v5-A1-r3,37,7401,7400,7264,7264,7264,137,136,136,0.68044,4.249792
v5-A1-r3,38,7601,7600,7460,7460,7460,141,140,140,0.700552,4.421042
v5-A1-r3,39,7801,7799,7658,7658,7658,143,141,141,0.709622,4.507958
v5-A1-r3,40,8001,8000,7853,7853,7853,148,147,147,0.735472,4.50325
v5-A1-r3,41,8201,8200,8046,8046,8046,155,154,154,0.769619,4.507958
v5-A1-r3,42,8401,8400,8287,8240,8240,114,160,160,0.564865,4.500959
v5-A1-r3,43,8601,8600,8492,8454,8454,109,146,146,0.810619,4.50325
v5-A1-r3,44,8801,8800,8695,8659,8659,106,141,141,0.525545,4.519084
v5-A1-r3,45,9001,9000,8887,8853,8853,114,147,147,0.564933,4.513417
v5-A1-r3,46,9201,9200,9084,9016,9016,117,184,184,0.57976,4.519084
v5-A1-r3,47,9401,9400,9270,9284,9284,131,116,116,0.92049,4.567
v5-A1-r3,48,9601,9600,9478,9478,9478,123,122,122,0.610712,4.523125
v5-A1-r3,49,9801,9800,9673,9673,9673,128,127,127,0.635699,4.513417
v5-A1-r3,50,10001,10000,9862,9862,9862,139,138,138,0.690744,4.535958
v5-A1-r3,51,10201,10200,10057,10057,10057,144,143,143,0.715378,4.58275
v5-A1-r3,52,10401,10400,10258,10258,10258,143,142,142,0.71487,4.5775
v5-A1-r3,53,10601,10599,10455,10455,10455,146,144,144,0.725814,4.675208
v5-A1-r3,54,10801,10800,10653,10653,10653,148,147,147,0.735516,4.667542
v5-A1-r3,55,11001,11000,10851,10851,10851,150,149,149,0.745842,4.68225
v5-A1-r3,56,11201,11200,11048,11048,11048,153,152,152,0.765737,4.64775
v5-A1-r3,57,11401,11400,11244,11244,11244,157,156,156,0.780347,4.636416
v5-A1-r3,58,11601,11600,11473,11445,11445,128,155,155,0.635385,4.636416
v5-A1-r3,59,11801,11800,11687,11630,11630,114,170,170,0.85091,4.571667
v5-A1-r3,60,12001,12000,11897,11864,11864,104,136,136,0.515617,4.573
v5-A1-r3,61,12201,12200,12052,12034,12034,149,166,166,0.830662,4.501625
v5-A1-r3,62,12401,12400,12284,12245,12245,117,155,155,0.580926,4.443125
v5-A1-r3,63,12601,12600,12479,12479,12479,122,121,121,0.605865,4.336333
v5-A1-r3,64,12801,12801,12671,12671,12671,130,130,130,0.645004,4.192917
v5-A1-r3,65,13001,13000,12867,12867,12867,134,133,133,0.665815,4.14975
v5-A1-r3,66,13201,13200,13067,13067,13067,134,133,133,0.666047,4.120667
v5-A1-r3,67,13401,13400,13261,13261,13261,140,139,139,0.696028,4.10075
v5-A1-r3,68,13601,13599,13456,13456,13456,145,143,143,0.72103,4.101125
v5-A1-r3,69,13801,13801,13652,13652,13652,149,149,149,0.740228,4.02375
v5-A1-r3,70,14001,14000,13849,13849,13849,152,151,151,0.756093,3.981125
v5-A1-r3,71,14201,14200,14090,14044,14044,111,156,156,0.655295,3.981125
v5-A1-r3,72,14401,14400,14270,14238,14238,131,162,162,0.655796,4.018792
v5-A1-r3,73,14601,14601,14478,14456,14456,123,145,145,0.746063,4.018792
v5-A1-r3,74,14801,14800,14659,14653,14653,142,147,147,0.750834,4.092542
v5-A1-r3,75,15001,15000,14892,14882,14882,109,118,118,0.54115,4.043125
v5-A1-r3,76,15201,15200,15079,15043,15043,122,157,157,0.605979,4.021833
v5-A1-r3,77,15401,15400,15285,15262,15262,116,138,138,0.576164,4.018792
v5-A1-r3,78,15601,15601,15479,15479,15479,122,122,122,0.606155,4.042709
v5-A1-r3,79,15801,15801,15634,15626,15626,167,175,175,0.946003,4.142625
v5-A1-r3,80,16001,16001,15834,15823,15823,167,178,178,0.830307,4.092542
v5-A1-r3,81,16201,16200,16071,16071,16071,130,129,129,0.645363,4.021167
v5-A1-r3,82,16401,16400,16268,16268,16268,133,132,132,0.665319,4.021167
v5-A1-r3,83,16601,16599,16460,16460,16460,141,139,139,0.701215,4.043125
v5-A1-r3,84,16801,16801,16654,16654,16654,147,147,147,0.736015,4.010084
v5-A1-r3,85,17001,17001,16910,16846,16846,91,155,155,0.451347,3.989083
v5-A1-r3,86,17201,17201,17038,17038,17038,163,163,163,0.811287,3.989083
v5-A1-r3,87,17401,17401,17302,17264,17264,99,137,137,0.490395,3.968834
v5-A1-r3,88,17601,17601,17466,17449,17449,135,152,152,0.671291,3.94675
v5-A1-r3,89,17801,17801,17692,17666,17666,109,135,135,0.540619,3.94675
v5-A1-r3,90,18001,18000,17867,17821,17821,134,179,179,0.665438,3.969042
v5-A1-r3,91,18201,18201,18083,18083,18083,118,118,118,0.586134,3.96675
v5-A1-r3,92,18401,18401,18261,18277,18277,140,124,124,0.951345,4.021083
v5-A1-r3,93,18601,18601,18475,18475,18475,126,126,126,0.626073,3.968834
v5-A1-r3,94,18801,18800,18667,18667,18667,134,133,133,0.666423,3.995875
v5-A1-r3,95,19001,19000,18862,18862,18862,139,138,138,0.69154,4.021083
v5-A1-r3,96,19201,19200,19058,19058,19058,143,142,142,0.716531,3.995875
v5-A1-r3,97,19401,19401,19256,19256,19256,145,145,145,0.721433,4.055375
v5-A1-r3,98,19601,19601,19513,19448,19448,88,153,153,0.436616,4.005625
v5-A1-r3,99,19801,19801,19640,19640,19640,161,161,161,0.801478,3.940958
v5-A1-r3,100,20001,20001,19880,19837,19837,121,164,164,0.810665,3.94925
v5-A1-r3,101,20201,20201,20096,20047,20047,105,154,154,0.521632,3.964792
v5-A1-r3,102,20401,20401,20264,20252,20252,137,149,149,0.680648,3.934958
v5-A1-r3,103,20601,20601,20474,20470,20470,127,131,131,0.911648,3.952709
v5-A1-r3,104,20801,20801,20684,20654,20654,117,147,147,0.581461,3.972959
v5-A1-r3,105,21001,21001,20876,20876,20876,125,125,125,0.621587,3.952709
v5-A1-r3,106,21201,21201,21071,21071,21071,130,130,130,0.646696,3.944625
v5-A1-r3,107,21401,21401,21268,21268,21268,133,133,133,0.661697,3.87025
v5-A1-r3,108,21601,21600,21466,21466,21466,135,134,134,0.67174,3.892666
v5-A1-r3,109,21801,21800,21658,21658,21658,143,142,142,0.716731,3.958291
v5-A1-r3,110,22001,22001,21853,21853,21853,148,148,148,0.736125,3.974875
v5-A1-r3,111,22201,22201,22053,22053,22053,148,148,148,0.736221,4.011792
v5-A1-r3,112,22401,22401,22248,22248,22248,153,153,153,0.760797,3.9915
v5-A1-r3,113,22601,22601,22443,22443,22443,158,158,158,0.786805,4.011792
v5-A1-r3,114,22801,22801,22644,22644,22644,157,157,157,0.781703,3.982
v5-A1-r3,115,23001,23001,22841,22841,22841,160,160,160,0.811761,3.9915
v5-A1-r3,116,23201,23201,23037,23051,23051,164,150,150,0.816848,4.020708
v5-A1-r3,117,23401,23401,23297,23241,23241,104,160,160,0.516793,4.020708
v5-A1-r3,118,23601,23601,23494,23445,23445,107,156,156,0.531904,3.977291
v5-A1-r3,119,23801,23801,23648,23672,23672,153,129,129,0.806809,3.943625
v5-A1-r3,120,24000,24000,23878,23853,23853,122,147,147,0.616908,3.92375
v5-A1-r3,121,24000,24000,24000,24000,24000,0,0,0,0,3.92375
v5-A2-r1,0,0,0,0,0,0,0,0,0,0,
v5-A2-r1,1,200,200,64,64,64,136,136,136,0.679853,4.223625
v5-A2-r1,2,400,400,260,260,260,140,140,140,0.699847,4.223625
v5-A2-r1,3,600,600,503,449,449,97,151,151,0.75494,4.395834
v5-A2-r1,4,800,800,642,707,707,158,93,93,0.78957,4.338417
v5-A2-r1,5,1000,1000,881,835,835,119,165,165,0.593998,4.223625
v5-A2-r1,6,1201,1200,1060,1083,1083,141,117,117,0.705014,4.016208
v5-A2-r1,7,1400,1400,1286,1239,1239,114,161,161,0.569909,3.967042
v5-A2-r1,8,1601,1600,1480,1438,1438,121,162,162,0.600003,3.9135
v5-A2-r1,9,1800,1800,1675,1675,1675,125,125,125,0.624796,3.957875
v5-A2-r1,10,2001,2000,1870,1870,1870,131,130,130,0.64983,3.959583
v5-A2-r1,11,2201,2200,2063,2063,2063,138,137,137,0.685005,3.840125
v5-A2-r1,12,2401,2400,2257,2257,2257,144,143,143,0.714897,3.816542
v5-A2-r1,13,2600,2600,2454,2454,2454,146,146,146,0.73009,3.799125
v5-A2-r1,14,2801,2800,2646,2646,2646,155,154,154,0.775066,3.816542
v5-A2-r1,15,3000,3000,2841,2841,2841,159,159,159,0.795102,3.840125
v5-A2-r1,16,3200,3200,3103,3036,3036,97,164,164,0.485086,3.973375
v5-A2-r1,17,3400,3400,3230,3230,3230,170,170,170,0.849731,4.05725
v5-A2-r1,18,3601,3600,3473,3474,3474,128,126,126,0.855024,4.077666
v5-A2-r1,19,3801,3800,3668,3626,3647,133,174,153,0.660023,4.111791
v5-A2-r1,20,4001,4000,3887,3887,3887,114,113,113,0.564952,4.145834
v5-A2-r1,21,4201,4200,4080,4080,4080,121,120,120,0.600129,4.043417
v5-A2-r1,22,4400,4400,4281,4276,4276,119,124,124,0.594709,4.05725
v5-A2-r1,23,4601,4600,4479,4479,4479,122,121,121,0.604661,4.05725
v5-A2-r1,24,4801,4800,4673,4673,4673,128,127,127,0.635089,4.085208
v5-A2-r1,25,5001,5000,4869,4869,4869,132,131,131,0.654477,4.085208
v5-A2-r1,26,5201,5200,5068,5068,5068,133,132,132,0.660199,4.043625
v5-A2-r1,27,5401,5400,5266,5266,5266,135,134,134,0.669814,3.966083
v5-A2-r1,28,5601,5600,5458,5458,5458,143,142,142,0.710205,3.951375
v5-A2-r1,29,5800,5800,5656,5656,5656,144,144,144,0.724864,3.966083
v5-A2-r1,30,6001,6000,5849,5849,5849,152,151,151,0.75525,3.977125
v5-A2-r1,31,6201,6200,6044,5912,6044,157,288,156,0.779272,4.031083
v5-A2-r1,32,6401,6400,6302,5912,6237,99,488,163,0.490276,4.119042
v5-A2-r1,33,6601,6600,6434,5912,6434,167,688,166,0.835271,4.185
v5-A2-r1,34,6801,6800,6700,5912,6665,101,888,135,0.500198,4.241917
v5-A2-r1,35,7000,7000,6874,5912,6831,126,1088,169,0.630344,4.243791
v5-A2-r1,36,7201,7200,7066,5912,7068,135,1288,132,0.855222,4.259917
v5-A2-r1,37,7401,7400,7278,5912,7252,123,1488,148,0.610346,4.390333
v5-A2-r1,38,7601,7600,7480,5912,7453,121,1688,147,0.599957,4.393042
v5-A2-r1,39,7800,7800,7677,5912,7677,123,1888,123,0.615164,4.410417
v5-A2-r1,40,8000,8000,7878,5912,7878,122,2088,122,0.610384,4.4735
v5-A2-r1,41,8201,8200,8070,5912,8070,131,2288,130,0.650274,4.499375
v5-A2-r1,42,8401,8399,8266,5912,8266,135,2487,133,0.669779,4.4735
v5-A2-r1,43,8601,8600,8460,5912,8460,141,2688,140,0.700391,4.448666
v5-A2-r1,44,8801,8800,8655,5912,8655,146,2888,145,0.725417,4.422
v5-A2-r1,45,9001,9000,8851,5912,8851,150,3088,149,0.745339,4.49725
v5-A2-r1,46,9201,9200,9046,5912,9046,155,3288,154,0.770329,4.497875
v5-A2-r1,47,9401,9400,9240,5912,9240,161,3488,160,0.80046,4.495083
v5-A2-r1,48,9601,9600,9499,5912,9435,102,3688,165,0.509948,4.534167
v5-A2-r1,49,9801,9800,9673,5912,9671,128,3888,129,0.635447,4.539167
v5-A2-r1,50,10001,10000,9847,5912,9836,154,4088,164,0.765509,4.551917
v5-A2-r1,51,10201,10200,10083,5912,10083,118,4288,117,0.58551,4.572167
v5-A2-r1,52,10401,10400,10276,5912,10260,125,4488,140,0.620484,4.551917
v5-A2-r1,53,10601,10600,10473,5912,10473,128,4688,127,0.635087,4.593583
v5-A2-r1,54,10801,10800,10667,5912,10667,134,4888,133,0.665484,4.593583
v5-A2-r1,55,11001,11000,10862,5912,10862,139,5088,138,0.694821,4.502667
v5-A2-r1,56,11201,11200,11059,5912,11059,142,5288,141,0.709847,4.502667
v5-A2-r1,57,11401,11400,11256,5912,11256,145,5488,144,0.720521,4.506
v5-A2-r1,58,11601,11600,11451,5912,11451,150,5688,149,0.745554,4.490916
v5-A2-r1,59,11801,11800,11644,5912,11644,157,5888,156,0.779604,4.573417
v5-A2-r1,60,12001,12000,11880,5912,11839,121,6088,161,0.765613,4.550708
v5-A2-r1,61,12201,12200,12093,6040,12093,108,6160,107,0.535638,4.472333
v5-A2-r1,62,12401,12400,12271,7320,12287,130,5080,113,0.645443,4.550708
v5-A2-r1,63,12601,12600,12476,8434,12445,125,4166,155,0.910504,4.502667
v5-A2-r1,64,12801,12800,12679,9586,12679,122,3214,121,0.605422,4.424167
v5-A2-r1,65,13001,13000,12844,10866,12875,157,2134,125,0.780656,4.27775
v5-A2-r1,66,13201,13200,13075,12146,13075,126,1054,125,0.625645,4.14275
v5-A2-r1,67,13401,13400,13271,13271,13271,130,129,129,0.644689,4.119541
v5-A2-r1,68,13601,13600,13466,13466,13466,135,134,134,0.669758,4.130334
v5-A2-r1,69,13801,13800,13664,13664,13664,137,136,136,0.680664,4.02875
v5-A2-r1,70,14001,14000,13863,13863,13863,138,137,137,0.68571,3.911834
v5-A2-r1,71,14201,14200,14058,14058,14058,143,142,142,0.710729,4.027292
v5-A2-r1,72,14401,14400,14254,14254,14254,147,146,146,0.729756,3.993333
v5-A2-r1,73,14601,14600,14448,14448,14448,153,152,152,0.760751,3.932458
v5-A2-r1,74,14801,14800,14706,14640,14640,95,160,160,0.475749,3.953292
v5-A2-r1,75,15001,15000,14837,14837,14837,164,163,163,0.814798,3.993333
v5-A2-r1,76,15201,15200,15098,15059,15063,103,141,137,0.51567,3.993333
v5-A2-r1,77,15401,15400,15268,15230,15230,133,170,170,0.660719,4.047084
v5-A2-r1,78,15601,15600,15494,15447,15455,107,153,145,0.530832,3.984
v5-A2-r1,79,15801,15800,15656,15683,15683,145,117,117,0.78081,3.997
v5-A2-r1,80,16001,16000,15870,15839,15861,131,161,139,0.900508,4.016916
v5-A2-r1,81,16201,16200,16082,16069,16069,119,131,131,0.590729,3.971083
v5-A2-r1,82,16401,16400,16279,16253,16253,122,147,147,0.605818,3.957625
v5-A2-r1,83,16601,16600,16473,16473,16473,128,127,127,0.640833,3.9835
v5-A2-r1,84,16801,16800,16666,16666,16666,135,134,134,0.670812,3.976792
v5-A2-r1,85,17001,17000,16863,16863,16863,138,137,137,0.685693,3.956292
v5-A2-r1,86,17201,17200,17060,17060,17060,141,140,140,0.700774,3.95925
v5-A2-r1,87,17401,17400,17257,17257,17257,144,143,143,0.714952,3.909458
v5-A2-r1,88,17601,17600,17454,17454,17454,147,146,146,0.730898,3.95925
v5-A2-r1,89,17801,17800,17649,17649,17649,152,151,151,0.754948,3.980125
v5-A2-r1,90,18001,18000,17844,17844,17844,157,156,156,0.780241,3.98475
v5-A2-r1,91,18201,18200,18096,18036,18036,105,164,164,0.520942,3.98475
v5-A2-r1,92,18401,18400,18299,18259,18261,102,141,139,0.504994,3.973167
v5-A2-r1,93,18601,18600,18457,18492,18492,144,108,108,0.755743,4.00025
v5-A2-r1,94,18801,18800,18684,18664,18664,117,136,136,0.580967,4.065042
v5-A2-r1,95,19001,19000,18869,18816,18844,132,184,156,0.655773,4.049834
v5-A2-r1,96,19201,19200,19077,19077,19077,124,123,123,0.61519,4.100709
v5-A2-r1,97,19401,19401,19270,19270,19270,131,131,131,0.655224,4.12725
v5-A2-r1,98,19601,19600,19461,19461,19461,140,139,139,0.695739,4.087875
v5-A2-r1,99,19801,19800,19658,19658,19658,143,142,142,0.710266,4.062166
v5-A2-r1,100,20001,20000,19855,19855,19855,146,145,145,0.730961,4.075292
v5-A2-r1,101,20201,20200,20051,20051,20051,150,149,149,0.751041,4.109791
v5-A2-r1,102,20401,20401,20247,20247,20247,154,154,154,0.765118,4.100709
v5-A2-r1,103,20601,20601,20443,20443,20443,158,158,158,0.785369,4.075292
v5-A2-r1,104,20801,20801,20704,20642,20642,97,159,159,0.481007,4.062041
v5-A2-r1,105,21001,21000,20894,20851,20851,107,149,149,0.531059,4.062166
v5-A2-r1,106,21201,21201,21051,21089,21089,150,112,112,0.821023,3.9755
v5-A2-r1,107,21401,21401,21286,21286,21286,115,115,115,0.570221,3.932917
v5-A2-r1,108,21601,21600,21481,21476,21476,120,124,124,0.596188,3.91125
v5-A2-r1,109,21801,21801,21678,21678,21678,123,123,123,0.611062,3.892667
v5-A2-r1,110,22001,22001,21870,21870,21870,131,131,131,0.650859,3.863042
v5-A2-r1,111,22201,22201,22068,22068,22068,133,133,133,0.660872,3.836042
v5-A2-r1,112,22401,22401,22266,22266,22266,135,135,135,0.670975,3.862583
v5-A2-r1,113,22601,22600,22462,22462,22462,139,138,138,0.696088,3.932917
v5-A2-r1,114,22801,22800,22658,22658,22658,143,142,142,0.711243,3.953333
v5-A2-r1,115,23001,23001,22851,22851,22851,150,150,150,0.746209,4.019292
v5-A2-r1,116,23201,23200,23043,23043,23043,158,157,157,0.786107,4.023875
v5-A2-r1,117,23401,23401,23241,23241,23241,160,160,160,0.795932,4.09025
v5-A2-r1,118,23601,23601,23436,23436,23436,165,165,165,0.820943,4.09025
v5-A2-r1,119,23801,23800,23697,23633,23673,104,167,127,0.516256,4.040041
v5-A2-r1,120,24000,24000,23893,23850,23850,107,150,150,0.536256,4.030292
v5-A2-r1,121,24000,24000,24000,24000,24000,0,0,0,0,4.105292
v5-A2-r2,0,0,0,0,0,0,0,0,0,0,
v5-A2-r2,1,200,200,63,63,63,137,137,137,0.684781,4.513875
v5-A2-r2,2,400,400,260,260,260,140,140,140,0.69989,4.299291
v5-A2-r2,3,600,600,457,457,457,143,143,143,0.713963,4.169666
v5-A2-r2,4,801,800,651,651,651,150,149,149,0.743959,4.125667
v5-A2-r2,5,1000,1000,845,845,845,155,155,155,0.775,4.122416
v5-A2-r2,6,1200,1200,1105,1040,1040,95,160,160,0.475023,4.103083
v5-A2-r2,7,1400,1400,1235,1271,1274,165,129,126,0.824581,4.044
v5-A2-r2,8,1600,1600,1485,1451,1451,115,149,149,0.574589,4.004209
v5-A2-r2,9,1800,1800,1683,1683,1683,117,117,117,0.584638,4.051666
v5-A2-r2,10,2000,2000,1846,1881,1881,154,119,119,0.814353,4.056125
v5-A2-r2,11,2200,2200,2078,2042,2042,122,158,158,0.610067,3.972583
v5-A2-r2,12,2401,2400,2275,2275,2275,126,125,125,0.624645,3.943958
v5-A2-r2,13,2601,2600,2470,2470,2470,131,130,130,0.654999,3.922667
v5-A2-r2,14,2800,2800,2665,2665,2665,135,135,135,0.674666,3.922667
v5-A2-r2,15,3001,2999,2860,2860,2860,141,139,139,0.700126,3.880292
v5-A2-r2,16,3201,3200,3052,3052,3052,149,148,148,0.73997,3.9025
v5-A2-r2,17,3401,3400,3249,3249,3249,152,151,151,0.754215,3.921125
v5-A2-r2,18,3600,3600,3444,3444,3444,156,156,156,0.77915,3.881917
v5-A2-r2,19,3801,3800,3682,3641,3683,119,159,117,0.759484,3.860083
v5-A2-r2,20,4001,4000,3837,3837,3837,164,163,163,0.815053,3.880292
v5-A2-r2,21,4200,4200,4085,4051,4073,115,149,127,0.575193,3.979375
v5-A2-r2,22,4401,4400,4257,4233,4258,144,167,142,0.789943,3.96825
v5-A2-r2,23,4600,4600,4487,4448,4448,113,152,152,0.564677,3.920333
v5-A2-r2,24,4800,4800,4680,4680,4680,120,120,120,0.59995,3.966625
v5-A2-r2,25,5000,5000,4875,4875,4875,125,125,125,0.625139,3.979375
v5-A2-r2,26,5201,5200,5069,5069,5069,132,131,131,0.654474,3.914708
v5-A2-r2,27,5401,5400,5260,5260,5260,141,140,140,0.70014,3.966625
v5-A2-r2,28,5601,5600,5455,5455,5455,146,145,145,0.72514,3.920333
v5-A2-r2,29,5801,5800,5652,5652,5652,149,148,148,0.745162,4.008416
v5-A2-r2,30,6001,6000,5844,5844,5844,157,156,156,0.779277,4.008416
v5-A2-r2,31,6200,6200,6041,5911,6041,159,289,159,0.794464,3.999833
v5-A2-r2,32,6401,6400,6298,5911,6298,103,489,102,0.509423,4.084792
v5-A2-r2,33,6601,6600,6490,5911,6452,111,689,148,0.550101,4.121
v5-A2-r2,34,6801,6800,6652,5911,6655,149,889,145,0.740272,4.140417
v5-A2-r2,35,7001,7000,6882,5911,6882,119,1089,118,0.589378,4.168917
v5-A2-r2,36,7201,7200,7077,5911,7077,124,1289,123,0.614875,4.1555
v5-A2-r2,37,7401,7400,7271,5911,7271,130,1489,129,0.645307,4.167583
v5-A2-r2,38,7601,7600,7463,5911,7463,138,1689,137,0.684436,4.272292
v5-A2-r2,39,7801,7800,7657,5911,7657,144,1889,143,0.715029,4.335333
v5-A2-r2,40,8001,8000,7849,5911,7849,152,2089,151,0.75505,4.335333
v5-A2-r2,41,8201,8200,8045,5911,8045,156,2289,155,0.775336,4.328792
v5-A2-r2,42,8401,8400,8273,5911,8237,128,2489,163,0.815327,4.189834
v5-A2-r2,43,8601,8600,8471,5911,8437,130,2689,163,0.84536,4.176083
v5-A2-r2,44,8801,8800,8692,5911,8692,109,2889,108,0.540396,4.162667
v5-A2-r2,45,9001,9000,8880,5911,8847,121,3089,153,0.600035,4.162667
v5-A2-r2,46,9201,9200,9072,5911,9072,129,3289,128,0.640067,4.234417
v5-A2-r2,47,9401,9400,9268,5911,9268,133,3489,132,0.660334,4.272292
v5-A2-r2,48,9601,9600,9466,5911,9466,135,3689,134,0.670414,4.242917
v5-A2-r2,49,9801,9800,9665,5911,9665,136,3889,135,0.675338,4.214709
v5-A2-r2,50,10001,10000,9863,5911,9863,138,4089,137,0.685381,4.242917
v5-A2-r2,51,10201,10200,10057,5911,10057,144,4289,143,0.715506,4.251292
v5-A2-r2,52,10401,10400,10251,5911,10251,150,4489,149,0.745451,4.39675
v5-A2-r2,53,10601,10600,10470,5911,10482,131,4689,118,0.770524,4.406708
v5-A2-r2,54,10801,10800,10640,5911,10640,161,4889,160,0.800205,4.451666
v5-A2-r2,55,11001,11000,10898,5911,10856,103,5089,144,0.510499,4.490291
v5-A2-r2,56,11201,11200,11064,5911,11056,137,5289,144,0.679973,4.400583
v5-A2-r2,57,11401,11400,11289,5911,11247,112,5489,153,0.555582,4.437958
v5-A2-r2,58,11601,11600,11450,5911,11429,151,5689,171,0.82987,4.437958
v5-A2-r2,59,11801,11800,11686,5911,11686,115,5889,114,0.569842,4.397917
v5-A2-r2,60,12001,12000,11863,5911,11831,138,6089,169,0.68555,4.442917
v5-A2-r2,61,12201,12200,12078,6039,12078,123,6161,122,0.609642,4.464041
v5-A2-r2,62,12401,12400,12276,7319,12276,125,5081,124,0.620639,4.271875
v5-A2-r2,63,12601,12600,12472,8311,12472,129,4289,128,0.639983,4.109375
v5-A2-r2,64,12801,12800,12667,9591,12667,134,3209,133,0.665657,4.063917
v5-A2-r2,65,13001,13000,12863,10871,12863,138,2129,137,0.684711,4.052375
v5-A2-r2,66,13201,13200,13058,12151,13058,143,1049,142,0.710169,4.052375
v5-A2-r2,67,13401,13400,13255,13255,13255,146,145,145,0.725683,4.050334
v5-A2-r2,68,13601,13600,13449,13449,13449,152,151,151,0.759797,4.046333
v5-A2-r2,69,13801,13800,13685,13644,13644,116,156,156,0.730218,4.024958
v5-A2-r2,70,14001,14000,13838,13838,13838,163,162,162,0.810407,3.949583
v5-A2-r2,71,14201,14200,14035,14035,14035,166,165,165,0.825311,3.964333
v5-A2-r2,72,14401,14400,14301,14266,14270,100,134,130,0.495584,4.007417
v5-A2-r2,73,14601,14600,14429,14429,14450,172,171,150,0.854935,4.0405
v5-A2-r2,74,14801,14800,14677,14684,14687,124,116,113,0.865658,4.003459
v5-A2-r2,75,15001,15000,14861,14831,14834,140,169,166,0.695274,3.970125
v5-A2-r2,76,15201,15200,15085,15048,15048,116,152,152,0.575747,3.966834
v5-A2-r2,77,15401,15400,15255,15280,15280,146,120,120,0.725376,3.916708
v5-A2-r2,78,15601,15600,15473,15473,15473,128,127,127,0.639882,3.966541
v5-A2-r2,79,15801,15800,15668,15668,15668,133,132,132,0.660761,3.972417
v5-A2-r2,80,16001,16000,15861,15861,15861,140,139,139,0.695758,4.049625
v5-A2-r2,81,16201,16200,16056,16056,16056,145,144,144,0.719847,4.041166
v5-A2-r2,82,16401,16400,16255,16255,16255,146,145,145,0.725699,4.042625
v5-A2-r2,83,16601,16600,16446,16446,16446,155,154,154,0.770862,4.040125
v5-A2-r2,84,16801,16800,16707,16644,16644,94,156,156,0.464946,4.000584
v5-A2-r2,85,17001,17000,16887,16835,16835,114,165,165,0.565025,4.045541
v5-A2-r2,86,17201,17200,17067,17042,17051,134,158,149,0.680903,4.010416
v5-A2-r2,87,17401,17400,17249,17278,17278,152,122,122,0.795942,4.045125
v5-A2-r2,88,17601,17600,17483,17483,17483,118,117,117,0.590868,4.010416
v5-A2-r2,89,17801,17800,17678,17678,17678,123,122,122,0.615879,4.022875
v5-A2-r2,90,18001,18001,17872,17872,17872,129,129,129,0.639967,4.039042
v5-A2-r2,91,18201,18200,18065,18065,18065,136,135,135,0.675964,4.039042
v5-A2-r2,92,18401,18401,18259,18259,18259,142,142,142,0.705,4.039042
v5-A2-r2,93,18601,18600,18457,18457,18457,144,143,143,0.715924,4.022875
v5-A2-r2,94,18801,18800,18653,18653,18653,148,147,147,0.736008,4.057333
v5-A2-r2,95,19001,19000,18850,18850,18850,151,150,150,0.755949,4.057333
v5-A2-r2,96,19201,19200,19044,19044,19044,157,156,156,0.78522,4.077333
v5-A2-r2,97,19401,19400,19292,19239,19239,109,161,161,0.540069,4.075542
v5-A2-r2,98,19601,19600,19488,19435,19486,113,165,114,0.825726,4.096292
v5-A2-r2,99,19801,19801,19698,19630,19630,103,171,171,0.511651,4.075542
v5-A2-r2,100,20001,20001,19861,19840,19866,140,161,135,0.697572,4.037416
v5-A2-r2,101,20202,20201,20089,20073,20073,113,128,128,0.559628,4.038416
v5-A2-r2,102,20402,20402,20282,20237,20237,120,165,165,0.596416,4.024333
v5-A2-r2,103,20602,20602,20461,20482,20482,141,120,120,0.703801,4.062416
v5-A2-r2,104,20803,20803,20674,20674,20674,129,129,129,0.640397,3.972959
v5-A2-r2,105,21003,21003,20872,20872,20872,131,131,131,0.652042,3.948958
v5-A2-r2,106,21203,21203,21066,21066,21066,137,137,137,0.682922,3.978833
v5-A2-r2,107,21404,21403,21267,21267,21267,137,136,136,0.67965,3.978833
v5-A2-r2,108,21604,21603,21462,21462,21462,142,141,141,0.70584,3.931292
v5-A2-r2,109,21804,21803,21657,21657,21657,147,146,146,0.731364,4.016459
v5-A2-r2,110,22004,22004,21853,21853,21853,151,151,151,0.752504,3.986834
v5-A2-r2,111,22204,22204,22048,22048,22048,156,156,156,0.779042,4.024292
v5-A2-r2,112,22405,22404,22307,22285,22285,98,119,119,0.485382,4.015625
v5-A2-r2,113,22605,22605,22436,22475,22478,169,130,127,0.841011,4.039209
v5-A2-r2,114,22805,22805,22667,22690,22697,138,115,108,0.696943,4.076416
v5-A2-r2,115,23005,23005,22896,22867,22867,109,138,138,0.547569,4.053417
v5-A2-r2,116,23205,23205,23092,23070,23070,113,135,135,0.563543,4.094417
v5-A2-r2,117,23405,23405,23253,23289,23289,152,116,116,0.789248,4.109583
v5-A2-r2,118,23606,23605,23482,23482,23482,124,123,123,0.614274,4.136167
v5-A2-r2,119,23806,23805,23673,23673,23673,133,132,132,0.66561,4.047791
v5-A2-r2,120,24000,24000,23865,23865,23865,135,135,135,0.701215,4.026833
v5-A2-r2,121,24000,24000,24000,24000,24000,0,0,0,0,4.006417
v5-A2-r3,0,0,0,0,0,0,0,0,0,0,
v5-A2-r3,1,200,200,66,66,66,134,134,134,0.669797,4.014958
v5-A2-r3,2,400,400,260,260,260,140,140,140,0.699561,4.200125
v5-A2-r3,3,600,600,453,453,453,147,147,147,0.73489,4.200125
v5-A2-r3,4,801,800,648,648,648,153,152,152,0.759114,4.099625
v5-A2-r3,5,1001,1000,843,843,843,158,157,157,0.784975,4.100375
v5-A2-r3,6,1200,1200,1080,1091,1091,120,109,109,0.59963,4.0525
v5-A2-r3,7,1401,1400,1269,1253,1278,132,147,122,0.825029,4.073875
v5-A2-r3,8,1601,1600,1483,1439,1445,118,161,155,0.584995,4.119417
v5-A2-r3,9,1801,1800,1684,1684,1684,117,116,116,0.5799,4.0525
v5-A2-r3,10,2000,2000,1876,1858,1858,124,142,142,0.619927,4.099625
v5-A2-r3,11,2200,2200,2075,2075,2075,125,125,125,0.62484,4.130542
v5-A2-r3,12,2400,2400,2266,2266,2266,134,134,134,0.669147,4.103333
v5-A2-r3,13,2600,2600,2461,2461,2461,139,139,139,0.700129,4.110292
v5-A2-r3,14,2800,2800,2656,2656,2656,144,144,144,0.719165,4.130542
v5-A2-r3,15,3001,2999,2854,2854,2854,147,145,145,0.729315,4.09975
v5-A2-r3,16,3201,3200,3054,3054,3054,147,146,146,0.73019,4.185541
v5-A2-r3,17,3401,3400,3250,3250,3250,151,150,150,0.749885,4.158042
v5-A2-r3,18,3601,3600,3447,3447,3447,154,153,153,0.76522,4.125833
v5-A2-r3,19,3801,3800,3706,3639,3639,95,161,161,0.469501,4.214333
v5-A2-r3,20,4001,4000,3840,3840,3840,161,160,160,0.799956,4.214333
v5-A2-r3,21,4201,4200,4100,4036,4050,101,164,150,0.500088,4.125833
v5-A2-r3,22,4401,4400,4292,4239,4239,109,161,161,0.539345,4.229083
v5-A2-r3,23,4601,4600,4475,4433,4457,126,167,143,0.624933,4.154208
v5-A2-r3,24,4801,4800,4683,4683,4683,118,117,117,0.585092,4.154208
v5-A2-r3,25,5000,5000,4877,4851,4851,123,149,149,0.614384,4.23325
v5-A2-r3,26,5201,5200,5075,5075,5075,126,125,125,0.625309,4.147958
v5-A2-r3,27,5401,5400,5271,5271,5271,130,129,129,0.645233,4.203959
v5-A2-r3,28,5601,5600,5469,5469,5469,132,131,131,0.654506,4.213875
v5-A2-r3,29,5801,5800,5667,5667,5667,134,133,133,0.665395,4.199958
v5-A2-r3,30,6001,6000,5859,5859,5859,142,141,141,0.710441,4.23325
v5-A2-r3,31,6201,6200,6057,5926,6057,144,274,143,0.715044,4.239958
v5-A2-r3,32,6401,6400,6255,5926,6255,146,474,145,0.725416,4.231708
v5-A2-r3,33,6601,6600,6445,5926,6445,156,674,155,0.775176,4.237
v5-A2-r3,34,6801,6800,6640,5926,6640,161,874,160,0.800132,4.213875
v5-A2-r3,35,7001,7000,6900,5926,6837,101,1074,163,0.504719,4.207125
v5-A2-r3,36,7201,7200,7031,5926,7058,170,1274,142,0.845201,4.281292
v5-A2-r3,37,7401,7400,7293,5926,7233,108,1474,167,0.535548,4.281292
v5-A2-r3,38,7601,7600,7455,5926,7463,146,1674,137,0.725275,4.320292
v5-A2-r3,39,7801,7800,7684,5926,7664,117,1874,136,0.580603,4.441292
v5-A2-r3,40,8001,8000,7855,5926,7856,146,2074,144,0.725464,4.441292
v5-A2-r3,41,8201,8200,8078,5926,8078,123,2274,122,0.609989,4.462958
v5-A2-r3,42,8401,8400,8276,5926,8276,125,2474,124,0.620469,4.443833
v5-A2-r3,43,8601,8600,8474,5926,8474,127,2674,126,0.630043,4.462958
v5-A2-r3,44,8801,8800,8669,5926,8669,132,2874,131,0.655408,4.493042
v5-A2-r3,45,9001,9000,8864,5926,8864,137,3074,136,0.679761,4.462667
v5-A2-r3,46,9201,9200,9058,5926,9058,143,3274,142,0.714882,4.424375
v5-A2-r3,47,9401,9399,9252,5926,9252,149,3473,147,0.740162,4.462958
v5-A2-r3,48,9601,9600,9448,5926,9448,153,3674,152,0.760486,4.424375
v5-A2-r3,49,9801,9800,9645,5926,9645,156,3874,155,0.775683,4.338583
v5-A2-r3,50,10001,10000,9846,5926,9846,155,4074,154,0.770745,4.436
v5-A2-r3,51,10201,10200,10042,5926,10042,159,4274,158,0.790761,4.346416
v5-A2-r3,52,10401,10400,10304,5926,10239,97,4474,161,0.48081,4.459209
v5-A2-r3,53,10601,10600,10433,5926,10433,168,4674,167,0.834924,4.346416
v5-A2-r3,54,10801,10800,10695,5926,10643,106,4874,157,0.52549,4.459209
v5-A2-r3,55,11001,11000,10888,5926,10888,113,5074,112,0.560786,4.67875
v5-A2-r3,56,11201,11200,11054,5926,11047,147,5274,153,0.730774,4.71575
v5-A2-r3,57,11401,11400,11277,5926,11277,124,5474,123,0.615083,4.557125
v5-A2-r3,58,11601,11600,11475,5926,11475,126,5674,125,0.625936,4.67875
v5-A2-r3,59,11801,11800,11666,5926,11666,135,5874,134,0.67085,4.790084
v5-A2-r3,60,12001,12000,11862,5926,11862,139,6074,138,0.69087,4.827959
v5-A2-r3,61,12201,12200,12056,5927,12056,145,6273,144,0.720884,4.817459
v5-A2-r3,62,12401,12400,12250,7079,12250,151,5321,150,0.750894,4.711041
v5-A2-r3,63,12601,12600,12445,8359,12445,156,4241,155,0.776,4.699584
v5-A2-r3,64,12801,12800,12642,9639,12642,159,3161,158,0.790014,4.57475
v5-A2-r3,65,13001,13000,12892,10919,12838,109,2081,162,0.54027,4.399333
v5-A2-r3,66,13201,13201,13035,12199,13035,166,1002,166,0.825709,4.266959
v5-A2-r3,67,13401,13400,13296,13253,13253,105,147,147,0.525744,4.317208
v5-A2-r3,68,13601,13601,13476,13461,13461,125,140,140,0.660907,4.255916
v5-A2-r3,69,13801,13800,13686,13642,13677,115,158,123,0.570078,4.146375
v5-A2-r3,70,14001,14001,13881,13878,13878,120,123,123,0.59516,4.027375
v5-A2-r3,71,14201,14201,14075,14075,14075,126,126,126,0.626099,3.9795
v5-A2-r3,72,14401,14400,14269,14269,14269,132,131,131,0.656164,4.027375
v5-A2-r3,73,14601,14600,14465,14465,14465,136,135,135,0.675746,4.068417
v5-A2-r3,74,14801,14800,14666,14666,14666,135,134,134,0.671155,4.116583
v5-A2-r3,75,15001,15000,14859,14859,14859,142,141,141,0.710364,4.068417
v5-A2-r3,76,15201,15201,15057,15057,15057,144,144,144,0.715805,4.137375
v5-A2-r3,77,15401,15400,15253,15253,15253,148,147,147,0.741228,4.116583
v5-A2-r3,78,15601,15601,15502,15452,15452,99,149,149,0.491069,4.093125
v5-A2-r3,79,15801,15801,15644,15644,15644,157,157,157,0.785889,4.137375
v5-A2-r3,80,16001,16001,15847,15847,15847,154,154,154,0.766282,4.177292
v5-A2-r3,81,16201,16200,16044,16044,16044,157,156,156,0.781214,4.238833
v5-A2-r3,82,16401,16401,16242,16242,16242,159,159,159,0.791182,4.202041
v5-A2-r3,83,16601,16600,16501,16466,16481,100,134,119,0.496155,4.051458
v5-A2-r3,84,16801,16801,16666,16633,16633,135,168,168,0.716316,4.090166
v5-A2-r3,85,17001,17001,16830,16856,16858,171,145,143,0.851385,4.042667
v5-A2-r3,86,17201,17201,17085,17035,17068,116,166,133,0.576386,4.011709
v5-A2-r3,87,17401,17401,17286,17228,17228,115,173,173,0.571088,4.051458
v5-A2-r3,88,17601,17601,17486,17477,17477,115,124,124,0.570946,4.090166
v5-A2-r3,89,17801,17801,17657,17657,17657,144,144,144,0.716438,4.186041
v5-A2-r3,90,18001,18001,17881,17844,17864,120,157,137,0.601391,4.088917
v5-A2-r3,91,18201,18201,18079,18065,18065,122,136,136,0.605776,4.077208
v5-A2-r3,92,18401,18401,18275,18275,18275,126,126,126,0.630475,4.110708
v5-A2-r3,93,18601,18601,18471,18471,18471,130,130,130,0.645508,4.223917
v5-A2-r3,94,18801,18801,18669,18669,18669,132,132,132,0.656443,4.223917
v5-A2-r3,95,19001,19000,18863,18863,18863,138,137,137,0.68653,4.339375
v5-A2-r3,96,19201,19200,19058,19058,19058,143,142,142,0.711045,4.38225
v5-A2-r3,97,19401,19399,19254,19254,19254,147,145,145,0.730862,4.45625
v5-A2-r3,98,19601,19600,19453,19453,19453,148,147,147,0.740831,4.4305
v5-A2-r3,99,19801,19801,19650,19650,19650,151,151,151,0.75139,4.347041
v5-A2-r3,100,20001,20001,19906,19842,19842,95,159,159,0.471597,4.404875
v5-A2-r3,101,20201,20201,20037,20037,20037,164,164,164,0.815856,4.431208
v5-A2-r3,102,20401,20401,20295,20248,20249,106,153,152,0.531574,4.450834
v5-A2-r3,103,20601,20601,20458,20473,20473,143,128,128,0.711021,4.4305
v5-A2-r3,104,20801,20801,20685,20667,20676,116,134,125,0.576579,4.450834
v5-A2-r3,105,21001,21001,20877,20837,20837,124,164,164,0.616581,4.431208
v5-A2-r3,106,21201,21201,21073,21073,21073,128,128,128,0.63671,4.396292
v5-A2-r3,107,21401,21401,21270,21270,21270,131,131,131,0.651661,4.2035
v5-A2-r3,108,21601,21600,21461,21461,21461,140,139,139,0.701615,4.359083
v5-A2-r3,109,21801,21801,21658,21658,21658,143,143,143,0.711739,4.416583
v5-A2-r3,110,22001,22001,21859,21859,21859,142,142,142,0.706789,4.366291
v5-A2-r3,111,22201,22200,22053,22053,22053,148,147,147,0.736617,4.396292
v5-A2-r3,112,22401,22401,22249,22249,22249,152,152,152,0.761195,4.39675
v5-A2-r3,113,22601,22601,22446,22446,22446,155,155,155,0.776485,4.39675
v5-A2-r3,114,22801,22801,22706,22641,22641,95,160,160,0.471633,4.366125
v5-A2-r3,115,23001,23001,22839,22839,22839,162,162,162,0.806645,4.365875
v5-A2-r3,116,23201,23201,23081,23038,23038,120,163,163,0.730907,4.412459
v5-A2-r3,117,23401,23401,23266,23283,23299,135,118,102,0.701542,4.454
v5-A2-r3,118,23601,23601,23496,23458,23458,105,143,143,0.521076,4.418583
v5-A2-r3,119,23801,23801,23653,23648,23654,148,153,147,0.781583,4.412
v5-A2-r3,120,24000,24000,23884,23873,23873,116,127,127,0.58187,4.365875
v5-A2-r3,121,24000,24000,24000,24000,24000,0,0,0,0,4.332291
