kind,identity,transaction,wait_to_callback_ms
persist_callback,ff56f6c4a7308c44c2897c5c473adfc26c1776fab9761e348f4018269e514043,0,0.005
persist_callback,bc03d20d339e9641a040c0c832eadf8d068222a426e54fdb2a0a7647942c2382,1,0.006
persist_callback,9aa638538d7fe05b2b19a6ad6f9c6f54ecfe3ed1dd31fe7b4fd374d377645266,2,28.169
persist_callback,f47af54f1ddfcf1d8cafcd46f74c69be7a6aa0a62d5e2969b2aa0d5b3ccf4d18,3,78.974
persist_callback,d60c8bb3ef0f1e2b0ba510adafc5de3a76bcee7e01dc8cee0f5152aa6822654f,4,93.917
persist_callback,091f46d39c8d940128eb12745bd50efdd9eb78cba825f8f6f483f73785e06517,5,108.926
persist_callback,6b696bbed0c571a3ff0f53545c4f1e0cac2a83019c92e20b9d8dc491715a8644,6,124.329
persist_callback,37ca64ce19fe8a15dbecaf8d19c7eeea29f9ddd51f38a545179388cac11a2efc,7,137.346
persist_callback,50e59ad8a77ff280a70d7b2b804b8385fbd094f58ff1b50afa3c31eccb65bb4e,8,151.216
persist_callback,2229de93de78b68b44a5c7139a4829320538589a5143d924829ad7286616bb3e,9,164.153
persist_callback,7edc43b76ea5037016dc9566f5747283f5d657c28e007af88038d22dda9c1dcb,10,188.063
persist_callback,7379337f4ed2efd1b5ff088f515dd1d5a0fd2efa7c780a7baa1bea5a9fd3e88b,11,191.363
persist_callback,03981a93a3c9cdc794374cd0d4378cfea38f5a2be66a34eb708639a94620c116,12,199.378
persist_callback,643cca9a276fa3466636a7c836e4ab9f25a8e4e320dfbc72b835fd8d8c6a9121,13,218.429
persist_callback,9f5589ad3f42056b6246ab47eb384921ba89491f00640af85d3afc740f0907c5,14,242.405
persist_callback,1f95dd587b67b47dc5847bbcb078b4c2779b6e98e9b880e4beea35b445b022be,15,268.312
persist_callback,4aa53927c8bf00fe4e40edc8a32b998d227a70f87d43d8bee853841ea7be4401,16,282.311
persist_callback,f5853d768118a492d629aa56f39f0f852a243ba55be45073a498b22f26492de3,17,298.19
persist_callback,46aeb7c3fffb77381c82a54934419233f6d71943f42237d3fcab2409425a06a1,18,316.217
persist_callback,65d3dae43b1b94bcbe771580fd595d89a3538098aae8ac49af4526cd478a950c,19,335.136
persist_callback,09da700f09b2b91360971a354d08bd8a72779dab9f5985d2245be6bc4d1ad989,20,347.016
persist_callback,d5b266fddb9931e09aaa7f1c6355cd193ac9d56e4e13c23cc79bd8d8443dc285,21,358.936
persist_callback,13af61e5b5f03c964e49ec8e8f426faa7894bcfe98b6433aec0bcb795636dc73,22,369.961
persist_callback,977b21209df2c5f2669c332b0aef6d6d9594765d3cd1c32cf2f34745daa184e2,23,381.929
persist_callback,59ddb7adefca55a42d1c6826fc9044efeb6c44bd9cfc71389a76741a228eb768,24,395.968
persist_callback,cd18efeca8e851568e73b33fecd2e2a50768bc903e36d07b13291d4d1c35186f,25,406.861
persist_callback,7f1a57a1bab17656c1ccade552b9ec486ecbd4a925bb666ed03bb39f551aa74b,26,421.805
persist_callback,11e135078c979c87c3f32fc77743077f62b027af3cca8e993351f994141b0feb,27,435.836
persist_callback,f2fadfcefd2875d8ce9cb38de1c7039de8b1c7056c215fcef08d860390321adf,28,447.729
persist_callback,b1787999b77cf638ece4975423fa574721665749284e9890da91c706295fbe36,29,482.742
persist_callback,8aa03847fe442e081aa47effb7ee4c40258e1e004311b4553ddcab7b55e82389,30,512.687
persist_callback,bab21a94103b0c4a54284be46a52ffa2a375774b733e791fc0c6c3b107a5f16b,31,507.628
persist_callback,48039f6192e0a158445ffaf420b89352e7c11aea4adfe778da5a822eb764a316,32,531.444
persist_callback,b3a8489132a719dff65a48719e2c722ffc0629cb56371e094efd129c6ff44368,33,554.403
persist_callback,4826b94d7167b53740eed9599bd14b26471c6f0b5c3b4ff52e8033b82f9a8d89,34,570.371
persist_callback,784f02030215a28c7c24a23a8a729c82c1995bb4696b6ddfb63988f40412d042,35,585.323
persist_callback,257ca7bad1173af25633ab2b33df2e7b1c17c1a799d885dd6f74269e804b77b9,36,604.329
persist_callback,1a2dbc02dc005b5cb6f14ce7daddc6ee5313bce90368e3641cd8015573042dc9,37,620.306
persist_callback,7023c8dc2e2aa908ed2aef622b684717aec45e472fce79089c5490e36af41f26,38,635.273
persist_callback,746caab2011b43431a863eb4c6f4c5982120a9e52ded040ada2d6d0bc270d369,39,649.171
persist_callback,64cbdfb323d903d17c5340ebfb657c45392fbf8cb8191a037589e4c81f5a6fcf,40,665.181
persist_callback,0834610987bde8237ae8b7d48faa9fa076830763d60f7b0b0870e934e1d06ba7,41,692.304
persist_callback,4e2160b6d6dfec52be00b0770c2c9755d73b5274cf9583cedf18176390667f1d,42,712.087
persist_callback,a8c9144d5a0022a0da7a2c3522203279248b9bd0a96917aa4b39a567f290787e,43,731.959
persist_callback,41f57f7608ae5bb4bdda7777ce99749820d3b43c40a25789a38eb93b7c98a5b0,44,754.926
persist_callback,0ca5e7e93a26360e012d9f6eda5c67cbff23b8987e19e6215181c2e7a2fd49c9,45,768.806
persist_callback,3b5569d843daba953111d32974d7b40e1ec74a3536a355b5f78a545db08d02e5,46,784.823
persist_callback,31515c68521f8c04dda4d439b1309f82619ce944caad553fef213e48f719dd97,47,798.368
persist_callback,b27961739e51a4d4c71eba05ff18c96c3c367d8fb80d53dd178769812f7c084f,48,809.603
persist_callback,d6eb55a41289baba1173ed0a7804e09748a0928ca72f486cb838bfe97742ef1a,49,821.603
persist_callback,dd84210b0248d89527d9cf215d31fd254b099d1f721dea7cf6dca3e27a67fa3f,50,832.709
persist_callback,4494582e69fa9797a0a59c8dc7490dfee34bb2469d15a5f2311ee41a3b1956ef,51,840.56
persist_callback,2d4e5ff4e8bc4d6126f4c82b4450ac8c9d9285ad7c27c47c54718b70f8a020a0,52,848.529
persist_callback,90dfaf202dc490b5ff86a36c1833b68e0e6f1232c75df920c8e784ed74a6bdad,53,856.541
persist_callback,8f58aa42a09186f1884031bf3ced0c4b76c8eb8483b572612df0f07ef1fb6fe0,54,864.519
persist_callback,e2df0f7bfae9ee1eb3627afc37481ce427bb228a9f4b7323439978a97a64ddcf,55,872.4
persist_callback,1347033c756cb108288cb49953c15e3bf459c30451751f1d0710c619bbebf1ea,56,880.39
persist_callback,f46116dd1fd0e0dfb821bed42fbb47f55e659f78ec492bdac698e72d2173181f,57,888.346
persist_callback,e4f4c99666abcd337c5886374f20ef3b3ae083c8fb9ce258284b61293b0799b4,58,896.33
persist_callback,99c32b06c5462e5ffd8ab054801dd34d54c45f379ab873d70c7a50288c45d519,59,904.327
persist_callback,c4d6cc713709129498e594096fa66257c3e91fc4a52c415c8f0007d78917416a,60,912.325
persist_callback,b055862351dce16819ebc312d0eb551568445068f9740c55d6d38e38f94577d8,61,920.127
persist_callback,ab499d7b317004c01f0e74c1179f542d728751c432cd72c3462251f73d113c3b,62,928.149
persist_callback,5089cfe27261b59f8e4e5b329630eb9451dc1e7d7382b6c959a41e175f4b3c1d,63,946.057
relay_callback,ff56f6c4a7308c44c2897c5c473adfc26c1776fab9761e348f4018269e514043,64,944.615
relay_callback,bc03d20d339e9641a040c0c832eadf8d068222a426e54fdb2a0a7647942c2382,65,944.699
follow_update_started,1,66,816.668
persist_callback,db20d6fe3cbb89baeeaab8862b2fa097f6a4be2db4fb4efe5b557759683d3086,67,63.525
persist_callback,ea292544bb2a9e96c2ce665899be1ae27ca1e4dcea68ca1efc51e7866dbd35b0,68,32.438
follow_update_started,2,69,15.22
follow_update_started,3,70,0.002
relay_callback,091f46d39c8d940128eb12745bd50efdd9eb78cba825f8f6f483f73785e06517,71,0.003
relay_callback,0834610987bde8237ae8b7d48faa9fa076830763d60f7b0b0870e934e1d06ba7,72,21.678
relay_callback,03981a93a3c9cdc794374cd0d4378cfea38f5a2be66a34eb708639a94620c116,73,34.56
relay_callback,09da700f09b2b91360971a354d08bd8a72779dab9f5985d2245be6bc4d1ad989,74,46.51
relay_callback,11e135078c979c87c3f32fc77743077f62b027af3cca8e993351f994141b0feb,75,0.004
relay_callback,1347033c756cb108288cb49953c15e3bf459c30451751f1d0710c619bbebf1ea,76,14.694
relay_callback,13af61e5b5f03c964e49ec8e8f426faa7894bcfe98b6433aec0bcb795636dc73,77,22.887
relay_callback,0ca5e7e93a26360e012d9f6eda5c67cbff23b8987e19e6215181c2e7a2fd49c9,78,54.276
follow_update_started,4,79,55.922
relay_callback,2229de93de78b68b44a5c7139a4829320538589a5143d924829ad7286616bb3e,80,0.006
relay_callback,1a2dbc02dc005b5cb6f14ce7daddc6ee5313bce90368e3641cd8015573042dc9,81,28.5
relay_callback,1f95dd587b67b47dc5847bbcb078b4c2779b6e98e9b880e4beea35b445b022be,82,54.229
relay_callback,257ca7bad1173af25633ab2b33df2e7b1c17c1a799d885dd6f74269e804b77b9,83,70.238
relay_callback,31515c68521f8c04dda4d439b1309f82619ce944caad553fef213e48f719dd97,84,0.004
relay_callback,3b5569d843daba953111d32974d7b40e1ec74a3536a355b5f78a545db08d02e5,85,10.579
relay_callback,2d4e5ff4e8bc4d6126f4c82b4450ac8c9d9285ad7c27c47c54718b70f8a020a0,86,24.882
relay_callback,37ca64ce19fe8a15dbecaf8d19c7eeea29f9ddd51f38a545179388cac11a2efc,87,39.206
relay_callback,48039f6192e0a158445ffaf420b89352e7c11aea4adfe778da5a822eb764a316,88,0.004
relay_callback,4494582e69fa9797a0a59c8dc7490dfee34bb2469d15a5f2311ee41a3b1956ef,89,25.281
relay_callback,41f57f7608ae5bb4bdda7777ce99749820d3b43c40a25789a38eb93b7c98a5b0,90,79.665
relay_callback,46aeb7c3fffb77381c82a54934419233f6d71943f42237d3fcab2409425a06a1,91,98.936
follow_update_started,5,92,97.838
persist_callback,f3f2a6976b3e58e9da06765075cd2e095a95360e653fc5498dfd4d323374ee69,93,9.364
relay_callback,4aa53927c8bf00fe4e40edc8a32b998d227a70f87d43d8bee853841ea7be4401,94,0.004
relay_callback,4e2160b6d6dfec52be00b0770c2c9755d73b5274cf9583cedf18176390667f1d,95,16.133
relay_callback,5089cfe27261b59f8e4e5b329630eb9451dc1e7d7382b6c959a41e175f4b3c1d,96,33.522
relay_callback,4826b94d7167b53740eed9599bd14b26471c6f0b5c3b4ff52e8033b82f9a8d89,97,49.866
relay_callback,59ddb7adefca55a42d1c6826fc9044efeb6c44bd9cfc71389a76741a228eb768,98,0.003
relay_callback,50e59ad8a77ff280a70d7b2b804b8385fbd094f58ff1b50afa3c31eccb65bb4e,99,18.866
relay_callback,643cca9a276fa3466636a7c836e4ab9f25a8e4e320dfbc72b835fd8d8c6a9121,100,51.42
relay_callback,64cbdfb323d903d17c5340ebfb657c45392fbf8cb8191a037589e4c81f5a6fcf,101,70.631
relay_callback,6b696bbed0c571a3ff0f53545c4f1e0cac2a83019c92e20b9d8dc491715a8644,102,0.005
relay_callback,65d3dae43b1b94bcbe771580fd595d89a3538098aae8ac49af4526cd478a950c,103,11.713
relay_callback,7379337f4ed2efd1b5ff088f515dd1d5a0fd2efa7c780a7baa1bea5a9fd3e88b,104,26.692
relay_callback,7023c8dc2e2aa908ed2aef622b684717aec45e472fce79089c5490e36af41f26,105,65.689
follow_update_started,6,106,67.59
relay_callback,746caab2011b43431a863eb4c6f4c5982120a9e52ded040ada2d6d0bc270d369,107,0.005
relay_callback,7f1a57a1bab17656c1ccade552b9ec486ecbd4a925bb666ed03bb39f551aa74b,108,33.45
persist_callback,e66151cb30f41e0ed3b8d22a2c147b6bd4a2b9400b8003fcf489e05878abe1ac,109,47.37
relay_callback,7edc43b76ea5037016dc9566f5747283f5d657c28e007af88038d22dda9c1dcb,110,66.574
relay_callback,784f02030215a28c7c24a23a8a729c82c1995bb4696b6ddfb63988f40412d042,111,90.402
persist_callback,6bc31cc26e05a19ecdad39048ac2482e47bc86e364def19586a2953099a8bfed,112,41.575
persist_callback,4c07b394f84e523ce06f0f8490eebcebe35eafc80d7d5dbc953cc131c76e54ff,113,62.46
persist_callback,c293cb681f6785dff1f91ffcfed12b5f27ae2a50fb17f64f0ac62638d6d0136d,114,96.43
persist_callback,b6f1c614bf013c2432c7ca806a10d792ae87a38355b7cd7d207f16ac3d964bde,115,116.435
persist_callback,b289f3099c0da30d5faec07a954d47c73804b22f819689f02fc9b06900db0a1d,116,133.35
persist_callback,4b715c8cbb0e73a81144ff55a5a7433774953d318eb8ca0bd33ab323f52f52df,117,149.202
persist_callback,3fcc6e7374c0c900f6d299457a77e92486da99e4430bf94fa6f255278644f340,118,163.226
persist_callback,1329c2c2ebdf0cf5e6078422ada017578f5c92f85816367061a02b127ac180ef,119,182.193
persist_callback,de0ae0c6b2f3f00f98e20f2b97b1a2c42231beb31180255c5cdf62b5c0c3e93c,120,197.082
persist_callback,ab5b4d9618cd6d7e2b0262d52269852208d62743cfbcc75c1f59caa5cf11eb11,121,215.109
relay_callback,977b21209df2c5f2669c332b0aef6d6d9594765d3cd1c32cf2f34745daa184e2,122,140.598
relay_callback,90dfaf202dc490b5ff86a36c1833b68e0e6f1232c75df920c8e784ed74a6bdad,123,164.56
relay_callback,8aa03847fe442e081aa47effb7ee4c40258e1e004311b4553ddcab7b55e82389,124,199.402
relay_callback,8f58aa42a09186f1884031bf3ced0c4b76c8eb8483b572612df0f07ef1fb6fe0,125,229.461
follow_update_started,7,126,93.489
persist_callback,c84a875b1fb29a16705e38d06b84535563e1d35318c98c6b9fd0e6bc51a04b38,127,42.31
persist_callback,832f202472ecf8f599ef937703c713c161e478bca47fac894108545fb2a56c66,128,35.336
persist_callback,65cdcef8382a686f45a0372964cb9850ce2391360922c59c169cd617675ac520,129,50.463
persist_callback,0f73ac7c55f94e837a262f085ec2ecdfe2f24858cbbfd3875044630993d5e01a,130,74.458
relay_callback,99c32b06c5462e5ffd8ab054801dd34d54c45f379ab873d70c7a50288c45d519,131,4.698
relay_callback,9f5589ad3f42056b6246ab47eb384921ba89491f00640af85d3afc740f0907c5,132,19.642
relay_callback,a8c9144d5a0022a0da7a2c3522203279248b9bd0a96917aa4b39a567f290787e,133,38.614
relay_callback,9aa638538d7fe05b2b19a6ad6f9c6f54ecfe3ed1dd31fe7b4fd374d377645266,134,55.319
relay_callback,b27961739e51a4d4c71eba05ff18c96c3c367d8fb80d53dd178769812f7c084f,135,0.004
relay_callback,b055862351dce16819ebc312d0eb551568445068f9740c55d6d38e38f94577d8,136,16.358
relay_callback,b1787999b77cf638ece4975423fa574721665749284e9890da91c706295fbe36,137,32.375
relay_callback,ab499d7b317004c01f0e74c1179f542d728751c432cd72c3462251f73d113c3b,138,48.316
follow_update_started,8,139,0.004
relay_callback,b6f1c614bf013c2432c7ca806a10d792ae87a38355b7cd7d207f16ac3d964bde,140,0.004
relay_callback,b3a8489132a719dff65a48719e2c722ffc0629cb56371e094efd129c6ff44368,141,35.576
relay_callback,bab21a94103b0c4a54284be46a52ffa2a375774b733e791fc0c6c3b107a5f16b,142,70.866
relay_callback,b289f3099c0da30d5faec07a954d47c73804b22f819689f02fc9b06900db0a1d,143,121.595
persist_callback,51a4efc5015a69b12fb5c5f4316b4f02716a19ce4222ed192a54d8fcce811dd9,144,32.675
persist_callback,b51e85b27c582072570947e4be15bb4bc9552c051b129ced1a634b141787333b,145,47.96
persist_callback,e8fa2cf2cb455b5a54607b5111e963e295198635f503bd542c7475f074cf99d3,146,75.42
persist_callback,5b4b46fb659243af6350f62ed841172595b5a496b8dd68012dfac88d0b3e99a2,147,103.435
persist_callback,64ae66fb5489f4032bc6b82d1e8b2875b72952c7c715a28e754d93eed00e3240,148,118.285
persist_callback,6d85e25a6fa42fb069ffb3be44a8294d33e32dcf11570eb55d295e112e72e6bc,149,130.179
persist_callback,bb637cdee0cc1a13be315792b6be068c00379937a48c4fe4430bf0f2ae3ffe97,150,142.143
persist_callback,46cfd021ad54768454cf59f9b18905221fea54eafd7a5995ec79959500bfe546,151,152.011
persist_callback,e2d9e8899aba4c81b0fae212194e11b0a02bd794dd7a58eb8556039bf9254829,152,170.98
persist_callback,a19070372bb6c5ae1f94356d584b711a955b5be47996d2c6dd3674735b57612b,153,187.97
persist_callback,398bae33278d087f2a5ce9e01e5007bf330c0bf8f591980d1f6e88fa2809ef4c,154,184.26
persist_callback,8702d6e3151a8f859dd8f72784b51b38b5106330a9c1a8a903ea5b1898cd1547,155,202.167
persist_callback,bc20c5b425134d793a5474114e2936830250adb17ae26cef351e1e6685be4521,156,220.098
persist_callback,dfdab1a32af128220b036b48c3c8c31003200bd9d671693068e1ab2bd18aa8d9,157,204.764
persist_callback,a33ee07d543978a928f7f20df34aeb3cf404091215cd8eaa45d9e9ee57727fde,158,222.119
persist_callback,d2e02dd0ef4200e9e06da3ef6d7319692c08606ccf9f5cfc72d9130c8926c4dc,159,253.833
relay_callback,c4d6cc713709129498e594096fa66257c3e91fc4a52c415c8f0007d78917416a,160,271.532
relay_callback,cd18efeca8e851568e73b33fecd2e2a50768bc903e36d07b13291d4d1c35186f,161,244.767
relay_callback,c293cb681f6785dff1f91ffcfed12b5f27ae2a50fb17f64f0ac62638d6d0136d,162,273.964
relay_callback,c84a875b1fb29a16705e38d06b84535563e1d35318c98c6b9fd0e6bc51a04b38,163,300.26
follow_update_started,9,164,181.053
persist_callback,5d32b296fbbe51ba530e599504e10036788d75f486ef62111e26e0efb9373ea6,165,140.496
persist_callback,2be46c8d24a27cc53b5bd36b0a67ccfc69c58c697fc5d33338f0daf9dab583bf,166,115.513
relay_callback,d5b266fddb9931e09aaa7f1c6355cd193ac9d56e4e13c23cc79bd8d8443dc285,167,22.326
relay_callback,d60c8bb3ef0f1e2b0ba510adafc5de3a76bcee7e01dc8cee0f5152aa6822654f,168,41.325
relay_callback,db20d6fe3cbb89baeeaab8862b2fa097f6a4be2db4fb4efe5b557759683d3086,169,56.776
relay_callback,d6eb55a41289baba1173ed0a7804e09748a0928ca72f486cb838bfe97742ef1a,170,67.084
relay_callback,dd84210b0248d89527d9cf215d31fd254b099d1f721dea7cf6dca3e27a67fa3f,171,0.004
relay_callback,e2df0f7bfae9ee1eb3627afc37481ce427bb228a9f4b7323439978a97a64ddcf,172,9.949
relay_callback,de0ae0c6b2f3f00f98e20f2b97b1a2c42231beb31180255c5cdf62b5c0c3e93c,173,24.292
relay_callback,e4f4c99666abcd337c5886374f20ef3b3ae083c8fb9ce258284b61293b0799b4,174,55.699
follow_update_started,10,175,79.257
relay_callback,f2fadfcefd2875d8ce9cb38de1c7039de8b1c7056c215fcef08d860390321adf,176,0.004
relay_callback,e66151cb30f41e0ed3b8d22a2c147b6bd4a2b9400b8003fcf489e05878abe1ac,177,24.557
relay_callback,e8fa2cf2cb455b5a54607b5111e963e295198635f503bd542c7475f074cf99d3,178,42.589
relay_callback,ea292544bb2a9e96c2ce665899be1ae27ca1e4dcea68ca1efc51e7866dbd35b0,179,63.544
relay_callback,f5853d768118a492d629aa56f39f0f852a243ba55be45073a498b22f26492de3,180,0.004
relay_callback,f47af54f1ddfcf1d8cafcd46f74c69be7a6aa0a62d5e2969b2aa0d5b3ccf4d18,181,10.837
relay_callback,f3f2a6976b3e58e9da06765075cd2e095a95360e653fc5498dfd4d323374ee69,182,28.212
relay_callback,f46116dd1fd0e0dfb821bed42fbb47f55e659f78ec492bdac698e72d2173181f,183,45.574
follow_update_started,11,184,0.005
relay_callback,398bae33278d087f2a5ce9e01e5007bf330c0bf8f591980d1f6e88fa2809ef4c,185,0.008
relay_callback,2be46c8d24a27cc53b5bd36b0a67ccfc69c58c697fc5d33338f0daf9dab583bf,186,16.139
relay_callback,0f73ac7c55f94e837a262f085ec2ecdfe2f24858cbbfd3875044630993d5e01a,187,27.478
relay_callback,1329c2c2ebdf0cf5e6078422ada017578f5c92f85816367061a02b127ac180ef,188,41.854
relay_callback,4b715c8cbb0e73a81144ff55a5a7433774953d318eb8ca0bd33ab323f52f52df,189,0.003
relay_callback,46cfd021ad54768454cf59f9b18905221fea54eafd7a5995ec79959500bfe546,190,4.355
relay_callback,3fcc6e7374c0c900f6d299457a77e92486da99e4430bf94fa6f255278644f340,191,20.766
relay_callback,4c07b394f84e523ce06f0f8490eebcebe35eafc80d7d5dbc953cc131c76e54ff,192,40.0
relay_callback,64ae66fb5489f4032bc6b82d1e8b2875b72952c7c715a28e754d93eed00e3240,193,0.007
relay_callback,5d32b296fbbe51ba530e599504e10036788d75f486ef62111e26e0efb9373ea6,194,14.821
relay_callback,5b4b46fb659243af6350f62ed841172595b5a496b8dd68012dfac88d0b3e99a2,195,21.17
relay_callback,51a4efc5015a69b12fb5c5f4316b4f02716a19ce4222ed192a54d8fcce811dd9,196,31.489
follow_update_started,12,197,20.987
relay_callback,832f202472ecf8f599ef937703c713c161e478bca47fac894108545fb2a56c66,198,0.004
relay_callback,65cdcef8382a686f45a0372964cb9850ce2391360922c59c169cd617675ac520,199,15.353
relay_callback,6d85e25a6fa42fb069ffb3be44a8294d33e32dcf11570eb55d295e112e72e6bc,200,33.624
relay_callback,6bc31cc26e05a19ecdad39048ac2482e47bc86e364def19586a2953099a8bfed,201,54.999
relay_callback,a33ee07d543978a928f7f20df34aeb3cf404091215cd8eaa45d9e9ee57727fde,202,0.004
relay_callback,a19070372bb6c5ae1f94356d584b711a955b5be47996d2c6dd3674735b57612b,203,17.288
relay_callback,8702d6e3151a8f859dd8f72784b51b38b5106330a9c1a8a903ea5b1898cd1547,204,40.601
relay_callback,ab5b4d9618cd6d7e2b0262d52269852208d62743cfbcc75c1f59caa5cf11eb11,205,54.972
relay_callback,d2e02dd0ef4200e9e06da3ef6d7319692c08606ccf9f5cfc72d9130c8926c4dc,206,0.004
relay_callback,bc20c5b425134d793a5474114e2936830250adb17ae26cef351e1e6685be4521,207,24.039
relay_callback,b51e85b27c582072570947e4be15bb4bc9552c051b129ced1a634b141787333b,208,40.334
relay_callback,bb637cdee0cc1a13be315792b6be068c00379937a48c4fe4430bf0f2ae3ffe97,209,59.671
follow_update_started,13,210,39.862
relay_callback,e8fa2cf2cb455b5a54607b5111e963e295198635f503bd542c7475f074cf99d3,211,24.801
relay_callback,e66151cb30f41e0ed3b8d22a2c147b6bd4a2b9400b8003fcf489e05878abe1ac,212,0.003
relay_callback,dfdab1a32af128220b036b48c3c8c31003200bd9d671693068e1ab2bd18aa8d9,213,0.002
relay_callback,e2d9e8899aba4c81b0fae212194e11b0a02bd794dd7a58eb8556039bf9254829,214,17.846
relay_callback,f46116dd1fd0e0dfb821bed42fbb47f55e659f78ec492bdac698e72d2173181f,215,0.006
relay_callback,f3f2a6976b3e58e9da06765075cd2e095a95360e653fc5498dfd4d323374ee69,216,0.003
relay_callback,ea292544bb2a9e96c2ce665899be1ae27ca1e4dcea68ca1efc51e7866dbd35b0,217,0.003
relay_callback,f2fadfcefd2875d8ce9cb38de1c7039de8b1c7056c215fcef08d860390321adf,218,0.002
relay_callback,398bae33278d087f2a5ce9e01e5007bf330c0bf8f591980d1f6e88fa2809ef4c,219,0.004
relay_callback,1329c2c2ebdf0cf5e6078422ada017578f5c92f85816367061a02b127ac180ef,220,0.014
relay_callback,2be46c8d24a27cc53b5bd36b0a67ccfc69c58c697fc5d33338f0daf9dab583bf,221,0.003
relay_callback,0f73ac7c55f94e837a262f085ec2ecdfe2f24858cbbfd3875044630993d5e01a,222,0.005
relay_callback,4c07b394f84e523ce06f0f8490eebcebe35eafc80d7d5dbc953cc131c76e54ff,223,0.001
relay_callback,46cfd021ad54768454cf59f9b18905221fea54eafd7a5995ec79959500bfe546,224,0.012
relay_callback,4b715c8cbb0e73a81144ff55a5a7433774953d318eb8ca0bd33ab323f52f52df,225,0.02
relay_callback,3fcc6e7374c0c900f6d299457a77e92486da99e4430bf94fa6f255278644f340,226,0.019
relay_callback,64ae66fb5489f4032bc6b82d1e8b2875b72952c7c715a28e754d93eed00e3240,227,0.001
relay_callback,5d32b296fbbe51ba530e599504e10036788d75f486ef62111e26e0efb9373ea6,228,0.002
relay_callback,5b4b46fb659243af6350f62ed841172595b5a496b8dd68012dfac88d0b3e99a2,229,0.017
relay_callback,51a4efc5015a69b12fb5c5f4316b4f02716a19ce4222ed192a54d8fcce811dd9,230,0.004
relay_callback,65cdcef8382a686f45a0372964cb9850ce2391360922c59c169cd617675ac520,231,0.004
relay_callback,6bc31cc26e05a19ecdad39048ac2482e47bc86e364def19586a2953099a8bfed,232,0.003
relay_callback,6d85e25a6fa42fb069ffb3be44a8294d33e32dcf11570eb55d295e112e72e6bc,233,0.021
relay_callback,832f202472ecf8f599ef937703c713c161e478bca47fac894108545fb2a56c66,234,0.002
follow_update_started,14,235,0.004
relay_callback,ab5b4d9618cd6d7e2b0262d52269852208d62743cfbcc75c1f59caa5cf11eb11,236,1.101
relay_callback,a19070372bb6c5ae1f94356d584b711a955b5be47996d2c6dd3674735b57612b,237,1.12
relay_callback,a33ee07d543978a928f7f20df34aeb3cf404091215cd8eaa45d9e9ee57727fde,238,1.13
relay_callback,8702d6e3151a8f859dd8f72784b51b38b5106330a9c1a8a903ea5b1898cd1547,239,1.136
relay_callback,d2e02dd0ef4200e9e06da3ef6d7319692c08606ccf9f5cfc72d9130c8926c4dc,240,0.001
relay_callback,bb637cdee0cc1a13be315792b6be068c00379937a48c4fe4430bf0f2ae3ffe97,241,0.005
relay_callback,bc20c5b425134d793a5474114e2936830250adb17ae26cef351e1e6685be4521,242,0.03
relay_callback,b51e85b27c582072570947e4be15bb4bc9552c051b129ced1a634b141787333b,243,0.036
relay_callback,dfdab1a32af128220b036b48c3c8c31003200bd9d671693068e1ab2bd18aa8d9,244,0.002
relay_callback,e2d9e8899aba4c81b0fae212194e11b0a02bd794dd7a58eb8556039bf9254829,245,0.014
follow_update_started,15,246,0.014
relay_callback,dfdab1a32af128220b036b48c3c8c31003200bd9d671693068e1ab2bd18aa8d9,247,0.004
relay_callback,e2d9e8899aba4c81b0fae212194e11b0a02bd794dd7a58eb8556039bf9254829,248,0.023
follow_update_started,16,249,0.004
