case,second,sent,ready_pending,gate_waiting,public_pending,members_pending,oldest_members_s
v3-1000-A-1,0,0,0,0,0,0,0
v3-1000-A-1,1,1000,1,0,813,925,0.999659
v3-1000-A-1,2,2000,1,0,1682,1925,1.999659
v3-1000-A-1,3,3000,1,0,2682,2925,2.999659
v3-1000-A-1,4,4000,1,0,2775,2789,2.788816
v3-1000-A-1,5,5000,1,0,2496,2510,2.82991
v3-1000-A-1,6,6000,1,0,2344,2358,3.82991
v3-1000-A-1,7,7001,2,0,2065,2079,4.82991
v3-1000-A-1,8,8000,1,0,1912,1926,5.82991
v3-1000-A-1,9,9000,1,0,1632,1646,6.82991
v3-1000-A-1,10,10000,1,0,1352,1366,7.82991
v3-1000-A-1,11,11001,6,0,1201,1206,8.82991
v3-1000-A-1,12,12001,2,0,921,1019,9.82991
v3-1000-A-1,13,13000,1,0,871,1528,10.82991
v3-1000-A-1,14,14001,2,0,1579,2462,11.82991
v3-1000-A-1,15,15001,2,0,2579,3033,12.82991
v3-1000-A-1,16,16001,2,0,3186,3430,3.948851
v3-1000-A-1,17,17001,2,0,3034,3104,3.102995
v3-1000-A-1,18,18000,1,0,2753,2913,2.912997
v3-1000-A-1,19,19001,2,0,2474,2672,2.670901
v3-1000-A-1,20,20001,2,0,2322,2392,2.390933
v3-1000-A-1,21,21001,2,0,2042,2240,2.238607
v3-1000-A-1,22,22001,2,0,1890,1960,1.95906
v3-1000-A-1,23,23000,1,0,1609,1807,1.807014
v3-1000-A-1,24,24001,2,0,1331,1529,2.502611
v3-1000-A-1,25,25001,2,0,1051,1377,3.502611
v3-1000-A-1,26,26001,1,0,899,1242,4.502611
v3-1000-A-1,27,27001,2,0,772,1755,5.502611
v3-1000-A-1,28,28001,2,0,1590,2755,6.502611
v3-1000-A-1,29,29001,2,0,2590,3112,7.502611
v3-1000-A-1,30,30000,1,0,2945,3048,8.502611
v3-1000-A-1,31,30000,0,0,1665,1846,2.846061
v3-1000-A-1,32,30000,0,0,513,566,2.566194
v3-1000-A-1,33,30000,0,0,0,0,0
v3-1000-A-2,0,0,0,0,0,0,0
v3-1000-A-2,1,1000,1,0,828,937,0.999675
v3-1000-A-2,2,2000,6,0,1707,1937,1.999675
v3-1000-A-2,3,3000,9,0,2707,2936,2.999675
v3-1000-A-2,4,4001,4,0,2672,2894,2.89242
v3-1000-A-2,5,5000,7,0,2391,2613,2.613016
v3-1000-A-2,6,6000,1,0,2239,2333,2.332809
v3-1000-A-2,7,7000,1,0,1959,2181,2.180728
v3-1000-A-2,8,8001,2,0,1680,1902,1.900956
v3-1000-A-2,9,9001,5,0,1528,1750,1.748996
v3-1000-A-2,10,10001,2,0,1248,1470,1.469038
v3-1000-A-2,11,11000,1,0,967,1463,2.358998
v3-1000-A-2,12,12001,4,0,816,2018,3.358998
v3-1000-A-2,13,13000,3,0,1074,3017,4.358998
v3-1000-A-2,14,14000,1,0,2014,3421,3.570629
v3-1000-A-2,15,15001,2,0,3015,3243,3.241747
v3-1000-A-2,16,16001,2,0,2978,3177,3.680048
v3-1000-A-2,17,17001,2,0,2698,2979,3.53742
v3-1000-A-2,18,18001,2,0,2546,2699,4.53742
v3-1000-A-2,19,19001,2,0,2266,2547,5.53742
v3-1000-A-2,20,20000,1,0,2113,2266,6.53742
v3-1000-A-2,21,21001,2,0,1834,2115,7.53742
v3-1000-A-2,22,22001,2,0,1554,1835,8.53742
v3-1000-A-2,23,23001,2,0,1274,1683,9.53742
v3-1000-A-2,24,24001,2,0,1122,1531,10.53742
v3-1000-A-2,25,25001,2,0,842,1498,11.53742
v3-1000-A-2,26,26001,2,0,960,2324,12.53742
v3-1000-A-2,27,27001,1,0,1712,3041,3.214052
v3-1000-A-2,28,28001,2,0,2712,3056,3.64915
v3-1000-A-2,29,29001,2,0,3303,3344,4.320097
v3-1000-A-2,30,30000,1,0,3022,2968,3.320101
v3-1000-A-2,31,30000,0,0,1870,1609,3.510225
v3-1000-A-2,32,30000,0,0,590,327,2.327233
v3-1000-A-2,33,30000,0,0,0,0,0
v3-1000-A-3,0,0,0,0,0,0,0
v3-1000-A-3,1,1000,4,0,839,948,0.998981
v3-1000-A-3,2,2000,4,0,1729,1947,1.998981
v3-1000-A-3,3,3000,7,0,2729,2841,2.998981
v3-1000-A-3,4,4000,4,0,2683,2893,2.892035
v3-1000-A-3,5,5000,6,0,2404,2741,2.740849
v3-1000-A-3,6,6000,1,0,2124,2462,3.653925
v3-1000-A-3,7,7000,2,0,1973,2183,4.653925
v3-1000-A-3,8,8000,1,0,1693,2031,5.653925
v3-1000-A-3,9,9000,1,0,1413,1751,6.653925
v3-1000-A-3,10,10000,1,0,1134,1599,7.653925
v3-1000-A-3,11,11000,1,0,983,1340,8.653925
v3-1000-A-3,12,12000,1,0,741,1813,9.653925
v3-1000-A-3,13,13000,6,0,1285,2754,10.653925
v3-1000-A-3,14,14000,2,0,2285,3346,11.653925
v3-1000-A-3,15,15000,3,0,3006,3483,12.653925
v3-1000-A-3,16,16000,7,0,2854,3203,13.653925
v3-1000-A-3,17,17000,2,0,2574,3046,3.045931
v3-1000-A-3,18,18000,3,0,2294,2894,2.8937
v3-1000-A-3,19,19000,1,0,2142,2614,2.613938
v3-1000-A-3,20,20000,6,0,1862,2334,2.333951
v3-1000-A-3,21,21000,4,0,1582,2182,2.18197
v3-1000-A-3,22,22000,4,0,1430,1902,1.90118
v3-1000-A-3,23,23000,3,0,1150,1750,1.749891
v3-1000-A-3,24,24000,2,0,998,1470,1.469895
v3-1000-A-3,25,25000,4,0,755,1368,1.694837
v3-1000-A-3,26,26000,5,0,1135,1775,2.694837
v3-1000-A-3,27,27000,3,0,2135,2774,3.694837
v3-1000-A-3,28,28000,1,0,3114,2852,3.019859
v3-1000-A-3,29,29000,1,0,2962,3280,3.662959
v3-1000-A-3,30,30000,1,0,2682,3166,3.687839
v3-1000-A-3,31,30000,0,0,1402,1858,2.857781
v3-1000-A-3,32,30000,0,0,122,578,2.577986
v3-1000-A-3,33,30000,0,0,0,0,0
v3-1000-B-1,0,0,0,0,0,0,0
v3-1000-B-1,1,734,64,63,629,640,0.999611
v3-1000-B-1,2,1402,63,54,480,525,1.033687
v3-1000-B-1,3,2066,64,57,576,503,0.743927
v3-1000-B-1,4,2705,64,64,598,511,0.786494
v3-1000-B-1,5,3356,64,64,575,541,0.832751
v3-1000-B-1,6,4015,64,63,800,537,0.825617
v3-1000-B-1,7,4675,64,63,609,607,0.926197
v3-1000-B-1,8,5329,64,64,639,714,1.13854
v3-1000-B-1,9,5992,64,64,459,769,1.165866
v3-1000-B-1,10,6656,64,64,508,776,1.226413
v3-1000-B-1,11,7325,64,61,456,780,1.230246
v3-1000-B-1,12,7988,64,63,578,706,1.231897
v3-1000-B-1,13,8655,64,63,642,734,1.275007
v3-1000-B-1,14,9320,64,64,704,585,0.979311
v3-1000-B-1,15,9990,63,62,643,660,0.989853
v3-1000-B-1,16,10649,64,63,632,763,1.148412
v3-1000-B-1,17,11319,64,61,500,685,1.020072
v3-1000-B-1,18,11983,63,63,498,772,1.157815
v3-1000-B-1,19,12644,64,59,473,830,1.325374
v3-1000-B-1,20,13315,63,63,516,700,1.048476
v3-1000-B-1,21,13964,64,64,572,686,1.071001
v3-1000-B-1,22,14630,64,64,661,729,1.089253
v3-1000-B-1,23,15272,64,62,669,736,1.333114
v3-1000-B-1,24,15940,64,62,699,642,1.137483
v3-1000-B-1,25,16606,64,64,669,632,1.136946
v3-1000-B-1,26,17271,64,62,455,686,1.157218
v3-1000-B-1,27,17947,64,63,471,661,0.978934
v3-1000-B-1,28,18606,64,64,559,683,1.190551
v3-1000-B-1,29,19276,64,64,660,715,1.195397
v3-1000-B-1,30,19940,63,61,731,740,1.197968
v3-1000-B-1,31,19940,0,0,0,0,0
v3-1000-B-2,0,0,0,0,0,0,0
v3-1000-B-2,1,739,63,63,594,600,0.99963
v3-1000-B-2,2,1399,63,61,475,475,0.71208
v3-1000-B-2,3,2050,64,63,476,515,0.782503
v3-1000-B-2,4,2718,63,60,578,623,0.914139
v3-1000-B-2,5,3391,63,59,672,747,1.394286
v3-1000-B-2,6,4064,64,64,667,805,1.434581
v3-1000-B-2,7,4739,64,63,721,896,1.439492
v3-1000-B-2,8,5395,64,61,668,731,2.059512
v3-1000-B-2,9,6053,64,62,582,687,3.059512
v3-1000-B-2,10,6709,64,63,530,526,2.428559
v3-1000-B-2,11,7388,64,63,559,633,3.428559
v3-1000-B-2,12,8066,64,61,680,571,1.193318
v3-1000-B-2,13,8739,64,63,685,729,1.078555
v3-1000-B-2,14,9397,64,63,701,800,1.211538
v3-1000-B-2,15,10076,64,63,471,693,2.164397
v3-1000-B-2,16,10754,64,61,440,652,3.164397
v3-1000-B-2,17,11420,64,63,535,740,1.258727
v3-1000-B-2,18,12099,64,64,721,748,1.298475
v3-1000-B-2,19,12764,64,62,747,671,1.008842
v3-1000-B-2,20,13446,64,64,447,815,1.262661
v3-1000-B-2,21,14113,64,64,465,766,1.314202
v3-1000-B-2,22,14792,63,63,650,728,1.343502
v3-1000-B-2,23,15472,63,62,733,770,1.22726
v3-1000-B-2,24,16130,64,59,729,658,1.053124
v3-1000-B-2,25,16811,64,61,593,721,1.067267
v3-1000-B-2,26,17493,64,62,515,780,1.383598
v3-1000-B-2,27,18167,63,59,551,783,1.429848
v3-1000-B-2,28,18835,64,59,714,774,1.341728
v3-1000-B-2,29,19509,64,63,840,786,1.437747
v3-1000-B-2,30,20171,64,62,527,629,1.121981
v3-1000-B-2,31,20171,0,0,0,0,0
v3-1000-B-3,0,0,0,0,0,0,0
v3-1000-B-3,1,740,64,61,601,608,0.998954
v3-1000-B-3,2,1404,64,57,467,467,0.703718
v3-1000-B-3,3,2066,63,62,570,507,0.753984
v3-1000-B-3,4,2735,64,62,728,564,0.827755
v3-1000-B-3,5,3372,64,60,701,519,0.803356
v3-1000-B-3,6,4037,64,62,602,707,1.091008
v3-1000-B-3,7,4704,64,64,577,844,1.416584
v3-1000-B-3,8,5382,64,63,436,762,1.16675
v3-1000-B-3,9,6048,64,64,521,704,1.180829
v3-1000-B-3,10,6721,64,64,690,665,1.190151
v3-1000-B-3,11,7397,64,63,805,559,0.896989
v3-1000-B-3,12,8058,64,64,549,549,0.990781
v3-1000-B-3,13,8734,64,62,603,678,1.990781
v3-1000-B-3,14,9408,64,64,497,845,2.990781
v3-1000-B-3,15,10084,64,63,576,765,1.273575
v3-1000-B-3,16,10752,63,58,530,626,0.982522
v3-1000-B-3,17,11421,64,63,758,677,1.333434
v3-1000-B-3,18,12095,64,59,786,576,1.003759
v3-1000-B-3,19,12751,64,64,473,701,1.056966
v3-1000-B-3,20,13418,64,64,511,703,1.327169
v3-1000-B-3,21,14095,63,58,520,750,1.356807
v3-1000-B-3,22,14753,63,61,508,700,1.059606
v3-1000-B-3,23,15414,63,63,690,787,1.38771
v3-1000-B-3,24,16080,62,59,740,643,1.06979
v3-1000-B-3,25,16753,63,62,776,667,1.082037
v3-1000-B-3,26,17417,63,61,596,583,1.177535
v3-1000-B-3,27,18097,64,54,526,685,2.177535
v3-1000-B-3,28,18761,64,63,598,736,1.210035
v3-1000-B-3,29,19437,64,64,683,760,1.133802
v3-1000-B-3,30,20108,64,64,700,839,1.47399
v3-1000-B-3,31,20108,0,0,0,0,0
v3-200-A-1,0,0,0,0,0,0,0
v3-200-A-1,1,200,1,0,133,133,0.664571
v3-200-A-1,2,400,1,0,141,141,0.704201
v3-200-A-1,3,600,0,0,145,145,0.725007
v3-200-A-1,4,800,0,0,153,153,0.764072
v3-200-A-1,5,1000,0,0,115,96,0.479844
v3-200-A-1,6,1200,0,0,141,128,0.639072
v3-200-A-1,7,1400,0,0,114,115,0.874803
v3-200-A-1,8,1601,1,0,120,120,0.595017
v3-200-A-1,9,1800,0,0,124,124,0.619131
v3-200-A-1,10,2000,1,0,132,132,0.660054
v3-200-A-1,11,2201,1,0,140,140,0.694984
v3-200-A-1,12,2401,1,0,147,147,0.729305
v3-200-A-1,13,2601,1,0,155,155,0.769186
v3-200-A-1,14,2801,1,0,156,156,0.775094
v3-200-A-1,15,3001,2,0,156,156,0.775
v3-200-A-1,16,3201,1,0,157,157,0.779234
v3-200-A-1,17,3401,1,0,119,98,0.484231
v3-200-A-1,18,3601,1,0,99,126,0.625052
v3-200-A-1,19,3801,1,0,113,108,0.534227
v3-200-A-1,20,4001,1,0,115,147,0.729776
v3-200-A-1,21,4201,1,0,119,166,0.909412
v3-200-A-1,22,4401,1,0,128,137,0.680079
v3-200-A-1,23,4601,1,0,125,125,0.619368
v3-200-A-1,24,4801,1,0,131,131,0.650145
v3-200-A-1,25,5001,1,0,135,135,0.670137
v3-200-A-1,26,5201,1,0,140,140,0.695028
v3-200-A-1,27,5401,1,0,143,143,0.71016
v3-200-A-1,28,5601,1,0,144,144,0.714275
v3-200-A-1,29,5801,2,0,146,146,0.725192
v3-200-A-1,30,6000,0,0,153,153,0.765189
v3-200-A-1,31,6000,0,0,0,0,0
v3-200-A-2,0,0,0,0,0,0,0
v3-200-A-2,1,200,0,0,136,136,0.679609
v3-200-A-2,2,400,1,0,142,142,0.708642
v3-200-A-2,3,600,0,0,146,146,0.727954
v3-200-A-2,4,800,0,0,154,154,0.766347
v3-200-A-2,5,1000,1,0,157,157,0.781117
v3-200-A-2,6,1199,0,0,95,100,0.499919
v3-200-A-2,7,1399,0,0,168,168,0.840162
v3-200-A-2,8,1599,0,0,119,131,0.858959
v3-200-A-2,9,1799,0,0,133,128,0.884036
v3-200-A-2,10,1999,0,0,118,142,0.707595
v3-200-A-2,11,2199,0,0,123,123,0.612041
v3-200-A-2,12,2399,0,0,121,121,0.602461
v3-200-A-2,13,2599,0,0,126,126,0.627068
v3-200-A-2,14,2799,1,0,127,127,0.631473
v3-200-A-2,15,2999,1,0,134,134,0.666277
v3-200-A-2,16,3199,1,0,143,143,0.715905
v3-200-A-2,17,3399,1,0,151,151,0.750589
v3-200-A-2,18,3598,0,0,159,144,0.770298
v3-200-A-2,19,3798,0,0,123,122,0.609985
v3-200-A-2,20,3998,0,0,102,124,0.754743
v3-200-A-2,21,4198,0,0,125,148,0.739302
v3-200-A-2,22,4398,0,0,117,171,0.908391
v3-200-A-2,23,4598,0,0,123,123,0.613827
v3-200-A-2,24,4798,0,0,128,128,0.638714
v3-200-A-2,25,4998,0,0,123,123,0.617788
v3-200-A-2,26,5198,0,0,128,128,0.6384
v3-200-A-2,27,5398,0,0,133,133,0.663194
v3-200-A-2,28,5598,0,0,139,139,0.69296
v3-200-A-2,29,5798,1,0,144,144,0.717027
v3-200-A-2,30,5998,0,0,147,147,0.731894
v3-200-A-2,31,6000,0,0,0,0,0
v3-200-A-3,0,0,0,0,0,0,0
v3-200-A-3,1,200,0,0,135,135,0.674958
v3-200-A-3,2,400,0,0,142,142,0.714469
v3-200-A-3,3,600,0,0,145,145,0.729575
v3-200-A-3,4,800,0,0,154,154,0.769586
v3-200-A-3,5,1000,0,0,98,98,0.489014
v3-200-A-3,6,1200,0,0,119,107,0.839907
v3-200-A-3,7,1400,0,0,114,122,0.609914
v3-200-A-3,8,1600,0,0,118,187,0.934756
v3-200-A-3,9,1800,0,0,127,127,0.634048
v3-200-A-3,10,2000,0,0,135,135,0.679904
v3-200-A-3,11,2200,0,0,138,138,0.689037
v3-200-A-3,12,2400,0,0,147,147,0.734044
v3-200-A-3,13,2600,0,0,151,151,0.754862
v3-200-A-3,14,2800,0,0,117,157,0.784255
v3-200-A-3,15,3000,0,0,162,162,0.809046
v3-200-A-3,16,3200,0,0,103,158,0.829882
v3-200-A-3,17,3400,0,0,142,135,0.674763
v3-200-A-3,18,3600,0,0,108,159,0.794898
v3-200-A-3,19,3800,0,0,151,116,0.579778
v3-200-A-3,20,4000,0,0,125,166,0.904675
v3-200-A-3,21,4200,0,0,130,130,0.649961
v3-200-A-3,22,4400,0,0,131,131,0.654706
v3-200-A-3,23,4600,0,0,133,133,0.664637
v3-200-A-3,24,4800,0,0,138,138,0.689765
v3-200-A-3,25,5000,0,0,148,148,0.73995
v3-200-A-3,26,5200,0,0,151,151,0.754877
v3-200-A-3,27,5400,0,0,157,157,0.784878
v3-200-A-3,28,5600,0,0,103,159,0.794956
v3-200-A-3,29,5800,0,0,107,170,0.859017
v3-200-A-3,30,6000,0,0,148,139,0.874732
v3-200-A-3,31,6000,0,0,0,0,0
v3-200-B-1,0,0,0,0,0,0,0
v3-200-B-1,1,200,0,0,137,137,0.684603
v3-200-B-1,2,400,0,0,146,146,0.72922
v3-200-B-1,3,600,0,0,153,154,0.769263
v3-200-B-1,4,800,0,0,156,89,0.444247
v3-200-B-1,5,1001,1,0,98,110,0.544259
v3-200-B-1,6,1201,1,0,136,104,0.514992
v3-200-B-1,7,1401,1,0,111,112,0.554446
v3-200-B-1,8,1601,1,0,130,135,0.66938
v3-200-B-1,9,1800,0,0,123,123,0.615004
v3-200-B-1,10,2000,0,0,126,126,0.629868
v3-200-B-1,11,2201,2,0,135,135,0.670006
v3-200-B-1,12,2401,1,0,143,143,0.709499
v3-200-B-1,13,2601,2,1,149,149,0.740059
v3-200-B-1,14,2801,1,0,152,152,0.754383
v3-200-B-1,15,3001,1,0,162,162,0.805023
v3-200-B-1,16,3201,1,0,163,127,0.80949
v3-200-B-1,17,3401,1,0,111,131,0.650039
v3-200-B-1,18,3601,1,0,108,108,0.534854
v3-200-B-1,19,3801,1,0,133,117,0.579752
v3-200-B-1,20,4001,1,0,127,138,0.685089
v3-200-B-1,21,4201,1,0,118,128,0.909661
v3-200-B-1,22,4401,1,0,124,124,0.615179
v3-200-B-1,23,4601,1,0,133,133,0.660202
v3-200-B-1,24,4801,1,0,139,139,0.690023
v3-200-B-1,25,5001,2,0,142,142,0.704994
v3-200-B-1,26,5201,1,0,152,88,0.434931
v3-200-B-1,27,5401,1,0,157,157,0.78003
v3-200-B-1,28,5601,1,0,120,162,0.805196
v3-200-B-1,29,5801,1,0,102,167,0.830208
v3-200-B-1,30,6000,0,0,105,108,0.539982
v3-200-B-1,31,6000,0,0,0,0,0
v3-200-B-2,0,0,0,0,0,0,0
v3-200-B-2,1,200,0,0,137,137,0.68928
v3-200-B-2,2,400,0,0,144,144,0.724896
v3-200-B-2,3,600,0,0,153,153,0.764733
v3-200-B-2,4,800,1,1,152,152,0.759924
v3-200-B-2,5,1000,0,0,153,153,0.769249
v3-200-B-2,6,1200,0,0,144,120,0.769249
v3-200-B-2,7,1400,0,0,96,136,0.684979
v3-200-B-2,8,1601,1,0,162,162,0.80498
v3-200-B-2,9,1801,1,0,104,167,0.829497
v3-200-B-2,10,2001,1,0,125,143,0.725069
v3-200-B-2,11,2200,0,0,118,118,0.589502
v3-200-B-2,12,2401,1,0,125,125,0.619322
v3-200-B-2,13,2600,0,0,131,131,0.655024
v3-200-B-2,14,2801,1,0,135,135,0.669348
v3-200-B-2,15,3001,2,1,138,138,0.684818
v3-200-B-2,16,3201,1,0,142,142,0.705049
v3-200-B-2,17,3401,2,1,144,144,0.719339
v3-200-B-2,18,3601,1,0,148,148,0.734554
v3-200-B-2,19,3801,1,0,154,154,0.765092
v3-200-B-2,20,4001,1,0,155,155,0.77012
v3-200-B-2,21,4201,1,0,124,162,0.805166
v3-200-B-2,22,4401,1,0,121,165,0.819919
v3-200-B-2,23,4601,1,0,167,167,0.830096
v3-200-B-2,24,4801,1,0,106,171,0.850105
v3-200-B-2,25,5001,1,0,110,128,0.864433
v3-200-B-2,26,5201,1,0,126,117,0.579923
v3-200-B-2,27,5401,1,0,137,121,0.600114
v3-200-B-2,28,5601,1,0,125,125,0.620149
v3-200-B-2,29,5801,1,0,129,129,0.639492
v3-200-B-2,30,6000,1,0,133,133,0.664485
v3-200-B-2,31,6000,0,0,0,0,0
v3-200-B-3,0,0,0,0,0,0,0
v3-200-B-3,1,200,0,0,137,137,0.684958
v3-200-B-3,2,400,0,0,142,142,0.709196
v3-200-B-3,3,600,0,0,149,149,0.744194
v3-200-B-3,4,800,0,0,118,156,0.779953
v3-200-B-3,5,1000,0,0,160,110,0.799865
v3-200-B-3,6,1200,0,0,125,137,0.684825
v3-200-B-3,7,1400,0,0,143,165,0.824945
v3-200-B-3,8,1600,0,0,113,116,0.579225
v3-200-B-3,9,1800,0,0,118,162,0.924962
v3-200-B-3,10,2000,0,0,127,127,0.634494
v3-200-B-3,11,2200,0,0,131,131,0.654245
v3-200-B-3,12,2400,0,0,137,137,0.689834
v3-200-B-3,13,2600,0,0,145,145,0.724883
v3-200-B-3,14,2800,0,0,147,147,0.734384
v3-200-B-3,15,3000,0,0,152,152,0.759342
v3-200-B-3,16,3200,0,0,155,155,0.774937
v3-200-B-3,17,3400,0,0,117,159,0.799935
v3-200-B-3,18,3600,0,0,167,101,0.834925
v3-200-B-3,19,3800,0,0,117,137,0.839325
v3-200-B-3,20,4000,0,0,121,138,0.859809
v3-200-B-3,21,4200,0,0,112,156,0.779828
v3-200-B-3,22,4400,0,0,145,128,0.639866
v3-200-B-3,23,4600,0,0,120,169,0.844942
v3-200-B-3,24,4800,0,0,125,125,0.624991
v3-200-B-3,25,5000,0,0,127,127,0.634307
v3-200-B-3,26,5200,0,0,132,132,0.664952
v3-200-B-3,27,5400,0,0,139,139,0.699956
v3-200-B-3,28,5600,0,0,143,143,0.714941
v3-200-B-3,29,5800,0,0,149,149,0.744895
v3-200-B-3,30,6000,0,0,154,154,0.769939
v3-200-B-3,31,6000,0,0,0,0,0
v3-cal-A-1,0,0,0,0,0,0,0
v3-cal-A-1,1,100,0,0,25,25,0.624121
v3-cal-A-1,2,100,0,0,0,0,0
v3-cal-A-2,0,0,0,0,0,0,0
v3-cal-A-2,1,100,0,0,34,34,0.669727
v3-cal-A-2,2,100,0,0,0,0,0
v3-cal-A-3,0,0,0,0,0,0,0
v3-cal-A-3,1,100,0,0,30,30,0.654599
v3-cal-A-3,2,100,0,0,0,0,0
v3-cal-direct-1,0,0,0,0,0,0,0
v3-cal-direct-1,1,100,0,0,38,38,0.689067
v3-cal-direct-1,2,100,0,0,0,0,0
v3-cal-direct-2,0,0,0,0,0,0,0
v3-cal-direct-2,1,100,0,0,29,29,0.644891
v3-cal-direct-2,2,100,0,0,0,0,0
v3-cal-direct-3,0,0,0,0,0,0,0
v3-cal-direct-3,1,100,0,0,35,35,0.679468
v3-cal-direct-3,2,100,0,0,0,0,0
v3-chain-A-1,0,1,1,0,1,1,0.0
v3-chain-A-1,1,100,0,0,0,0,0
v3-chain-A-2,0,1,1,0,1,1,0.0
v3-chain-A-2,1,100,0,0,0,0,0
v3-chain-A-3,0,1,1,0,1,1,0.0
v3-chain-A-3,1,100,0,0,0,0,0
v3-chain-B-1,0,1,1,0,1,1,0.0
v3-chain-B-1,1,100,0,0,0,0,0
v3-chain-B-2,0,1,1,0,1,1,0.0
v3-chain-B-2,1,100,0,0,0,0,0
v3-chain-B-3,0,1,1,0,1,1,0.0
v3-chain-B-3,1,100,0,0,0,0,0
